2026-09-19T22:08:32: mosquitto version 2.1.2 starting
2026-09-19T22:08:32: Config loaded from /mosquitto/config/mosquitto.conf.
2026-09-19T22:08:32: Bridge support available.
2026-09-19T22:08:32: Persistence support available.
2026-09-19T22:08:32: TLS support available.
2026-09-19T22:08:32: TLS-PSK support available.
2026-09-19T22:08:32: Websockets support available.
2026-09-19T22:08:32: Opening ipv4 listen socket on port 8883.
2026-09-19T22:08:32: Opening ipv6 listen socket on port 8883.
2026-09-19T22:08:32: mosquitto version 2.1.2 running
2026-09-19T22:09:48: New connection from 10.0.0.90:45901 on port 8883.
2026-09-19T22:09:48: OpenSSL Error while trying to get the error[0]: error:0A000412:SSL routines::ssl/tls alert bad certificate
2026-09-19T22:09:48: Client 10.0.0.90 [10.0.0.90:45901] disconnected: Protocol error.
2026-09-19T22:11:39: mosquitto version 2.1.2 terminating
2026-09-19T22:11:39: Saving in-memory database to /mosquitto/data//mosquitto.db.
2026-09-19T22:13:45: mosquitto version 2.1.2 starting
2026-09-19T22:13:45: Config loaded from /mosquitto/config/mosquitto.conf.
2026-09-19T22:13:45: Bridge support available.
2026-09-19T22:13:45: Persistence support available.
2026-09-19T22:13:45: TLS support available.
2026-09-19T22:13:45: TLS-PSK support available.
2026-09-19T22:13:45: Websockets support available.
2026-09-19T22:13:45: Opening ipv4 listen socket on port 8883.
2026-09-19T22:13:45: Opening ipv6 listen socket on port 8883.
2026-09-19T22:13:45: mosquitto version 2.1.2 running
2026-09-19T22:13:59: New connection from 10.0.0.90:51109 on port 8883.
2026-09-19T22:13:59: OpenSSL Error while trying to get the error[0]: error:0A000412:SSL routines::ssl/tls alert bad certificate
2026-09-19T22:13:59: Client 10.0.0.90 [10.0.0.90:51109] disconnected: Protocol error.
2026-09-19T22:18:09: mosquitto version 2.1.2 terminating
2026-09-19T22:18:09: Saving in-memory database to /mosquitto/data//mosquitto.db.
2026-09-19T22:18:16: mosquitto version 2.1.2 starting
2026-09-19T22:18:16: Config loaded from /mosquitto/config/mosquitto.conf.
2026-09-19T22:18:16: Bridge support available.
2026-09-19T22:18:16: Persistence support available.
2026-09-19T22:18:16: TLS support available.
2026-09-19T22:18:16: TLS-PSK support available.
2026-09-19T22:18:16: Websockets support available.
2026-09-19T22:18:16: Opening ipv4 listen socket on port 8883.
2026-09-19T22:18:16: Opening ipv6 listen socket on port 8883.
2026-09-19T22:18:16: mosquitto version 2.1.2 running
2026-09-19T22:18:23: New connection from 10.0.0.90:32793 on port 8883.
2026-09-19T22:18:23: New client connected from 10.0.0.90:32793 as paho-client-01 (p4, c1, k60, u'Paho-Client').
2026-09-19T22:18:23: No will message specified.
2026-09-19T22:18:23: Client paho-client-01 negotiated TLSv1.3 cipher TLS_AES_256_GCM_SHA384
2026-09-19T22:18:23: Sending CONNACK to paho-client-01 (0, 0)
2026-09-19T22:18:23: Received SUBSCRIBE from paho-client-01
2026-09-19T22:18:23: 	XP340/counter (QoS 0)
2026-09-19T22:18:23: paho-client-01 0 XP340/counter
2026-09-19T22:18:23: 	XP340/Q_00/state (QoS 0)
2026-09-19T22:18:23: paho-client-01 0 XP340/Q_00/state
2026-09-19T22:18:23: 	XP340/Q_01/state (QoS 0)
2026-09-19T22:18:23: paho-client-01 0 XP340/Q_01/state
2026-09-19T22:18:23: Sending SUBACK to paho-client-01
2026-09-19T22:18:25: Received DISCONNECT from paho-client-01
2026-09-19T22:18:25: Client paho-client-01 [10.0.0.90:32793] disconnected.
2026-09-19T22:28:52: New connection from 10.0.0.90:42311 on port 8883.
2026-09-19T22:28:52: New client connected from 10.0.0.90:42311 as paho-client-01 (p4, c1, k60, u'Paho-Client').
2026-09-19T22:28:52: No will message specified.
2026-09-19T22:28:52: Client paho-client-01 negotiated TLSv1.3 cipher TLS_AES_256_GCM_SHA384
2026-09-19T22:28:52: Sending CONNACK to paho-client-01 (0, 0)
2026-09-19T22:28:52: Received SUBSCRIBE from paho-client-01
2026-09-19T22:28:52: 	XP340/counter (QoS 0)
2026-09-19T22:28:52: paho-client-01 0 XP340/counter
2026-09-19T22:28:52: 	XP340/Q_00/state (QoS 0)
2026-09-19T22:28:52: paho-client-01 0 XP340/Q_00/state
2026-09-19T22:28:52: 	XP340/Q_01/state (QoS 0)
2026-09-19T22:28:52: paho-client-01 0 XP340/Q_01/state
2026-09-19T22:28:52: Sending SUBACK to paho-client-01
2026-09-19T22:28:53: Received DISCONNECT from paho-client-01
2026-09-19T22:28:53: Client paho-client-01 [10.0.0.90:42311] disconnected.
2026-09-19T22:29:48: New connection from 10.0.0.223:62300 on port 8883.
2026-09-19T22:29:49: New client connected from 10.0.0.223:62300 as esp32 (p4, c1, k60, u'ESP32-Sensor-01').
2026-09-19T22:29:49: No will message specified.
2026-09-19T22:29:49: Client esp32 negotiated TLSv1.2 cipher ECDHE-RSA-AES256-GCM-SHA384
2026-09-19T22:29:49: Sending CONNACK to esp32 (0, 0)
2026-09-19T22:29:50: Received SUBSCRIBE from esp32
2026-09-19T22:29:50: 	XP340/I_00/cmd (QoS 0)
2026-09-19T22:29:50: esp32 0 XP340/I_00/cmd
2026-09-19T22:29:50: Sending SUBACK to esp32
2026-09-19T22:29:50: Received PUBLISH from esp32 (d0, q0, r0, m0, 'XP340/counter', ... (11 bytes))
2026-09-19T22:29:55: Received PUBLISH from esp32 (d0, q0, r0, m0, 'XP340/counter', ... (11 bytes))
2026-09-19T22:30:00: Received PUBLISH from esp32 (d0, q0, r0, m0, 'XP340/counter', ... (11 bytes))
2026-09-19T22:30:05: Received PUBLISH from esp32 (d0, q0, r0, m0, 'XP340/counter', ... (11 bytes))
2026-09-19T22:30:10: Received PUBLISH from esp32 (d0, q0, r0, m0, 'XP340/counter', ... (11 bytes))
2026-09-19T22:30:15: Received PUBLISH from esp32 (d0, q0, r0, m0, 'XP340/counter', ... (11 bytes))
2026-09-19T22:30:20: Received PUBLISH from esp32 (d0, q0, r0, m0, 'XP340/counter', ... (11 bytes))
2026-09-19T22:30:25: Received PUBLISH from esp32 (d0, q0, r0, m0, 'XP340/counter', ... (11 bytes))
2026-09-19T22:30:30: Received PUBLISH from esp32 (d0, q0, r0, m0, 'XP340/counter', ... (11 bytes))
2026-09-19T22:30:35: Received PUBLISH from esp32 (d0, q0, r0, m0, 'XP340/counter', ... (11 bytes))
2026-09-19T22:30:40: Received PUBLISH from esp32 (d0, q0, r0, m0, 'XP340/counter', ... (12 bytes))
2026-09-19T22:30:45: Received PUBLISH from esp32 (d0, q0, r0, m0, 'XP340/counter', ... (12 bytes))
2026-09-19T22:30:50: Received PUBLISH from esp32 (d0, q0, r0, m0, 'XP340/counter', ... (12 bytes))
2026-09-19T22:30:55: Received PUBLISH from esp32 (d0, q0, r0, m0, 'XP340/counter', ... (12 bytes))
2026-09-19T22:31:01: Received PUBLISH from esp32 (d0, q0, r0, m0, 'XP340/counter', ... (12 bytes))
2026-09-19T22:31:05: Received PUBLISH from esp32 (d0, q0, r0, m0, 'XP340/counter', ... (12 bytes))
2026-09-19T22:31:10: Received PUBLISH from esp32 (d0, q0, r0, m0, 'XP340/counter', ... (12 bytes))
2026-09-19T22:31:15: Received PUBLISH from esp32 (d0, q0, r0, m0, 'XP340/counter', ... (12 bytes))
2026-09-19T22:31:20: Received PUBLISH from esp32 (d0, q0, r0, m0, 'XP340/counter', ... (12 bytes))
2026-09-19T22:31:25: Received PUBLISH from esp32 (d0, q0, r0, m0, 'XP340/counter', ... (12 bytes))
2026-09-19T22:31:30: Received PUBLISH from esp32 (d0, q0, r0, m0, 'XP340/counter', ... (12 bytes))
2026-09-19T22:31:35: Received PUBLISH from esp32 (d0, q0, r0, m0, 'XP340/counter', ... (12 bytes))
2026-09-19T22:31:40: Received PUBLISH from esp32 (d0, q0, r0, m0, 'XP340/counter', ... (12 bytes))
2026-09-19T22:31:45: Received PUBLISH from esp32 (d0, q0, r0, m0, 'XP340/counter', ... (12 bytes))
2026-09-19T22:31:50: Received PUBLISH from esp32 (d0, q0, r0, m0, 'XP340/counter', ... (12 bytes))
2026-09-19T22:31:55: Received PUBLISH from esp32 (d0, q0, r0, m0, 'XP340/counter', ... (12 bytes))
2026-09-19T22:32:00: Received PUBLISH from esp32 (d0, q0, r0, m0, 'XP340/counter', ... (12 bytes))
2026-09-19T22:32:05: Received PUBLISH from esp32 (d0, q0, r0, m0, 'XP340/counter', ... (12 bytes))
2026-09-19T22:32:10: Received PUBLISH from esp32 (d0, q0, r0, m0, 'XP340/counter', ... (12 bytes))
2026-09-19T22:32:15: Received PUBLISH from esp32 (d0, q0, r0, m0, 'XP340/counter', ... (12 bytes))
2026-09-19T22:32:20: Received PUBLISH from esp32 (d0, q0, r0, m0, 'XP340/counter', ... (12 bytes))
2026-09-19T22:32:25: Received PUBLISH from esp32 (d0, q0, r0, m0, 'XP340/counter', ... (12 bytes))
2026-09-19T22:32:30: Received PUBLISH from esp32 (d0, q0, r0, m0, 'XP340/counter', ... (12 bytes))
2026-09-19T22:32:35: Received PUBLISH from esp32 (d0, q0, r0, m0, 'XP340/counter', ... (12 bytes))
2026-09-19T22:32:40: Received PUBLISH from esp32 (d0, q0, r0, m0, 'XP340/counter', ... (12 bytes))
2026-09-19T22:32:45: Received PUBLISH from esp32 (d0, q0, r0, m0, 'XP340/counter', ... (12 bytes))
2026-09-19T22:32:50: Received PUBLISH from esp32 (d0, q0, r0, m0, 'XP340/counter', ... (12 bytes))
2026-09-19T22:32:55: Received PUBLISH from esp32 (d0, q0, r0, m0, 'XP340/counter', ... (12 bytes))
2026-09-19T22:33:00: Received PUBLISH from esp32 (d0, q0, r0, m0, 'XP340/counter', ... (12 bytes))
2026-09-19T22:33:06: Received PUBLISH from esp32 (d0, q0, r0, m0, 'XP340/counter', ... (12 bytes))
2026-09-19T22:33:10: Received PUBLISH from esp32 (d0, q0, r0, m0, 'XP340/counter', ... (12 bytes))
2026-09-19T22:33:16: Received PUBLISH from esp32 (d0, q0, r0, m0, 'XP340/counter', ... (12 bytes))
2026-09-19T22:33:20: Received PUBLISH from esp32 (d0, q0, r0, m0, 'XP340/counter', ... (12 bytes))
2026-09-19T22:33:28: Received PUBLISH from esp32 (d0, q0, r0, m0, 'XP340/counter', ... (12 bytes))
2026-09-19T22:33:32: Received PUBLISH from esp32 (d0, q0, r0, m0, 'XP340/counter', ... (12 bytes))
2026-09-19T22:33:36: Received PUBLISH from esp32 (d0, q0, r0, m0, 'XP340/counter', ... (12 bytes))
2026-09-19T22:33:40: Received PUBLISH from esp32 (d0, q0, r0, m0, 'XP340/counter', ... (12 bytes))
2026-09-19T22:33:46: Received PUBLISH from esp32 (d0, q0, r0, m0, 'XP340/counter', ... (12 bytes))
2026-09-19T22:33:51: Received PUBLISH from esp32 (d0, q0, r0, m0, 'XP340/counter', ... (12 bytes))
2026-09-19T22:33:57: Received PUBLISH from esp32 (d0, q0, r0, m0, 'XP340/counter', ... (12 bytes))
2026-09-19T22:34:00: Received PUBLISH from esp32 (d0, q0, r0, m0, 'XP340/counter', ... (12 bytes))
2026-09-19T22:34:05: Received PUBLISH from esp32 (d0, q0, r0, m0, 'XP340/counter', ... (12 bytes))
2026-09-19T22:34:11: Received PUBLISH from esp32 (d0, q0, r0, m0, 'XP340/counter', ... (12 bytes))
2026-09-19T22:34:15: Received PUBLISH from esp32 (d0, q0, r0, m0, 'XP340/counter', ... (12 bytes))
2026-09-19T22:34:21: Received PUBLISH from esp32 (d0, q0, r0, m0, 'XP340/counter', ... (12 bytes))
2026-09-19T22:34:26: Received PUBLISH from esp32 (d0, q0, r0, m0, 'XP340/counter', ... (12 bytes))
2026-09-19T22:34:30: Received PUBLISH from esp32 (d0, q0, r0, m0, 'XP340/counter', ... (12 bytes))
2026-09-19T22:34:35: Received PUBLISH from esp32 (d0, q0, r0, m0, 'XP340/counter', ... (12 bytes))
2026-09-19T22:34:41: Received PUBLISH from esp32 (d0, q0, r0, m0, 'XP340/counter', ... (12 bytes))
2026-09-19T22:34:46: Received PUBLISH from esp32 (d0, q0, r0, m0, 'XP340/counter', ... (12 bytes))
2026-09-19T22:34:51: Received PUBLISH from esp32 (d0, q0, r0, m0, 'XP340/counter', ... (12 bytes))
2026-09-19T22:34:56: Received PUBLISH from esp32 (d0, q0, r0, m0, 'XP340/counter', ... (12 bytes))
2026-09-19T22:35:00: Received PUBLISH from esp32 (d0, q0, r0, m0, 'XP340/counter', ... (12 bytes))
2026-09-19T22:35:06: Received PUBLISH from esp32 (d0, q0, r0, m0, 'XP340/counter', ... (12 bytes))
2026-09-19T22:35:10: Received PUBLISH from esp32 (d0, q0, r0, m0, 'XP340/counter', ... (12 bytes))
2026-09-19T22:35:17: Received PUBLISH from esp32 (d0, q0, r0, m0, 'XP340/counter', ... (12 bytes))
2026-09-19T22:35:20: Received PUBLISH from esp32 (d0, q0, r0, m0, 'XP340/counter', ... (12 bytes))
2026-09-19T22:35:27: Received PUBLISH from esp32 (d0, q0, r0, m0, 'XP340/counter', ... (12 bytes))
2026-09-19T22:35:32: Received PUBLISH from esp32 (d0, q0, r0, m0, 'XP340/counter', ... (12 bytes))
2026-09-19T22:35:35: Received PUBLISH from esp32 (d0, q0, r0, m0, 'XP340/counter', ... (12 bytes))
2026-09-19T22:35:45: Received PUBLISH from esp32 (d0, q0, r0, m0, 'XP340/counter', ... (12 bytes))
2026-09-19T22:35:47: Received PUBLISH from esp32 (d0, q0, r0, m0, 'XP340/counter', ... (12 bytes))
2026-09-19T22:35:51: Received PUBLISH from esp32 (d0, q0, r0, m0, 'XP340/counter', ... (12 bytes))
2026-09-19T22:35:57: Received PUBLISH from esp32 (d0, q0, r0, m0, 'XP340/counter', ... (12 bytes))
2026-09-19T22:36:07: Received PUBLISH from esp32 (d0, q0, r0, m0, 'XP340/counter', ... (12 bytes))
2026-09-19T22:36:07: Received PUBLISH from esp32 (d0, q0, r0, m0, 'XP340/counter', ... (12 bytes))
2026-09-19T22:36:18: Received PUBLISH from esp32 (d0, q0, r0, m0, 'XP340/counter', ... (12 bytes))
2026-09-19T22:36:18: Received PUBLISH from esp32 (d0, q0, r0, m0, 'XP340/counter', ... (12 bytes))
2026-09-19T22:36:24: Received PUBLISH from esp32 (d0, q0, r0, m0, 'XP340/counter', ... (12 bytes))
2026-09-19T22:36:37: Received PUBLISH from esp32 (d0, q0, r0, m0, 'XP340/counter', ... (12 bytes))
2026-09-19T22:36:37: Received PUBLISH from esp32 (d0, q0, r0, m0, 'XP340/counter', ... (12 bytes))
2026-09-19T22:36:37: Received PUBLISH from esp32 (d0, q0, r0, m0, 'XP340/counter', ... (12 bytes))
2026-09-19T22:36:41: Received PUBLISH from esp32 (d0, q0, r0, m0, 'XP340/counter', ... (12 bytes))
2026-09-19T22:36:50: Received PUBLISH from esp32 (d0, q0, r0, m0, 'XP340/counter', ... (12 bytes))
2026-09-19T22:36:51: Received PUBLISH from esp32 (d0, q0, r0, m0, 'XP340/counter', ... (12 bytes))
2026-09-19T22:37:18: Received PUBLISH from esp32 (d0, q0, r0, m0, 'XP340/counter', ... (12 bytes))
2026-09-19T22:37:18: Received PUBLISH from esp32 (d0, q0, r0, m0, 'XP340/counter', ... (12 bytes))
2026-09-19T22:37:18: Received PUBLISH from esp32 (d0, q0, r0, m0, 'XP340/counter', ... (12 bytes))
2026-09-19T22:37:18: Received PUBLISH from esp32 (d0, q0, r0, m0, 'XP340/counter', ... (12 bytes))
2026-09-19T22:37:18: Received PUBLISH from esp32 (d0, q0, r0, m0, 'XP340/counter', ... (12 bytes))
2026-09-19T22:37:29: Received PUBLISH from esp32 (d0, q0, r0, m0, 'XP340/counter', ... (12 bytes))
2026-09-19T22:37:29: Received PUBLISH from esp32 (d0, q0, r0, m0, 'XP340/counter', ... (12 bytes))
2026-09-19T22:37:37: New connection from 10.0.0.90:47383 on port 8883.
2026-09-19T22:37:37: New client connected from 10.0.0.90:47383 as paho-client-01 (p4, c1, k60, u'Paho-Client').
2026-09-19T22:37:37: No will message specified.
2026-09-19T22:37:37: Client paho-client-01 negotiated TLSv1.3 cipher TLS_AES_256_GCM_SHA384
2026-09-19T22:37:37: Sending CONNACK to paho-client-01 (0, 0)
2026-09-19T22:37:37: Received SUBSCRIBE from paho-client-01
2026-09-19T22:37:37: 	XP340/counter (QoS 0)
2026-09-19T22:37:37: paho-client-01 0 XP340/counter
2026-09-19T22:37:37: 	XP340/Q_00/state (QoS 0)
2026-09-19T22:37:37: paho-client-01 0 XP340/Q_00/state
2026-09-19T22:37:37: 	XP340/Q_01/state (QoS 0)
2026-09-19T22:37:37: paho-client-01 0 XP340/Q_01/state
2026-09-19T22:37:37: Sending SUBACK to paho-client-01
2026-09-19T22:37:39: Received PUBLISH from esp32 (d0, q0, r0, m0, 'XP340/counter', ... (12 bytes))
2026-09-19T22:37:39: Sending PUBLISH to paho-client-01 (d0, q0, r0, m0, 'XP340/counter', ... (12 bytes))
2026-09-19T22:37:39: Received PUBLISH from esp32 (d0, q0, r0, m0, 'XP340/counter', ... (12 bytes))
2026-09-19T22:37:39: Sending PUBLISH to paho-client-01 (d0, q0, r0, m0, 'XP340/counter', ... (12 bytes))
2026-09-19T22:37:47: Received PUBLISH from paho-client-01 (d0, q0, r0, m0, 'XP340/I_00/cmd', ... (2 bytes))
2026-09-19T22:37:47: Sending PUBLISH to esp32 (d0, q0, r0, m0, 'XP340/I_00/cmd', ... (2 bytes))
2026-09-19T22:37:49: Received PUBLISH from paho-client-01 (d0, q0, r0, m0, 'XP340/I_00/cmd', ... (3 bytes))
2026-09-19T22:37:49: Sending PUBLISH to esp32 (d0, q0, r0, m0, 'XP340/I_00/cmd', ... (3 bytes))
2026-09-19T22:37:58: Received PUBLISH from esp32 (d0, q0, r0, m0, 'XP340/counter', ... (12 bytes))
2026-09-19T22:37:58: Sending PUBLISH to paho-client-01 (d0, q0, r0, m0, 'XP340/counter', ... (12 bytes))
2026-09-19T22:37:58: Received PUBLISH from esp32 (d0, q0, r0, m0, 'XP340/counter', ... (12 bytes))
2026-09-19T22:37:58: Sending PUBLISH to paho-client-01 (d0, q0, r0, m0, 'XP340/counter', ... (12 bytes))
2026-09-19T22:37:58: Received PUBLISH from esp32 (d0, q0, r0, m0, 'XP340/counter', ... (12 bytes))
2026-09-19T22:37:58: Sending PUBLISH to paho-client-01 (d0, q0, r0, m0, 'XP340/counter', ... (12 bytes))
2026-09-19T22:37:58: Received PUBLISH from esp32 (d0, q0, r0, m0, 'XP340/counter', ... (12 bytes))
2026-09-19T22:37:58: Sending PUBLISH to paho-client-01 (d0, q0, r0, m0, 'XP340/counter', ... (12 bytes))
2026-09-19T22:38:03: Received PUBLISH from esp32 (d0, q0, r0, m0, 'XP340/counter', ... (12 bytes))
2026-09-19T22:38:03: Sending PUBLISH to paho-client-01 (d0, q0, r0, m0, 'XP340/counter', ... (12 bytes))
2026-09-19T22:38:05: Received PUBLISH from paho-client-01 (d0, q0, r0, m0, 'XP340/I_00/cmd', ... (2 bytes))
2026-09-19T22:38:05: Sending PUBLISH to esp32 (d0, q0, r0, m0, 'XP340/I_00/cmd', ... (2 bytes))
2026-09-19T22:38:06: Received PUBLISH from esp32 (d0, q0, r0, m0, 'XP340/counter', ... (12 bytes))
2026-09-19T22:38:06: Sending PUBLISH to paho-client-01 (d0, q0, r0, m0, 'XP340/counter', ... (12 bytes))
2026-09-19T22:38:07: Received PUBLISH from paho-client-01 (d0, q0, r0, m0, 'XP340/I_00/cmd', ... (3 bytes))
2026-09-19T22:38:07: Sending PUBLISH to esp32 (d0, q0, r0, m0, 'XP340/I_00/cmd', ... (3 bytes))
2026-09-19T22:38:17: Received PUBLISH from esp32 (d0, q0, r0, m0, 'XP340/counter', ... (13 bytes))
2026-09-19T22:38:17: Sending PUBLISH to paho-client-01 (d0, q0, r0, m0, 'XP340/counter', ... (13 bytes))
2026-09-19T22:38:20: Received PUBLISH from esp32 (d0, q0, r0, m0, 'XP340/counter', ... (13 bytes))
2026-09-19T22:38:20: Sending PUBLISH to paho-client-01 (d0, q0, r0, m0, 'XP340/counter', ... (13 bytes))
2026-09-19T22:38:21: Received PUBLISH from paho-client-01 (d0, q0, r0, m0, 'XP340/I_00/cmd', ... (2 bytes))
2026-09-19T22:38:21: Sending PUBLISH to esp32 (d0, q0, r0, m0, 'XP340/I_00/cmd', ... (2 bytes))
2026-09-19T22:38:23: Received PUBLISH from esp32 (d0, q0, r0, m0, 'XP340/counter', ... (13 bytes))
2026-09-19T22:38:23: Sending PUBLISH to paho-client-01 (d0, q0, r0, m0, 'XP340/counter', ... (13 bytes))
2026-09-19T22:38:27: Received PUBLISH from esp32 (d0, q0, r0, m0, 'XP340/counter', ... (13 bytes))
2026-09-19T22:38:27: Sending PUBLISH to paho-client-01 (d0, q0, r0, m0, 'XP340/counter', ... (13 bytes))
2026-09-19T22:38:34: Received PUBLISH from esp32 (d0, q0, r0, m0, 'XP340/counter', ... (13 bytes))
2026-09-19T22:38:34: Sending PUBLISH to paho-client-01 (d0, q0, r0, m0, 'XP340/counter', ... (13 bytes))
2026-09-19T22:38:38: Received PINGREQ from paho-client-01
2026-09-19T22:38:38: Sending PINGRESP to paho-client-01
2026-09-19T22:38:38: Received PUBLISH from esp32 (d0, q0, r0, m0, 'XP340/counter', ... (13 bytes))
2026-09-19T22:38:38: Sending PUBLISH to paho-client-01 (d0, q0, r0, m0, 'XP340/counter', ... (13 bytes))
2026-09-19T22:38:45: Received PUBLISH from esp32 (d0, q0, r0, m0, 'XP340/counter', ... (13 bytes))
2026-09-19T22:38:45: Sending PUBLISH to paho-client-01 (d0, q0, r0, m0, 'XP340/counter', ... (13 bytes))
2026-09-19T22:38:50: Received PUBLISH from esp32 (d0, q0, r0, m0, 'XP340/counter', ... (13 bytes))
2026-09-19T22:38:50: Sending PUBLISH to paho-client-01 (d0, q0, r0, m0, 'XP340/counter', ... (13 bytes))
2026-09-19T22:38:51: Received PUBLISH from esp32 (d0, q0, r0, m0, 'XP340/counter', ... (13 bytes))
2026-09-19T22:38:51: Sending PUBLISH to paho-client-01 (d0, q0, r0, m0, 'XP340/counter', ... (13 bytes))
2026-09-19T22:38:56: Received PUBLISH from esp32 (d0, q0, r0, m0, 'XP340/counter', ... (13 bytes))
2026-09-19T22:38:56: Sending PUBLISH to paho-client-01 (d0, q0, r0, m0, 'XP340/counter', ... (13 bytes))
2026-09-19T22:39:04: Received PUBLISH from paho-client-01 (d0, q0, r0, m0, 'XP340/I_00/cmd', ... (3 bytes))
2026-09-19T22:39:04: Sending PUBLISH to esp32 (d0, q0, r0, m0, 'XP340/I_00/cmd', ... (3 bytes))
2026-09-19T22:39:08: Received PUBLISH from esp32 (d0, q0, r0, m0, 'XP340/counter', ... (13 bytes))
2026-09-19T22:39:08: Sending PUBLISH to paho-client-01 (d0, q0, r0, m0, 'XP340/counter', ... (13 bytes))
2026-09-19T22:39:08: Received PUBLISH from esp32 (d0, q0, r0, m0, 'XP340/counter', ... (13 bytes))
2026-09-19T22:39:08: Sending PUBLISH to paho-client-01 (d0, q0, r0, m0, 'XP340/counter', ... (13 bytes))
2026-09-19T22:39:26: Received PUBLISH from esp32 (d0, q0, r0, m0, 'XP340/counter', ... (13 bytes))
2026-09-19T22:39:26: Sending PUBLISH to paho-client-01 (d0, q0, r0, m0, 'XP340/counter', ... (13 bytes))
2026-09-19T22:39:26: Received PUBLISH from esp32 (d0, q0, r0, m0, 'XP340/counter', ... (13 bytes))
2026-09-19T22:39:26: Sending PUBLISH to paho-client-01 (d0, q0, r0, m0, 'XP340/counter', ... (13 bytes))
2026-09-19T22:39:26: Received PUBLISH from esp32 (d0, q0, r0, m0, 'XP340/counter', ... (13 bytes))
2026-09-19T22:39:26: Sending PUBLISH to paho-client-01 (d0, q0, r0, m0, 'XP340/counter', ... (13 bytes))
2026-09-19T22:39:26: Received PUBLISH from esp32 (d0, q0, r0, m0, 'XP340/counter', ... (13 bytes))
2026-09-19T22:39:26: Sending PUBLISH to paho-client-01 (d0, q0, r0, m0, 'XP340/counter', ... (13 bytes))
2026-09-19T22:39:38: Received PINGREQ from paho-client-01
2026-09-19T22:39:38: Sending PINGRESP to paho-client-01
2026-09-19T22:39:49: Received PUBLISH from esp32 (d0, q0, r0, m0, 'XP340/counter', ... (13 bytes))
2026-09-19T22:39:49: Sending PUBLISH to paho-client-01 (d0, q0, r0, m0, 'XP340/counter', ... (13 bytes))
2026-09-19T22:39:51: Received PUBLISH from paho-client-01 (d0, q0, r0, m0, 'XP340/I_00/cmd', ... (2 bytes))
2026-09-19T22:39:51: Sending PUBLISH to esp32 (d0, q0, r0, m0, 'XP340/I_00/cmd', ... (2 bytes))
2026-09-19T22:39:55: Received PUBLISH from paho-client-01 (d0, q0, r0, m0, 'XP340/I_00/cmd', ... (3 bytes))
2026-09-19T22:39:55: Sending PUBLISH to esp32 (d0, q0, r0, m0, 'XP340/I_00/cmd', ... (3 bytes))
2026-09-19T22:39:59: Received PUBLISH from esp32 (d0, q0, r0, m0, 'XP340/counter', ... (13 bytes))
2026-09-19T22:39:59: Sending PUBLISH to paho-client-01 (d0, q0, r0, m0, 'XP340/counter', ... (13 bytes))
2026-09-19T22:39:59: Received PUBLISH from esp32 (d0, q0, r0, m0, 'XP340/counter', ... (13 bytes))
2026-09-19T22:39:59: Sending PUBLISH to paho-client-01 (d0, q0, r0, m0, 'XP340/counter', ... (13 bytes))
2026-09-19T22:39:59: Received PUBLISH from esp32 (d0, q0, r0, m0, 'XP340/counter', ... (13 bytes))
2026-09-19T22:39:59: Sending PUBLISH to paho-client-01 (d0, q0, r0, m0, 'XP340/counter', ... (13 bytes))
2026-09-19T22:39:59: Received PUBLISH from esp32 (d0, q0, r0, m0, 'XP340/counter', ... (13 bytes))
2026-09-19T22:39:59: Sending PUBLISH to paho-client-01 (d0, q0, r0, m0, 'XP340/counter', ... (13 bytes))
2026-09-19T22:39:59: Received PUBLISH from esp32 (d0, q0, r0, m0, 'XP340/counter', ... (13 bytes))
2026-09-19T22:39:59: Sending PUBLISH to paho-client-01 (d0, q0, r0, m0, 'XP340/counter', ... (13 bytes))
2026-09-19T22:40:06: Received PUBLISH from esp32 (d0, q0, r0, m0, 'XP340/counter', ... (13 bytes))
2026-09-19T22:40:06: Sending PUBLISH to paho-client-01 (d0, q0, r0, m0, 'XP340/counter', ... (13 bytes))
2026-09-19T22:40:06: Received PUBLISH from esp32 (d0, q0, r0, m0, 'XP340/counter', ... (13 bytes))
2026-09-19T22:40:06: Sending PUBLISH to paho-client-01 (d0, q0, r0, m0, 'XP340/counter', ... (13 bytes))
2026-09-19T22:40:13: Received PUBLISH from esp32 (d0, q0, r0, m0, 'XP340/counter', ... (13 bytes))
2026-09-19T22:40:13: Sending PUBLISH to paho-client-01 (d0, q0, r0, m0, 'XP340/counter', ... (13 bytes))
2026-09-19T22:40:18: Received PUBLISH from esp32 (d0, q0, r0, m0, 'XP340/counter', ... (13 bytes))
2026-09-19T22:40:18: Sending PUBLISH to paho-client-01 (d0, q0, r0, m0, 'XP340/counter', ... (13 bytes))
2026-09-19T22:40:23: Received PUBLISH from esp32 (d0, q0, r0, m0, 'XP340/counter', ... (13 bytes))
2026-09-19T22:40:23: Sending PUBLISH to paho-client-01 (d0, q0, r0, m0, 'XP340/counter', ... (13 bytes))
2026-09-19T22:40:39: Received PINGREQ from paho-client-01
2026-09-19T22:40:39: Sending PINGRESP to paho-client-01
2026-09-19T22:40:42: Received PUBLISH from esp32 (d0, q0, r0, m0, 'XP340/counter', ... (13 bytes))
2026-09-19T22:40:42: Sending PUBLISH to paho-client-01 (d0, q0, r0, m0, 'XP340/counter', ... (13 bytes))
2026-09-19T22:40:42: Received PUBLISH from esp32 (d0, q0, r0, m0, 'XP340/counter', ... (13 bytes))
2026-09-19T22:40:42: Sending PUBLISH to paho-client-01 (d0, q0, r0, m0, 'XP340/counter', ... (13 bytes))
2026-09-19T22:40:42: Received PUBLISH from esp32 (d0, q0, r0, m0, 'XP340/counter', ... (13 bytes))
2026-09-19T22:40:42: Sending PUBLISH to paho-client-01 (d0, q0, r0, m0, 'XP340/counter', ... (13 bytes))
2026-09-19T22:40:42: Received PUBLISH from esp32 (d0, q0, r0, m0, 'XP340/counter', ... (13 bytes))
2026-09-19T22:40:42: Sending PUBLISH to paho-client-01 (d0, q0, r0, m0, 'XP340/counter', ... (13 bytes))
2026-09-19T22:40:47: Received PUBLISH from esp32 (d0, q0, r0, m0, 'XP340/counter', ... (13 bytes))
2026-09-19T22:40:47: Sending PUBLISH to paho-client-01 (d0, q0, r0, m0, 'XP340/counter', ... (13 bytes))
2026-09-19T22:41:07: Received PUBLISH from esp32 (d0, q0, r0, m0, 'XP340/counter', ... (13 bytes))
2026-09-19T22:41:07: Sending PUBLISH to paho-client-01 (d0, q0, r0, m0, 'XP340/counter', ... (13 bytes))
2026-09-19T22:41:07: Received PUBLISH from esp32 (d0, q0, r0, m0, 'XP340/counter', ... (13 bytes))
2026-09-19T22:41:07: Sending PUBLISH to paho-client-01 (d0, q0, r0, m0, 'XP340/counter', ... (13 bytes))
2026-09-19T22:41:07: Received PUBLISH from esp32 (d0, q0, r0, m0, 'XP340/counter', ... (13 bytes))
2026-09-19T22:41:07: Sending PUBLISH to paho-client-01 (d0, q0, r0, m0, 'XP340/counter', ... (13 bytes))
2026-09-19T22:41:07: Received PUBLISH from esp32 (d0, q0, r0, m0, 'XP340/counter', ... (13 bytes))
2026-09-19T22:41:07: Sending PUBLISH to paho-client-01 (d0, q0, r0, m0, 'XP340/counter', ... (13 bytes))
2026-09-19T22:41:24: Received PUBLISH from esp32 (d0, q0, r0, m0, 'XP340/counter', ... (13 bytes))
2026-09-19T22:41:24: Sending PUBLISH to paho-client-01 (d0, q0, r0, m0, 'XP340/counter', ... (13 bytes))
2026-09-19T22:41:24: Received PUBLISH from esp32 (d0, q0, r0, m0, 'XP340/counter', ... (13 bytes))
2026-09-19T22:41:24: Sending PUBLISH to paho-client-01 (d0, q0, r0, m0, 'XP340/counter', ... (13 bytes))
2026-09-19T22:41:24: Received PUBLISH from esp32 (d0, q0, r0, m0, 'XP340/counter', ... (13 bytes))
2026-09-19T22:41:24: Sending PUBLISH to paho-client-01 (d0, q0, r0, m0, 'XP340/counter', ... (13 bytes))
2026-09-19T22:41:30: Received PUBLISH from esp32 (d0, q0, r0, m0, 'XP340/counter', ... (13 bytes))
2026-09-19T22:41:30: Sending PUBLISH to paho-client-01 (d0, q0, r0, m0, 'XP340/counter', ... (13 bytes))
2026-09-19T22:41:34: Received PUBLISH from esp32 (d0, q0, r0, m0, 'XP340/counter', ... (13 bytes))
2026-09-19T22:41:34: Sending PUBLISH to paho-client-01 (d0, q0, r0, m0, 'XP340/counter', ... (13 bytes))
2026-09-19T22:41:37: Received PUBLISH from esp32 (d0, q0, r0, m0, 'XP340/counter', ... (13 bytes))
2026-09-19T22:41:37: Sending PUBLISH to paho-client-01 (d0, q0, r0, m0, 'XP340/counter', ... (13 bytes))
2026-09-19T22:41:39: Received PINGREQ from paho-client-01
2026-09-19T22:41:39: Sending PINGRESP to paho-client-01
2026-09-19T22:41:53: Received PUBLISH from esp32 (d0, q0, r0, m0, 'XP340/counter', ... (13 bytes))
2026-09-19T22:41:53: Sending PUBLISH to paho-client-01 (d0, q0, r0, m0, 'XP340/counter', ... (13 bytes))
2026-09-19T22:41:53: Received PUBLISH from esp32 (d0, q0, r0, m0, 'XP340/counter', ... (13 bytes))
2026-09-19T22:41:53: Sending PUBLISH to paho-client-01 (d0, q0, r0, m0, 'XP340/counter', ... (13 bytes))
2026-09-19T22:41:53: Received PUBLISH from esp32 (d0, q0, r0, m0, 'XP340/counter', ... (13 bytes))
2026-09-19T22:41:53: Sending PUBLISH to paho-client-01 (d0, q0, r0, m0, 'XP340/counter', ... (13 bytes))
2026-09-19T22:41:59: Received PUBLISH from esp32 (d0, q0, r0, m0, 'XP340/counter', ... (13 bytes))
2026-09-19T22:41:59: Sending PUBLISH to paho-client-01 (d0, q0, r0, m0, 'XP340/counter', ... (13 bytes))
2026-09-19T22:42:11: Received PUBLISH from esp32 (d0, q0, r0, m0, 'XP340/counter', ... (13 bytes))
2026-09-19T22:42:11: Sending PUBLISH to paho-client-01 (d0, q0, r0, m0, 'XP340/counter', ... (13 bytes))
2026-09-19T22:42:11: Received PUBLISH from esp32 (d0, q0, r0, m0, 'XP340/counter', ... (13 bytes))
2026-09-19T22:42:11: Sending PUBLISH to paho-client-01 (d0, q0, r0, m0, 'XP340/counter', ... (13 bytes))
2026-09-19T22:42:11: Received PUBLISH from esp32 (d0, q0, r0, m0, 'XP340/counter', ... (13 bytes))
2026-09-19T22:42:11: Sending PUBLISH to paho-client-01 (d0, q0, r0, m0, 'XP340/counter', ... (13 bytes))
2026-09-19T22:42:16: Received PUBLISH from esp32 (d0, q0, r0, m0, 'XP340/counter', ... (13 bytes))
2026-09-19T22:42:16: Sending PUBLISH to paho-client-01 (d0, q0, r0, m0, 'XP340/counter', ... (13 bytes))
2026-09-19T22:42:21: Received PUBLISH from esp32 (d0, q0, r0, m0, 'XP340/counter', ... (13 bytes))
2026-09-19T22:42:21: Sending PUBLISH to paho-client-01 (d0, q0, r0, m0, 'XP340/counter', ... (13 bytes))
2026-09-19T22:42:27: Received PUBLISH from esp32 (d0, q0, r0, m0, 'XP340/counter', ... (13 bytes))
2026-09-19T22:42:27: Sending PUBLISH to paho-client-01 (d0, q0, r0, m0, 'XP340/counter', ... (13 bytes))
2026-09-19T22:42:31: Received PUBLISH from esp32 (d0, q0, r0, m0, 'XP340/counter', ... (13 bytes))
2026-09-19T22:42:31: Sending PUBLISH to paho-client-01 (d0, q0, r0, m0, 'XP340/counter', ... (13 bytes))
2026-09-19T22:42:36: Received PUBLISH from esp32 (d0, q0, r0, m0, 'XP340/counter', ... (13 bytes))
2026-09-19T22:42:36: Sending PUBLISH to paho-client-01 (d0, q0, r0, m0, 'XP340/counter', ... (13 bytes))
2026-09-19T22:42:39: Received PINGREQ from paho-client-01
2026-09-19T22:42:39: Sending PINGRESP to paho-client-01
2026-09-19T22:42:42: Received PUBLISH from esp32 (d0, q0, r0, m0, 'XP340/counter', ... (13 bytes))
2026-09-19T22:42:42: Sending PUBLISH to paho-client-01 (d0, q0, r0, m0, 'XP340/counter', ... (13 bytes))
2026-09-19T22:42:46: Received PUBLISH from esp32 (d0, q0, r0, m0, 'XP340/counter', ... (13 bytes))
2026-09-19T22:42:46: Sending PUBLISH to paho-client-01 (d0, q0, r0, m0, 'XP340/counter', ... (13 bytes))
2026-09-19T22:42:51: Received PUBLISH from esp32 (d0, q0, r0, m0, 'XP340/counter', ... (13 bytes))
2026-09-19T22:42:51: Sending PUBLISH to paho-client-01 (d0, q0, r0, m0, 'XP340/counter', ... (13 bytes))
2026-09-19T22:42:56: Received PUBLISH from esp32 (d0, q0, r0, m0, 'XP340/counter', ... (13 bytes))
2026-09-19T22:42:56: Sending PUBLISH to paho-client-01 (d0, q0, r0, m0, 'XP340/counter', ... (13 bytes))
2026-09-19T22:43:01: Received PUBLISH from esp32 (d0, q0, r0, m0, 'XP340/counter', ... (13 bytes))
2026-09-19T22:43:01: Sending PUBLISH to paho-client-01 (d0, q0, r0, m0, 'XP340/counter', ... (13 bytes))
2026-09-19T22:43:06: Received PUBLISH from esp32 (d0, q0, r0, m0, 'XP340/counter', ... (13 bytes))
2026-09-19T22:43:06: Sending PUBLISH to paho-client-01 (d0, q0, r0, m0, 'XP340/counter', ... (13 bytes))
2026-09-19T22:43:11: Received PUBLISH from esp32 (d0, q0, r0, m0, 'XP340/counter', ... (13 bytes))
2026-09-19T22:43:11: Sending PUBLISH to paho-client-01 (d0, q0, r0, m0, 'XP340/counter', ... (13 bytes))
2026-09-19T22:43:16: Received PUBLISH from esp32 (d0, q0, r0, m0, 'XP340/counter', ... (13 bytes))
2026-09-19T22:43:16: Sending PUBLISH to paho-client-01 (d0, q0, r0, m0, 'XP340/counter', ... (13 bytes))
2026-09-19T22:43:22: Received PUBLISH from esp32 (d0, q0, r0, m0, 'XP340/counter', ... (13 bytes))
2026-09-19T22:43:22: Sending PUBLISH to paho-client-01 (d0, q0, r0, m0, 'XP340/counter', ... (13 bytes))
2026-09-19T22:43:27: Received PUBLISH from esp32 (d0, q0, r0, m0, 'XP340/counter', ... (13 bytes))
2026-09-19T22:43:27: Sending PUBLISH to paho-client-01 (d0, q0, r0, m0, 'XP340/counter', ... (13 bytes))
2026-09-19T22:43:31: Received PUBLISH from esp32 (d0, q0, r0, m0, 'XP340/counter', ... (13 bytes))
2026-09-19T22:43:31: Sending PUBLISH to paho-client-01 (d0, q0, r0, m0, 'XP340/counter', ... (13 bytes))
2026-09-19T22:43:37: Received PUBLISH from esp32 (d0, q0, r0, m0, 'XP340/counter', ... (13 bytes))
2026-09-19T22:43:37: Sending PUBLISH to paho-client-01 (d0, q0, r0, m0, 'XP340/counter', ... (13 bytes))
2026-09-19T22:43:40: Received PINGREQ from paho-client-01
2026-09-19T22:43:40: Sending PINGRESP to paho-client-01
2026-09-19T22:43:42: Received PUBLISH from esp32 (d0, q0, r0, m0, 'XP340/counter', ... (13 bytes))
2026-09-19T22:43:42: Sending PUBLISH to paho-client-01 (d0, q0, r0, m0, 'XP340/counter', ... (13 bytes))
2026-09-19T22:43:46: Received PUBLISH from esp32 (d0, q0, r0, m0, 'XP340/counter', ... (13 bytes))
2026-09-19T22:43:46: Sending PUBLISH to paho-client-01 (d0, q0, r0, m0, 'XP340/counter', ... (13 bytes))
2026-09-19T22:43:51: Received PUBLISH from esp32 (d0, q0, r0, m0, 'XP340/counter', ... (13 bytes))
2026-09-19T22:43:51: Sending PUBLISH to paho-client-01 (d0, q0, r0, m0, 'XP340/counter', ... (13 bytes))
2026-09-19T22:43:56: Received PUBLISH from esp32 (d0, q0, r0, m0, 'XP340/counter', ... (13 bytes))
2026-09-19T22:43:56: Sending PUBLISH to paho-client-01 (d0, q0, r0, m0, 'XP340/counter', ... (13 bytes))
2026-09-19T22:44:02: Received PUBLISH from esp32 (d0, q0, r0, m0, 'XP340/counter', ... (13 bytes))
2026-09-19T22:44:02: Sending PUBLISH to paho-client-01 (d0, q0, r0, m0, 'XP340/counter', ... (13 bytes))
2026-09-19T22:44:06: Received PUBLISH from esp32 (d0, q0, r0, m0, 'XP340/counter', ... (13 bytes))
2026-09-19T22:44:06: Sending PUBLISH to paho-client-01 (d0, q0, r0, m0, 'XP340/counter', ... (13 bytes))
2026-09-19T22:44:12: Received PUBLISH from esp32 (d0, q0, r0, m0, 'XP340/counter', ... (13 bytes))
2026-09-19T22:44:12: Sending PUBLISH to paho-client-01 (d0, q0, r0, m0, 'XP340/counter', ... (13 bytes))
2026-09-19T22:44:17: Received PUBLISH from esp32 (d0, q0, r0, m0, 'XP340/counter', ... (13 bytes))
2026-09-19T22:44:17: Sending PUBLISH to paho-client-01 (d0, q0, r0, m0, 'XP340/counter', ... (13 bytes))
2026-09-19T22:44:22: Received PUBLISH from esp32 (d0, q0, r0, m0, 'XP340/counter', ... (13 bytes))
2026-09-19T22:44:22: Sending PUBLISH to paho-client-01 (d0, q0, r0, m0, 'XP340/counter', ... (13 bytes))
2026-09-19T22:44:27: Received PUBLISH from esp32 (d0, q0, r0, m0, 'XP340/counter', ... (13 bytes))
2026-09-19T22:44:27: Sending PUBLISH to paho-client-01 (d0, q0, r0, m0, 'XP340/counter', ... (13 bytes))
2026-09-19T22:44:31: Received PUBLISH from esp32 (d0, q0, r0, m0, 'XP340/counter', ... (13 bytes))
2026-09-19T22:44:31: Sending PUBLISH to paho-client-01 (d0, q0, r0, m0, 'XP340/counter', ... (13 bytes))
2026-09-19T22:44:37: Received PUBLISH from esp32 (d0, q0, r0, m0, 'XP340/counter', ... (13 bytes))
2026-09-19T22:44:37: Sending PUBLISH to paho-client-01 (d0, q0, r0, m0, 'XP340/counter', ... (13 bytes))
2026-09-19T22:44:41: Received PINGREQ from paho-client-01
2026-09-19T22:44:41: Sending PINGRESP to paho-client-01
2026-09-19T22:44:42: Received PUBLISH from esp32 (d0, q0, r0, m0, 'XP340/counter', ... (13 bytes))
2026-09-19T22:44:42: Sending PUBLISH to paho-client-01 (d0, q0, r0, m0, 'XP340/counter', ... (13 bytes))
2026-09-19T22:44:47: Received PUBLISH from esp32 (d0, q0, r0, m0, 'XP340/counter', ... (13 bytes))
2026-09-19T22:44:47: Sending PUBLISH to paho-client-01 (d0, q0, r0, m0, 'XP340/counter', ... (13 bytes))
2026-09-19T22:44:52: Received PUBLISH from esp32 (d0, q0, r0, m0, 'XP340/counter', ... (13 bytes))
2026-09-19T22:44:52: Sending PUBLISH to paho-client-01 (d0, q0, r0, m0, 'XP340/counter', ... (13 bytes))
2026-09-19T22:44:57: Received PUBLISH from esp32 (d0, q0, r0, m0, 'XP340/counter', ... (13 bytes))
2026-09-19T22:44:57: Sending PUBLISH to paho-client-01 (d0, q0, r0, m0, 'XP340/counter', ... (13 bytes))
2026-09-19T22:45:02: Received PUBLISH from esp32 (d0, q0, r0, m0, 'XP340/counter', ... (13 bytes))
2026-09-19T22:45:02: Sending PUBLISH to paho-client-01 (d0, q0, r0, m0, 'XP340/counter', ... (13 bytes))
2026-09-19T22:45:07: Received PUBLISH from esp32 (d0, q0, r0, m0, 'XP340/counter', ... (13 bytes))
2026-09-19T22:45:07: Sending PUBLISH to paho-client-01 (d0, q0, r0, m0, 'XP340/counter', ... (13 bytes))
2026-09-19T22:45:12: Received PUBLISH from esp32 (d0, q0, r0, m0, 'XP340/counter', ... (13 bytes))
2026-09-19T22:45:12: Sending PUBLISH to paho-client-01 (d0, q0, r0, m0, 'XP340/counter', ... (13 bytes))
2026-09-19T22:45:17: Received PUBLISH from esp32 (d0, q0, r0, m0, 'XP340/counter', ... (13 bytes))
2026-09-19T22:45:17: Sending PUBLISH to paho-client-01 (d0, q0, r0, m0, 'XP340/counter', ... (13 bytes))
2026-09-19T22:45:22: Received PUBLISH from esp32 (d0, q0, r0, m0, 'XP340/counter', ... (13 bytes))
2026-09-19T22:45:22: Sending PUBLISH to paho-client-01 (d0, q0, r0, m0, 'XP340/counter', ... (13 bytes))
2026-09-19T22:45:27: Received PUBLISH from esp32 (d0, q0, r0, m0, 'XP340/counter', ... (13 bytes))
2026-09-19T22:45:27: Sending PUBLISH to paho-client-01 (d0, q0, r0, m0, 'XP340/counter', ... (13 bytes))
2026-09-19T22:45:32: Received PUBLISH from esp32 (d0, q0, r0, m0, 'XP340/counter', ... (13 bytes))
2026-09-19T22:45:32: Sending PUBLISH to paho-client-01 (d0, q0, r0, m0, 'XP340/counter', ... (13 bytes))
2026-09-19T22:45:37: Received PUBLISH from esp32 (d0, q0, r0, m0, 'XP340/counter', ... (13 bytes))
2026-09-19T22:45:37: Sending PUBLISH to paho-client-01 (d0, q0, r0, m0, 'XP340/counter', ... (13 bytes))
2026-09-19T22:45:41: Received PINGREQ from paho-client-01
2026-09-19T22:45:41: Sending PINGRESP to paho-client-01
2026-09-19T22:45:42: Received PUBLISH from esp32 (d0, q0, r0, m0, 'XP340/counter', ... (13 bytes))
2026-09-19T22:45:42: Sending PUBLISH to paho-client-01 (d0, q0, r0, m0, 'XP340/counter', ... (13 bytes))
2026-09-19T22:45:47: Received PUBLISH from esp32 (d0, q0, r0, m0, 'XP340/counter', ... (13 bytes))
2026-09-19T22:45:47: Sending PUBLISH to paho-client-01 (d0, q0, r0, m0, 'XP340/counter', ... (13 bytes))
2026-09-19T22:45:52: Received PUBLISH from esp32 (d0, q0, r0, m0, 'XP340/counter', ... (13 bytes))
2026-09-19T22:45:52: Sending PUBLISH to paho-client-01 (d0, q0, r0, m0, 'XP340/counter', ... (13 bytes))
2026-09-19T22:45:57: Received PUBLISH from esp32 (d0, q0, r0, m0, 'XP340/counter', ... (13 bytes))
2026-09-19T22:45:57: Sending PUBLISH to paho-client-01 (d0, q0, r0, m0, 'XP340/counter', ... (13 bytes))
2026-09-19T22:46:02: Received PUBLISH from esp32 (d0, q0, r0, m0, 'XP340/counter', ... (13 bytes))
2026-09-19T22:46:02: Sending PUBLISH to paho-client-01 (d0, q0, r0, m0, 'XP340/counter', ... (13 bytes))
2026-09-19T22:46:07: Received PUBLISH from esp32 (d0, q0, r0, m0, 'XP340/counter', ... (13 bytes))
2026-09-19T22:46:07: Sending PUBLISH to paho-client-01 (d0, q0, r0, m0, 'XP340/counter', ... (13 bytes))
2026-09-19T22:46:12: Received PUBLISH from esp32 (d0, q0, r0, m0, 'XP340/counter', ... (13 bytes))
2026-09-19T22:46:12: Sending PUBLISH to paho-client-01 (d0, q0, r0, m0, 'XP340/counter', ... (13 bytes))
2026-09-19T22:46:17: Received PUBLISH from esp32 (d0, q0, r0, m0, 'XP340/counter', ... (13 bytes))
2026-09-19T22:46:17: Sending PUBLISH to paho-client-01 (d0, q0, r0, m0, 'XP340/counter', ... (13 bytes))
2026-09-19T22:46:22: Received PUBLISH from esp32 (d0, q0, r0, m0, 'XP340/counter', ... (13 bytes))
2026-09-19T22:46:22: Sending PUBLISH to paho-client-01 (d0, q0, r0, m0, 'XP340/counter', ... (13 bytes))
2026-09-19T22:46:27: Received PUBLISH from esp32 (d0, q0, r0, m0, 'XP340/counter', ... (13 bytes))
2026-09-19T22:46:27: Sending PUBLISH to paho-client-01 (d0, q0, r0, m0, 'XP340/counter', ... (13 bytes))
2026-09-19T22:46:32: Received PUBLISH from esp32 (d0, q0, r0, m0, 'XP340/counter', ... (13 bytes))
2026-09-19T22:46:32: Sending PUBLISH to paho-client-01 (d0, q0, r0, m0, 'XP340/counter', ... (13 bytes))
2026-09-19T22:46:37: Received PUBLISH from esp32 (d0, q0, r0, m0, 'XP340/counter', ... (13 bytes))
2026-09-19T22:46:37: Sending PUBLISH to paho-client-01 (d0, q0, r0, m0, 'XP340/counter', ... (13 bytes))
2026-09-19T22:46:42: Received PINGREQ from paho-client-01
2026-09-19T22:46:42: Sending PINGRESP to paho-client-01
2026-09-19T22:46:42: Received PUBLISH from esp32 (d0, q0, r0, m0, 'XP340/counter', ... (13 bytes))
2026-09-19T22:46:42: Sending PUBLISH to paho-client-01 (d0, q0, r0, m0, 'XP340/counter', ... (13 bytes))
2026-09-19T22:46:50: Received PUBLISH from esp32 (d0, q0, r0, m0, 'XP340/counter', ... (13 bytes))
2026-09-19T22:46:50: Sending PUBLISH to paho-client-01 (d0, q0, r0, m0, 'XP340/counter', ... (13 bytes))
2026-09-19T22:46:58: Received PUBLISH from esp32 (d0, q0, r0, m0, 'XP340/counter', ... (13 bytes))
2026-09-19T22:46:58: Sending PUBLISH to paho-client-01 (d0, q0, r0, m0, 'XP340/counter', ... (13 bytes))
2026-09-19T22:46:58: Received PUBLISH from esp32 (d0, q0, r0, m0, 'XP340/counter', ... (13 bytes))
2026-09-19T22:46:58: Sending PUBLISH to paho-client-01 (d0, q0, r0, m0, 'XP340/counter', ... (13 bytes))
2026-09-19T22:47:14: Received PUBLISH from esp32 (d0, q0, r0, m0, 'XP340/counter', ... (13 bytes))
2026-09-19T22:47:14: Sending PUBLISH to paho-client-01 (d0, q0, r0, m0, 'XP340/counter', ... (13 bytes))
2026-09-19T22:47:14: Received PUBLISH from esp32 (d0, q0, r0, m0, 'XP340/counter', ... (13 bytes))
2026-09-19T22:47:14: Sending PUBLISH to paho-client-01 (d0, q0, r0, m0, 'XP340/counter', ... (13 bytes))
2026-09-19T22:47:14: Received PUBLISH from esp32 (d0, q0, r0, m0, 'XP340/counter', ... (13 bytes))
2026-09-19T22:47:14: Sending PUBLISH to paho-client-01 (d0, q0, r0, m0, 'XP340/counter', ... (13 bytes))
2026-09-19T22:47:32: Received PUBLISH from esp32 (d0, q0, r0, m0, 'XP340/counter', ... (13 bytes))
2026-09-19T22:47:32: Sending PUBLISH to paho-client-01 (d0, q0, r0, m0, 'XP340/counter', ... (13 bytes))
2026-09-19T22:47:32: Received PUBLISH from esp32 (d0, q0, r0, m0, 'XP340/counter', ... (13 bytes))
2026-09-19T22:47:32: Sending PUBLISH to paho-client-01 (d0, q0, r0, m0, 'XP340/counter', ... (13 bytes))
2026-09-19T22:47:32: Received PUBLISH from esp32 (d0, q0, r0, m0, 'XP340/counter', ... (13 bytes))
2026-09-19T22:47:32: Sending PUBLISH to paho-client-01 (d0, q0, r0, m0, 'XP340/counter', ... (13 bytes))
2026-09-19T22:47:32: Received PUBLISH from esp32 (d0, q0, r0, m0, 'XP340/counter', ... (13 bytes))
2026-09-19T22:47:32: Sending PUBLISH to paho-client-01 (d0, q0, r0, m0, 'XP340/counter', ... (13 bytes))
2026-09-19T22:47:41: Received PUBLISH from esp32 (d0, q0, r0, m0, 'XP340/counter', ... (13 bytes))
2026-09-19T22:47:41: Sending PUBLISH to paho-client-01 (d0, q0, r0, m0, 'XP340/counter', ... (13 bytes))
2026-09-19T22:47:42: Received PINGREQ from paho-client-01
2026-09-19T22:47:42: Sending PINGRESP to paho-client-01
2026-09-19T22:47:50: Received PUBLISH from esp32 (d0, q0, r0, m0, 'XP340/counter', ... (13 bytes))
2026-09-19T22:47:50: Sending PUBLISH to paho-client-01 (d0, q0, r0, m0, 'XP340/counter', ... (13 bytes))
2026-09-19T22:47:50: Received PUBLISH from esp32 (d0, q0, r0, m0, 'XP340/counter', ... (13 bytes))
2026-09-19T22:47:50: Sending PUBLISH to paho-client-01 (d0, q0, r0, m0, 'XP340/counter', ... (13 bytes))
2026-09-19T22:47:52: Received PUBLISH from esp32 (d0, q0, r0, m0, 'XP340/counter', ... (13 bytes))
2026-09-19T22:47:52: Sending PUBLISH to paho-client-01 (d0, q0, r0, m0, 'XP340/counter', ... (13 bytes))
2026-09-19T22:47:59: Received PUBLISH from esp32 (d0, q0, r0, m0, 'XP340/counter', ... (13 bytes))
2026-09-19T22:47:59: Sending PUBLISH to paho-client-01 (d0, q0, r0, m0, 'XP340/counter', ... (13 bytes))
2026-09-19T22:48:03: Received PUBLISH from esp32 (d0, q0, r0, m0, 'XP340/counter', ... (13 bytes))
2026-09-19T22:48:03: Sending PUBLISH to paho-client-01 (d0, q0, r0, m0, 'XP340/counter', ... (13 bytes))
2026-09-19T22:48:17: Saving in-memory database to /mosquitto/data//mosquitto.db.
2026-09-19T22:48:21: Received PUBLISH from esp32 (d0, q0, r0, m0, 'XP340/counter', ... (13 bytes))
2026-09-19T22:48:21: Sending PUBLISH to paho-client-01 (d0, q0, r0, m0, 'XP340/counter', ... (13 bytes))
2026-09-19T22:48:21: Received PUBLISH from esp32 (d0, q0, r0, m0, 'XP340/counter', ... (13 bytes))
2026-09-19T22:48:21: Sending PUBLISH to paho-client-01 (d0, q0, r0, m0, 'XP340/counter', ... (13 bytes))
2026-09-19T22:48:21: Received PUBLISH from esp32 (d0, q0, r0, m0, 'XP340/counter', ... (13 bytes))
2026-09-19T22:48:21: Sending PUBLISH to paho-client-01 (d0, q0, r0, m0, 'XP340/counter', ... (13 bytes))
2026-09-19T22:48:24: Received PUBLISH from esp32 (d0, q0, r0, m0, 'XP340/counter', ... (13 bytes))
2026-09-19T22:48:24: Sending PUBLISH to paho-client-01 (d0, q0, r0, m0, 'XP340/counter', ... (13 bytes))
2026-09-19T22:48:42: Received PINGREQ from paho-client-01
2026-09-19T22:48:42: Sending PINGRESP to paho-client-01
2026-09-19T22:48:45: Received PUBLISH from esp32 (d0, q0, r0, m0, 'XP340/counter', ... (13 bytes))
2026-09-19T22:48:45: Sending PUBLISH to paho-client-01 (d0, q0, r0, m0, 'XP340/counter', ... (13 bytes))
2026-09-19T22:48:45: Received PUBLISH from esp32 (d0, q0, r0, m0, 'XP340/counter', ... (13 bytes))
2026-09-19T22:48:45: Sending PUBLISH to paho-client-01 (d0, q0, r0, m0, 'XP340/counter', ... (13 bytes))
2026-09-19T22:48:45: Received PUBLISH from esp32 (d0, q0, r0, m0, 'XP340/counter', ... (13 bytes))
2026-09-19T22:48:45: Sending PUBLISH to paho-client-01 (d0, q0, r0, m0, 'XP340/counter', ... (13 bytes))
2026-09-19T22:48:45: Received PUBLISH from esp32 (d0, q0, r0, m0, 'XP340/counter', ... (13 bytes))
2026-09-19T22:48:45: Sending PUBLISH to paho-client-01 (d0, q0, r0, m0, 'XP340/counter', ... (13 bytes))
2026-09-19T22:48:48: Received PUBLISH from esp32 (d0, q0, r0, m0, 'XP340/counter', ... (13 bytes))
2026-09-19T22:48:48: Sending PUBLISH to paho-client-01 (d0, q0, r0, m0, 'XP340/counter', ... (13 bytes))
2026-09-19T22:48:54: Received PUBLISH from esp32 (d0, q0, r0, m0, 'XP340/counter', ... (13 bytes))
2026-09-19T22:48:54: Sending PUBLISH to paho-client-01 (d0, q0, r0, m0, 'XP340/counter', ... (13 bytes))
2026-09-19T22:49:20: Received PUBLISH from esp32 (d0, q0, r0, m0, 'XP340/counter', ... (13 bytes))
2026-09-19T22:49:20: Sending PUBLISH to paho-client-01 (d0, q0, r0, m0, 'XP340/counter', ... (13 bytes))
2026-09-19T22:49:20: Received PUBLISH from esp32 (d0, q0, r0, m0, 'XP340/counter', ... (13 bytes))
2026-09-19T22:49:20: Sending PUBLISH to paho-client-01 (d0, q0, r0, m0, 'XP340/counter', ... (13 bytes))
2026-09-19T22:49:20: Received PUBLISH from esp32 (d0, q0, r0, m0, 'XP340/counter', ... (13 bytes))
2026-09-19T22:49:20: Sending PUBLISH to paho-client-01 (d0, q0, r0, m0, 'XP340/counter', ... (13 bytes))
2026-09-19T22:49:20: Received PUBLISH from esp32 (d0, q0, r0, m0, 'XP340/counter', ... (13 bytes))
2026-09-19T22:49:20: Sending PUBLISH to paho-client-01 (d0, q0, r0, m0, 'XP340/counter', ... (13 bytes))
2026-09-19T22:49:20: Received PUBLISH from esp32 (d0, q0, r0, m0, 'XP340/counter', ... (13 bytes))
2026-09-19T22:49:20: Sending PUBLISH to paho-client-01 (d0, q0, r0, m0, 'XP340/counter', ... (13 bytes))
2026-09-19T22:49:27: Received PUBLISH from esp32 (d0, q0, r0, m0, 'XP340/counter', ... (13 bytes))
2026-09-19T22:49:27: Sending PUBLISH to paho-client-01 (d0, q0, r0, m0, 'XP340/counter', ... (13 bytes))
2026-09-19T22:49:32: Received PUBLISH from esp32 (d0, q0, r0, m0, 'XP340/counter', ... (13 bytes))
2026-09-19T22:49:32: Sending PUBLISH to paho-client-01 (d0, q0, r0, m0, 'XP340/counter', ... (13 bytes))
2026-09-19T22:49:35: Received PUBLISH from esp32 (d0, q0, r0, m0, 'XP340/counter', ... (13 bytes))
2026-09-19T22:49:35: Sending PUBLISH to paho-client-01 (d0, q0, r0, m0, 'XP340/counter', ... (13 bytes))
2026-09-19T22:49:41: Received PUBLISH from esp32 (d0, q0, r0, m0, 'XP340/counter', ... (13 bytes))
2026-09-19T22:49:41: Sending PUBLISH to paho-client-01 (d0, q0, r0, m0, 'XP340/counter', ... (13 bytes))
2026-09-19T22:49:43: Received PUBLISH from esp32 (d0, q0, r0, m0, 'XP340/counter', ... (13 bytes))
2026-09-19T22:49:43: Sending PUBLISH to paho-client-01 (d0, q0, r0, m0, 'XP340/counter', ... (13 bytes))
2026-09-19T22:49:43: Received PINGREQ from paho-client-01
2026-09-19T22:49:43: Sending PINGRESP to paho-client-01
2026-09-19T22:49:47: Received PUBLISH from esp32 (d0, q0, r0, m0, 'XP340/counter', ... (13 bytes))
2026-09-19T22:49:47: Sending PUBLISH to paho-client-01 (d0, q0, r0, m0, 'XP340/counter', ... (13 bytes))
2026-09-19T22:49:52: Received PUBLISH from esp32 (d0, q0, r0, m0, 'XP340/counter', ... (13 bytes))
2026-09-19T22:49:52: Sending PUBLISH to paho-client-01 (d0, q0, r0, m0, 'XP340/counter', ... (13 bytes))
2026-09-19T22:49:58: Received PUBLISH from esp32 (d0, q0, r0, m0, 'XP340/counter', ... (13 bytes))
2026-09-19T22:49:58: Sending PUBLISH to paho-client-01 (d0, q0, r0, m0, 'XP340/counter', ... (13 bytes))
2026-09-19T22:50:03: Received PUBLISH from esp32 (d0, q0, r0, m0, 'XP340/counter', ... (13 bytes))
2026-09-19T22:50:03: Sending PUBLISH to paho-client-01 (d0, q0, r0, m0, 'XP340/counter', ... (13 bytes))
2026-09-19T22:50:07: Received PUBLISH from esp32 (d0, q0, r0, m0, 'XP340/counter', ... (13 bytes))
2026-09-19T22:50:07: Sending PUBLISH to paho-client-01 (d0, q0, r0, m0, 'XP340/counter', ... (13 bytes))
2026-09-19T22:50:13: Received PUBLISH from esp32 (d0, q0, r0, m0, 'XP340/counter', ... (13 bytes))
2026-09-19T22:50:13: Sending PUBLISH to paho-client-01 (d0, q0, r0, m0, 'XP340/counter', ... (13 bytes))
2026-09-19T22:50:17: Received PUBLISH from esp32 (d0, q0, r0, m0, 'XP340/counter', ... (13 bytes))
2026-09-19T22:50:17: Sending PUBLISH to paho-client-01 (d0, q0, r0, m0, 'XP340/counter', ... (13 bytes))
2026-09-19T22:50:26: Received PUBLISH from esp32 (d0, q0, r0, m0, 'XP340/counter', ... (13 bytes))
2026-09-19T22:50:26: Sending PUBLISH to paho-client-01 (d0, q0, r0, m0, 'XP340/counter', ... (13 bytes))
2026-09-19T22:50:30: Received PUBLISH from esp32 (d0, q0, r0, m0, 'XP340/counter', ... (13 bytes))
2026-09-19T22:50:30: Sending PUBLISH to paho-client-01 (d0, q0, r0, m0, 'XP340/counter', ... (13 bytes))
2026-09-19T22:50:32: Received PUBLISH from esp32 (d0, q0, r0, m0, 'XP340/counter', ... (13 bytes))
2026-09-19T22:50:32: Sending PUBLISH to paho-client-01 (d0, q0, r0, m0, 'XP340/counter', ... (13 bytes))
2026-09-19T22:50:37: Received PUBLISH from esp32 (d0, q0, r0, m0, 'XP340/counter', ... (13 bytes))
2026-09-19T22:50:37: Sending PUBLISH to paho-client-01 (d0, q0, r0, m0, 'XP340/counter', ... (13 bytes))
2026-09-19T22:50:42: Received PUBLISH from esp32 (d0, q0, r0, m0, 'XP340/counter', ... (13 bytes))
2026-09-19T22:50:42: Sending PUBLISH to paho-client-01 (d0, q0, r0, m0, 'XP340/counter', ... (13 bytes))
2026-09-19T22:50:43: Received PINGREQ from paho-client-01
2026-09-19T22:50:43: Sending PINGRESP to paho-client-01
2026-09-19T22:50:48: Received PUBLISH from esp32 (d0, q0, r0, m0, 'XP340/counter', ... (13 bytes))
2026-09-19T22:50:48: Sending PUBLISH to paho-client-01 (d0, q0, r0, m0, 'XP340/counter', ... (13 bytes))
2026-09-19T22:50:54: Received PUBLISH from esp32 (d0, q0, r0, m0, 'XP340/counter', ... (13 bytes))
2026-09-19T22:50:54: Sending PUBLISH to paho-client-01 (d0, q0, r0, m0, 'XP340/counter', ... (13 bytes))
2026-09-19T22:50:57: Received PUBLISH from esp32 (d0, q0, r0, m0, 'XP340/counter', ... (13 bytes))
2026-09-19T22:50:57: Sending PUBLISH to paho-client-01 (d0, q0, r0, m0, 'XP340/counter', ... (13 bytes))
2026-09-19T22:51:02: Received PUBLISH from esp32 (d0, q0, r0, m0, 'XP340/counter', ... (13 bytes))
2026-09-19T22:51:02: Sending PUBLISH to paho-client-01 (d0, q0, r0, m0, 'XP340/counter', ... (13 bytes))
2026-09-19T22:51:08: Received PUBLISH from esp32 (d0, q0, r0, m0, 'XP340/counter', ... (13 bytes))
2026-09-19T22:51:08: Sending PUBLISH to paho-client-01 (d0, q0, r0, m0, 'XP340/counter', ... (13 bytes))
2026-09-19T22:51:12: Received PUBLISH from esp32 (d0, q0, r0, m0, 'XP340/counter', ... (13 bytes))
2026-09-19T22:51:12: Sending PUBLISH to paho-client-01 (d0, q0, r0, m0, 'XP340/counter', ... (13 bytes))
2026-09-19T22:51:18: Received PUBLISH from esp32 (d0, q0, r0, m0, 'XP340/counter', ... (13 bytes))
2026-09-19T22:51:18: Sending PUBLISH to paho-client-01 (d0, q0, r0, m0, 'XP340/counter', ... (13 bytes))
2026-09-19T22:51:23: Received PUBLISH from esp32 (d0, q0, r0, m0, 'XP340/counter', ... (13 bytes))
2026-09-19T22:51:23: Sending PUBLISH to paho-client-01 (d0, q0, r0, m0, 'XP340/counter', ... (13 bytes))
2026-09-19T22:51:28: Received PUBLISH from esp32 (d0, q0, r0, m0, 'XP340/counter', ... (13 bytes))
2026-09-19T22:51:28: Sending PUBLISH to paho-client-01 (d0, q0, r0, m0, 'XP340/counter', ... (13 bytes))
2026-09-19T22:51:32: Received PUBLISH from esp32 (d0, q0, r0, m0, 'XP340/counter', ... (13 bytes))
2026-09-19T22:51:32: Sending PUBLISH to paho-client-01 (d0, q0, r0, m0, 'XP340/counter', ... (13 bytes))
2026-09-19T22:51:39: Received PUBLISH from esp32 (d0, q0, r0, m0, 'XP340/counter', ... (13 bytes))
2026-09-19T22:51:39: Sending PUBLISH to paho-client-01 (d0, q0, r0, m0, 'XP340/counter', ... (13 bytes))
2026-09-19T22:51:44: Received PUBLISH from esp32 (d0, q0, r0, m0, 'XP340/counter', ... (13 bytes))
2026-09-19T22:51:44: Sending PUBLISH to paho-client-01 (d0, q0, r0, m0, 'XP340/counter', ... (13 bytes))
2026-09-19T22:51:44: Received PINGREQ from paho-client-01
2026-09-19T22:51:44: Sending PINGRESP to paho-client-01
2026-09-19T22:51:48: Received PUBLISH from esp32 (d0, q0, r0, m0, 'XP340/counter', ... (13 bytes))
2026-09-19T22:51:48: Sending PUBLISH to paho-client-01 (d0, q0, r0, m0, 'XP340/counter', ... (13 bytes))
2026-09-19T22:51:53: Received PUBLISH from esp32 (d0, q0, r0, m0, 'XP340/counter', ... (13 bytes))
2026-09-19T22:51:53: Sending PUBLISH to paho-client-01 (d0, q0, r0, m0, 'XP340/counter', ... (13 bytes))
2026-09-19T22:51:57: Received PUBLISH from esp32 (d0, q0, r0, m0, 'XP340/counter', ... (13 bytes))
2026-09-19T22:51:57: Sending PUBLISH to paho-client-01 (d0, q0, r0, m0, 'XP340/counter', ... (13 bytes))
2026-09-19T22:52:02: Received PUBLISH from esp32 (d0, q0, r0, m0, 'XP340/counter', ... (13 bytes))
2026-09-19T22:52:02: Sending PUBLISH to paho-client-01 (d0, q0, r0, m0, 'XP340/counter', ... (13 bytes))
2026-09-19T22:52:08: Received PUBLISH from esp32 (d0, q0, r0, m0, 'XP340/counter', ... (13 bytes))
2026-09-19T22:52:08: Sending PUBLISH to paho-client-01 (d0, q0, r0, m0, 'XP340/counter', ... (13 bytes))
2026-09-19T22:52:13: Received PUBLISH from esp32 (d0, q0, r0, m0, 'XP340/counter', ... (13 bytes))
2026-09-19T22:52:13: Sending PUBLISH to paho-client-01 (d0, q0, r0, m0, 'XP340/counter', ... (13 bytes))
2026-09-19T22:52:18: Received PUBLISH from esp32 (d0, q0, r0, m0, 'XP340/counter', ... (13 bytes))
2026-09-19T22:52:18: Sending PUBLISH to paho-client-01 (d0, q0, r0, m0, 'XP340/counter', ... (13 bytes))
2026-09-19T22:52:23: Received PUBLISH from esp32 (d0, q0, r0, m0, 'XP340/counter', ... (13 bytes))
2026-09-19T22:52:23: Sending PUBLISH to paho-client-01 (d0, q0, r0, m0, 'XP340/counter', ... (13 bytes))
2026-09-19T22:52:28: Received PUBLISH from esp32 (d0, q0, r0, m0, 'XP340/counter', ... (13 bytes))
2026-09-19T22:52:28: Sending PUBLISH to paho-client-01 (d0, q0, r0, m0, 'XP340/counter', ... (13 bytes))
2026-09-19T22:52:33: Received PUBLISH from esp32 (d0, q0, r0, m0, 'XP340/counter', ... (13 bytes))
2026-09-19T22:52:33: Sending PUBLISH to paho-client-01 (d0, q0, r0, m0, 'XP340/counter', ... (13 bytes))
2026-09-19T22:52:38: Received PUBLISH from esp32 (d0, q0, r0, m0, 'XP340/counter', ... (13 bytes))
2026-09-19T22:52:38: Sending PUBLISH to paho-client-01 (d0, q0, r0, m0, 'XP340/counter', ... (13 bytes))
2026-09-19T22:52:43: Received PUBLISH from esp32 (d0, q0, r0, m0, 'XP340/counter', ... (13 bytes))
2026-09-19T22:52:43: Sending PUBLISH to paho-client-01 (d0, q0, r0, m0, 'XP340/counter', ... (13 bytes))
2026-09-19T22:52:45: Received PINGREQ from paho-client-01
2026-09-19T22:52:45: Sending PINGRESP to paho-client-01
2026-09-19T22:52:48: Received PUBLISH from esp32 (d0, q0, r0, m0, 'XP340/counter', ... (13 bytes))
2026-09-19T22:52:48: Sending PUBLISH to paho-client-01 (d0, q0, r0, m0, 'XP340/counter', ... (13 bytes))
2026-09-19T22:52:53: Received PUBLISH from esp32 (d0, q0, r0, m0, 'XP340/counter', ... (13 bytes))
2026-09-19T22:52:53: Sending PUBLISH to paho-client-01 (d0, q0, r0, m0, 'XP340/counter', ... (13 bytes))
2026-09-19T22:52:58: Received PUBLISH from esp32 (d0, q0, r0, m0, 'XP340/counter', ... (13 bytes))
2026-09-19T22:52:58: Sending PUBLISH to paho-client-01 (d0, q0, r0, m0, 'XP340/counter', ... (13 bytes))
2026-09-19T22:53:03: Received PUBLISH from esp32 (d0, q0, r0, m0, 'XP340/counter', ... (13 bytes))
2026-09-19T22:53:03: Sending PUBLISH to paho-client-01 (d0, q0, r0, m0, 'XP340/counter', ... (13 bytes))
2026-09-19T22:53:08: Received PUBLISH from esp32 (d0, q0, r0, m0, 'XP340/counter', ... (13 bytes))
2026-09-19T22:53:08: Sending PUBLISH to paho-client-01 (d0, q0, r0, m0, 'XP340/counter', ... (13 bytes))
2026-09-19T22:53:14: Received PUBLISH from esp32 (d0, q0, r0, m0, 'XP340/counter', ... (13 bytes))
2026-09-19T22:53:14: Sending PUBLISH to paho-client-01 (d0, q0, r0, m0, 'XP340/counter', ... (13 bytes))
2026-09-19T22:53:18: Received PUBLISH from esp32 (d0, q0, r0, m0, 'XP340/counter', ... (13 bytes))
2026-09-19T22:53:18: Sending PUBLISH to paho-client-01 (d0, q0, r0, m0, 'XP340/counter', ... (13 bytes))
2026-09-19T22:53:24: Received PUBLISH from esp32 (d0, q0, r0, m0, 'XP340/counter', ... (13 bytes))
2026-09-19T22:53:24: Sending PUBLISH to paho-client-01 (d0, q0, r0, m0, 'XP340/counter', ... (13 bytes))
2026-09-19T22:53:29: Received PUBLISH from esp32 (d0, q0, r0, m0, 'XP340/counter', ... (13 bytes))
2026-09-19T22:53:29: Sending PUBLISH to paho-client-01 (d0, q0, r0, m0, 'XP340/counter', ... (13 bytes))
2026-09-19T22:53:33: Received PUBLISH from esp32 (d0, q0, r0, m0, 'XP340/counter', ... (13 bytes))
2026-09-19T22:53:33: Sending PUBLISH to paho-client-01 (d0, q0, r0, m0, 'XP340/counter', ... (13 bytes))
2026-09-19T22:53:38: Received PUBLISH from esp32 (d0, q0, r0, m0, 'XP340/counter', ... (13 bytes))
2026-09-19T22:53:38: Sending PUBLISH to paho-client-01 (d0, q0, r0, m0, 'XP340/counter', ... (13 bytes))
2026-09-19T22:53:45: Received PINGREQ from paho-client-01
2026-09-19T22:53:45: Sending PINGRESP to paho-client-01
2026-09-19T22:53:52: Received PUBLISH from esp32 (d0, q0, r0, m0, 'XP340/counter', ... (13 bytes))
2026-09-19T22:53:52: Sending PUBLISH to paho-client-01 (d0, q0, r0, m0, 'XP340/counter', ... (13 bytes))
2026-09-19T22:53:52: Received PUBLISH from esp32 (d0, q0, r0, m0, 'XP340/counter', ... (13 bytes))
2026-09-19T22:53:52: Sending PUBLISH to paho-client-01 (d0, q0, r0, m0, 'XP340/counter', ... (13 bytes))
2026-09-19T22:53:54: Received PUBLISH from esp32 (d0, q0, r0, m0, 'XP340/counter', ... (13 bytes))
2026-09-19T22:53:54: Sending PUBLISH to paho-client-01 (d0, q0, r0, m0, 'XP340/counter', ... (13 bytes))
2026-09-19T22:53:58: Received PUBLISH from esp32 (d0, q0, r0, m0, 'XP340/counter', ... (13 bytes))
2026-09-19T22:53:58: Sending PUBLISH to paho-client-01 (d0, q0, r0, m0, 'XP340/counter', ... (13 bytes))
2026-09-19T22:54:10: Received PUBLISH from esp32 (d0, q0, r0, m0, 'XP340/counter', ... (13 bytes))
2026-09-19T22:54:10: Sending PUBLISH to paho-client-01 (d0, q0, r0, m0, 'XP340/counter', ... (13 bytes))
2026-09-19T22:54:10: Received PUBLISH from esp32 (d0, q0, r0, m0, 'XP340/counter', ... (13 bytes))
2026-09-19T22:54:10: Sending PUBLISH to paho-client-01 (d0, q0, r0, m0, 'XP340/counter', ... (13 bytes))
2026-09-19T22:54:21: Received PUBLISH from esp32 (d0, q0, r0, m0, 'XP340/counter', ... (13 bytes))
2026-09-19T22:54:21: Sending PUBLISH to paho-client-01 (d0, q0, r0, m0, 'XP340/counter', ... (13 bytes))
2026-09-19T22:54:21: Received PUBLISH from esp32 (d0, q0, r0, m0, 'XP340/counter', ... (13 bytes))
2026-09-19T22:54:21: Sending PUBLISH to paho-client-01 (d0, q0, r0, m0, 'XP340/counter', ... (13 bytes))
2026-09-19T22:54:26: Received PUBLISH from esp32 (d0, q0, r0, m0, 'XP340/counter', ... (13 bytes))
2026-09-19T22:54:26: Sending PUBLISH to paho-client-01 (d0, q0, r0, m0, 'XP340/counter', ... (13 bytes))
2026-09-19T22:54:29: Received PUBLISH from esp32 (d0, q0, r0, m0, 'XP340/counter', ... (13 bytes))
2026-09-19T22:54:29: Sending PUBLISH to paho-client-01 (d0, q0, r0, m0, 'XP340/counter', ... (13 bytes))
2026-09-19T22:54:33: Received PUBLISH from esp32 (d0, q0, r0, m0, 'XP340/counter', ... (13 bytes))
2026-09-19T22:54:33: Sending PUBLISH to paho-client-01 (d0, q0, r0, m0, 'XP340/counter', ... (13 bytes))
2026-09-19T22:54:39: Received PUBLISH from esp32 (d0, q0, r0, m0, 'XP340/counter', ... (13 bytes))
2026-09-19T22:54:39: Sending PUBLISH to paho-client-01 (d0, q0, r0, m0, 'XP340/counter', ... (13 bytes))
2026-09-19T22:54:46: Received PINGREQ from paho-client-01
2026-09-19T22:54:46: Sending PINGRESP to paho-client-01
2026-09-19T22:54:49: Received PUBLISH from esp32 (d0, q0, r0, m0, 'XP340/counter', ... (13 bytes))
2026-09-19T22:54:49: Sending PUBLISH to paho-client-01 (d0, q0, r0, m0, 'XP340/counter', ... (13 bytes))
2026-09-19T22:54:49: Received PUBLISH from esp32 (d0, q0, r0, m0, 'XP340/counter', ... (13 bytes))
2026-09-19T22:54:49: Sending PUBLISH to paho-client-01 (d0, q0, r0, m0, 'XP340/counter', ... (13 bytes))
2026-09-19T22:54:58: Received PUBLISH from esp32 (d0, q0, r0, m0, 'XP340/counter', ... (13 bytes))
2026-09-19T22:54:58: Sending PUBLISH to paho-client-01 (d0, q0, r0, m0, 'XP340/counter', ... (13 bytes))
2026-09-19T22:54:58: Received PUBLISH from esp32 (d0, q0, r0, m0, 'XP340/counter', ... (13 bytes))
2026-09-19T22:54:58: Sending PUBLISH to paho-client-01 (d0, q0, r0, m0, 'XP340/counter', ... (13 bytes))
2026-09-19T22:55:07: Received PUBLISH from esp32 (d0, q0, r0, m0, 'XP340/counter', ... (13 bytes))
2026-09-19T22:55:07: Sending PUBLISH to paho-client-01 (d0, q0, r0, m0, 'XP340/counter', ... (13 bytes))
2026-09-19T22:55:10: Received PUBLISH from esp32 (d0, q0, r0, m0, 'XP340/counter', ... (13 bytes))
2026-09-19T22:55:10: Sending PUBLISH to paho-client-01 (d0, q0, r0, m0, 'XP340/counter', ... (13 bytes))
2026-09-19T22:55:21: Received PUBLISH from esp32 (d0, q0, r0, m0, 'XP340/counter', ... (13 bytes))
2026-09-19T22:55:21: Sending PUBLISH to paho-client-01 (d0, q0, r0, m0, 'XP340/counter', ... (13 bytes))
2026-09-19T22:55:21: Received PUBLISH from esp32 (d0, q0, r0, m0, 'XP340/counter', ... (13 bytes))
2026-09-19T22:55:21: Sending PUBLISH to paho-client-01 (d0, q0, r0, m0, 'XP340/counter', ... (13 bytes))
2026-09-19T22:55:23: Received PUBLISH from esp32 (d0, q0, r0, m0, 'XP340/counter', ... (13 bytes))
2026-09-19T22:55:23: Sending PUBLISH to paho-client-01 (d0, q0, r0, m0, 'XP340/counter', ... (13 bytes))
2026-09-19T22:55:33: Received PUBLISH from esp32 (d0, q0, r0, m0, 'XP340/counter', ... (13 bytes))
2026-09-19T22:55:33: Sending PUBLISH to paho-client-01 (d0, q0, r0, m0, 'XP340/counter', ... (13 bytes))
2026-09-19T22:55:33: Received PUBLISH from esp32 (d0, q0, r0, m0, 'XP340/counter', ... (13 bytes))
2026-09-19T22:55:33: Sending PUBLISH to paho-client-01 (d0, q0, r0, m0, 'XP340/counter', ... (13 bytes))
2026-09-19T22:55:38: Received PUBLISH from esp32 (d0, q0, r0, m0, 'XP340/counter', ... (13 bytes))
2026-09-19T22:55:38: Sending PUBLISH to paho-client-01 (d0, q0, r0, m0, 'XP340/counter', ... (13 bytes))
2026-09-19T22:55:44: Received PUBLISH from esp32 (d0, q0, r0, m0, 'XP340/counter', ... (13 bytes))
2026-09-19T22:55:44: Sending PUBLISH to paho-client-01 (d0, q0, r0, m0, 'XP340/counter', ... (13 bytes))
2026-09-19T22:55:47: Received PINGREQ from paho-client-01
2026-09-19T22:55:47: Sending PINGRESP to paho-client-01
2026-09-19T22:55:50: Received PUBLISH from esp32 (d0, q0, r0, m0, 'XP340/counter', ... (13 bytes))
2026-09-19T22:55:50: Sending PUBLISH to paho-client-01 (d0, q0, r0, m0, 'XP340/counter', ... (13 bytes))
2026-09-19T22:55:53: Received PUBLISH from esp32 (d0, q0, r0, m0, 'XP340/counter', ... (13 bytes))
2026-09-19T22:55:53: Sending PUBLISH to paho-client-01 (d0, q0, r0, m0, 'XP340/counter', ... (13 bytes))
2026-09-19T22:55:58: Received PUBLISH from esp32 (d0, q0, r0, m0, 'XP340/counter', ... (13 bytes))
2026-09-19T22:55:58: Sending PUBLISH to paho-client-01 (d0, q0, r0, m0, 'XP340/counter', ... (13 bytes))
2026-09-19T22:56:07: Received PUBLISH from esp32 (d0, q0, r0, m0, 'XP340/counter', ... (13 bytes))
2026-09-19T22:56:07: Sending PUBLISH to paho-client-01 (d0, q0, r0, m0, 'XP340/counter', ... (13 bytes))
2026-09-19T22:56:12: Received PUBLISH from esp32 (d0, q0, r0, m0, 'XP340/counter', ... (13 bytes))
2026-09-19T22:56:12: Sending PUBLISH to paho-client-01 (d0, q0, r0, m0, 'XP340/counter', ... (13 bytes))
2026-09-19T22:56:15: Received PUBLISH from esp32 (d0, q0, r0, m0, 'XP340/counter', ... (13 bytes))
2026-09-19T22:56:15: Sending PUBLISH to paho-client-01 (d0, q0, r0, m0, 'XP340/counter', ... (13 bytes))
2026-09-19T22:56:19: Received PUBLISH from esp32 (d0, q0, r0, m0, 'XP340/counter', ... (13 bytes))
2026-09-19T22:56:19: Sending PUBLISH to paho-client-01 (d0, q0, r0, m0, 'XP340/counter', ... (13 bytes))
2026-09-19T22:56:24: Received PUBLISH from esp32 (d0, q0, r0, m0, 'XP340/counter', ... (13 bytes))
2026-09-19T22:56:24: Sending PUBLISH to paho-client-01 (d0, q0, r0, m0, 'XP340/counter', ... (13 bytes))
2026-09-19T22:56:30: Received PUBLISH from esp32 (d0, q0, r0, m0, 'XP340/counter', ... (13 bytes))
2026-09-19T22:56:30: Sending PUBLISH to paho-client-01 (d0, q0, r0, m0, 'XP340/counter', ... (13 bytes))
2026-09-19T22:56:47: Received PINGREQ from paho-client-01
2026-09-19T22:56:47: Sending PINGRESP to paho-client-01
2026-09-19T22:57:07: Received PUBLISH from esp32 (d0, q0, r0, m0, 'XP340/counter', ... (13 bytes))
2026-09-19T22:57:07: Sending PUBLISH to paho-client-01 (d0, q0, r0, m0, 'XP340/counter', ... (13 bytes))
2026-09-19T22:57:07: Received PUBLISH from esp32 (d0, q0, r0, m0, 'XP340/counter', ... (13 bytes))
2026-09-19T22:57:07: Sending PUBLISH to paho-client-01 (d0, q0, r0, m0, 'XP340/counter', ... (13 bytes))
2026-09-19T22:57:07: Received PUBLISH from esp32 (d0, q0, r0, m0, 'XP340/counter', ... (13 bytes))
2026-09-19T22:57:07: Sending PUBLISH to paho-client-01 (d0, q0, r0, m0, 'XP340/counter', ... (13 bytes))
2026-09-19T22:57:07: Received PUBLISH from esp32 (d0, q0, r0, m0, 'XP340/counter', ... (13 bytes))
2026-09-19T22:57:07: Sending PUBLISH to paho-client-01 (d0, q0, r0, m0, 'XP340/counter', ... (13 bytes))
2026-09-19T22:57:07: Received PUBLISH from esp32 (d0, q0, r0, m0, 'XP340/counter', ... (13 bytes))
2026-09-19T22:57:07: Sending PUBLISH to paho-client-01 (d0, q0, r0, m0, 'XP340/counter', ... (13 bytes))
2026-09-19T22:57:17: Received PUBLISH from esp32 (d0, q0, r0, m0, 'XP340/counter', ... (13 bytes))
2026-09-19T22:57:17: Sending PUBLISH to paho-client-01 (d0, q0, r0, m0, 'XP340/counter', ... (13 bytes))
2026-09-19T22:57:17: Received PUBLISH from esp32 (d0, q0, r0, m0, 'XP340/counter', ... (13 bytes))
2026-09-19T22:57:17: Sending PUBLISH to paho-client-01 (d0, q0, r0, m0, 'XP340/counter', ... (13 bytes))
2026-09-19T22:57:17: Received PUBLISH from esp32 (d0, q0, r0, m0, 'XP340/counter', ... (13 bytes))
2026-09-19T22:57:17: Sending PUBLISH to paho-client-01 (d0, q0, r0, m0, 'XP340/counter', ... (13 bytes))
2026-09-19T22:57:17: Received PUBLISH from esp32 (d0, q0, r0, m0, 'XP340/counter', ... (13 bytes))
2026-09-19T22:57:17: Sending PUBLISH to paho-client-01 (d0, q0, r0, m0, 'XP340/counter', ... (13 bytes))
2026-09-19T22:57:22: Received PUBLISH from esp32 (d0, q0, r0, m0, 'XP340/counter', ... (13 bytes))
2026-09-19T22:57:22: Sending PUBLISH to paho-client-01 (d0, q0, r0, m0, 'XP340/counter', ... (13 bytes))
2026-09-19T22:57:25: Received PUBLISH from esp32 (d0, q0, r0, m0, 'XP340/counter', ... (13 bytes))
2026-09-19T22:57:25: Sending PUBLISH to paho-client-01 (d0, q0, r0, m0, 'XP340/counter', ... (13 bytes))
2026-09-19T22:57:28: Received PUBLISH from esp32 (d0, q0, r0, m0, 'XP340/counter', ... (13 bytes))
2026-09-19T22:57:28: Sending PUBLISH to paho-client-01 (d0, q0, r0, m0, 'XP340/counter', ... (13 bytes))
2026-09-19T22:57:34: Received PUBLISH from esp32 (d0, q0, r0, m0, 'XP340/counter', ... (13 bytes))
2026-09-19T22:57:34: Sending PUBLISH to paho-client-01 (d0, q0, r0, m0, 'XP340/counter', ... (13 bytes))
2026-09-19T22:57:39: Received PUBLISH from esp32 (d0, q0, r0, m0, 'XP340/counter', ... (13 bytes))
2026-09-19T22:57:39: Sending PUBLISH to paho-client-01 (d0, q0, r0, m0, 'XP340/counter', ... (13 bytes))
2026-09-19T22:57:48: Received PINGREQ from paho-client-01
2026-09-19T22:57:48: Sending PINGRESP to paho-client-01
2026-09-19T22:57:55: Received PUBLISH from esp32 (d0, q0, r0, m0, 'XP340/counter', ... (13 bytes))
2026-09-19T22:57:55: Sending PUBLISH to paho-client-01 (d0, q0, r0, m0, 'XP340/counter', ... (13 bytes))
2026-09-19T22:57:55: Received PUBLISH from esp32 (d0, q0, r0, m0, 'XP340/counter', ... (13 bytes))
2026-09-19T22:57:55: Sending PUBLISH to paho-client-01 (d0, q0, r0, m0, 'XP340/counter', ... (13 bytes))
2026-09-19T22:57:55: Received PUBLISH from esp32 (d0, q0, r0, m0, 'XP340/counter', ... (13 bytes))
2026-09-19T22:57:55: Sending PUBLISH to paho-client-01 (d0, q0, r0, m0, 'XP340/counter', ... (13 bytes))
2026-09-19T22:57:58: Received PUBLISH from esp32 (d0, q0, r0, m0, 'XP340/counter', ... (13 bytes))
2026-09-19T22:57:58: Sending PUBLISH to paho-client-01 (d0, q0, r0, m0, 'XP340/counter', ... (13 bytes))
2026-09-19T22:58:03: Received PUBLISH from esp32 (d0, q0, r0, m0, 'XP340/counter', ... (13 bytes))
2026-09-19T22:58:03: Sending PUBLISH to paho-client-01 (d0, q0, r0, m0, 'XP340/counter', ... (13 bytes))
2026-09-19T22:58:08: Received PUBLISH from esp32 (d0, q0, r0, m0, 'XP340/counter', ... (13 bytes))
2026-09-19T22:58:08: Sending PUBLISH to paho-client-01 (d0, q0, r0, m0, 'XP340/counter', ... (13 bytes))
2026-09-19T22:58:13: Received PUBLISH from esp32 (d0, q0, r0, m0, 'XP340/counter', ... (13 bytes))
2026-09-19T22:58:13: Sending PUBLISH to paho-client-01 (d0, q0, r0, m0, 'XP340/counter', ... (13 bytes))
2026-09-19T22:58:18: Received PUBLISH from esp32 (d0, q0, r0, m0, 'XP340/counter', ... (13 bytes))
2026-09-19T22:58:18: Sending PUBLISH to paho-client-01 (d0, q0, r0, m0, 'XP340/counter', ... (13 bytes))
2026-09-19T22:58:23: Received PUBLISH from esp32 (d0, q0, r0, m0, 'XP340/counter', ... (13 bytes))
2026-09-19T22:58:23: Sending PUBLISH to paho-client-01 (d0, q0, r0, m0, 'XP340/counter', ... (13 bytes))
2026-09-19T22:58:31: Received PUBLISH from esp32 (d0, q0, r0, m0, 'XP340/counter', ... (13 bytes))
2026-09-19T22:58:31: Sending PUBLISH to paho-client-01 (d0, q0, r0, m0, 'XP340/counter', ... (13 bytes))
2026-09-19T22:58:34: Received PUBLISH from esp32 (d0, q0, r0, m0, 'XP340/counter', ... (13 bytes))
2026-09-19T22:58:34: Sending PUBLISH to paho-client-01 (d0, q0, r0, m0, 'XP340/counter', ... (13 bytes))
2026-09-19T22:58:39: Received PUBLISH from esp32 (d0, q0, r0, m0, 'XP340/counter', ... (13 bytes))
2026-09-19T22:58:39: Sending PUBLISH to paho-client-01 (d0, q0, r0, m0, 'XP340/counter', ... (13 bytes))
2026-09-19T22:58:43: Received PUBLISH from esp32 (d0, q0, r0, m0, 'XP340/counter', ... (13 bytes))
2026-09-19T22:58:43: Sending PUBLISH to paho-client-01 (d0, q0, r0, m0, 'XP340/counter', ... (13 bytes))
2026-09-19T22:58:48: Received PUBLISH from esp32 (d0, q0, r0, m0, 'XP340/counter', ... (13 bytes))
2026-09-19T22:58:48: Sending PUBLISH to paho-client-01 (d0, q0, r0, m0, 'XP340/counter', ... (13 bytes))
2026-09-19T22:58:48: Received PINGREQ from paho-client-01
2026-09-19T22:58:48: Sending PINGRESP to paho-client-01
2026-09-19T22:58:54: Received PUBLISH from esp32 (d0, q0, r0, m0, 'XP340/counter', ... (13 bytes))
2026-09-19T22:58:54: Sending PUBLISH to paho-client-01 (d0, q0, r0, m0, 'XP340/counter', ... (13 bytes))
2026-09-19T22:58:58: Received PUBLISH from esp32 (d0, q0, r0, m0, 'XP340/counter', ... (13 bytes))
2026-09-19T22:58:58: Sending PUBLISH to paho-client-01 (d0, q0, r0, m0, 'XP340/counter', ... (13 bytes))
2026-09-19T22:59:04: Received PUBLISH from esp32 (d0, q0, r0, m0, 'XP340/counter', ... (13 bytes))
2026-09-19T22:59:04: Sending PUBLISH to paho-client-01 (d0, q0, r0, m0, 'XP340/counter', ... (13 bytes))
2026-09-19T22:59:09: Received PUBLISH from esp32 (d0, q0, r0, m0, 'XP340/counter', ... (13 bytes))
2026-09-19T22:59:09: Sending PUBLISH to paho-client-01 (d0, q0, r0, m0, 'XP340/counter', ... (13 bytes))
2026-09-19T22:59:23: Received PUBLISH from esp32 (d0, q0, r0, m0, 'XP340/counter', ... (13 bytes))
2026-09-19T22:59:23: Sending PUBLISH to paho-client-01 (d0, q0, r0, m0, 'XP340/counter', ... (13 bytes))
2026-09-19T22:59:23: Received PUBLISH from esp32 (d0, q0, r0, m0, 'XP340/counter', ... (13 bytes))
2026-09-19T22:59:23: Sending PUBLISH to paho-client-01 (d0, q0, r0, m0, 'XP340/counter', ... (13 bytes))
2026-09-19T22:59:24: Received PUBLISH from esp32 (d0, q0, r0, m0, 'XP340/counter', ... (13 bytes))
2026-09-19T22:59:24: Sending PUBLISH to paho-client-01 (d0, q0, r0, m0, 'XP340/counter', ... (13 bytes))
2026-09-19T22:59:28: Received PUBLISH from esp32 (d0, q0, r0, m0, 'XP340/counter', ... (13 bytes))
2026-09-19T22:59:28: Sending PUBLISH to paho-client-01 (d0, q0, r0, m0, 'XP340/counter', ... (13 bytes))
2026-09-19T22:59:33: Received PUBLISH from esp32 (d0, q0, r0, m0, 'XP340/counter', ... (13 bytes))
2026-09-19T22:59:33: Sending PUBLISH to paho-client-01 (d0, q0, r0, m0, 'XP340/counter', ... (13 bytes))
2026-09-19T22:59:38: Received PUBLISH from esp32 (d0, q0, r0, m0, 'XP340/counter', ... (13 bytes))
2026-09-19T22:59:38: Sending PUBLISH to paho-client-01 (d0, q0, r0, m0, 'XP340/counter', ... (13 bytes))
2026-09-19T22:59:43: Received PUBLISH from esp32 (d0, q0, r0, m0, 'XP340/counter', ... (13 bytes))
2026-09-19T22:59:43: Sending PUBLISH to paho-client-01 (d0, q0, r0, m0, 'XP340/counter', ... (13 bytes))
2026-09-19T22:59:48: Received PINGREQ from paho-client-01
2026-09-19T22:59:48: Sending PINGRESP to paho-client-01
2026-09-19T22:59:49: Received PUBLISH from esp32 (d0, q0, r0, m0, 'XP340/counter', ... (13 bytes))
2026-09-19T22:59:49: Sending PUBLISH to paho-client-01 (d0, q0, r0, m0, 'XP340/counter', ... (13 bytes))
2026-09-19T22:59:53: Received PUBLISH from esp32 (d0, q0, r0, m0, 'XP340/counter', ... (13 bytes))
2026-09-19T22:59:53: Sending PUBLISH to paho-client-01 (d0, q0, r0, m0, 'XP340/counter', ... (13 bytes))
2026-09-19T22:59:59: Received PUBLISH from esp32 (d0, q0, r0, m0, 'XP340/counter', ... (13 bytes))
2026-09-19T22:59:59: Sending PUBLISH to paho-client-01 (d0, q0, r0, m0, 'XP340/counter', ... (13 bytes))
2026-09-19T23:00:04: Received PUBLISH from esp32 (d0, q0, r0, m0, 'XP340/counter', ... (13 bytes))
2026-09-19T23:00:04: Sending PUBLISH to paho-client-01 (d0, q0, r0, m0, 'XP340/counter', ... (13 bytes))
2026-09-19T23:00:09: Received PUBLISH from esp32 (d0, q0, r0, m0, 'XP340/counter', ... (13 bytes))
2026-09-19T23:00:09: Sending PUBLISH to paho-client-01 (d0, q0, r0, m0, 'XP340/counter', ... (13 bytes))
2026-09-19T23:00:14: Received PUBLISH from esp32 (d0, q0, r0, m0, 'XP340/counter', ... (13 bytes))
2026-09-19T23:00:14: Sending PUBLISH to paho-client-01 (d0, q0, r0, m0, 'XP340/counter', ... (13 bytes))
2026-09-19T23:00:19: Received PUBLISH from esp32 (d0, q0, r0, m0, 'XP340/counter', ... (13 bytes))
2026-09-19T23:00:19: Sending PUBLISH to paho-client-01 (d0, q0, r0, m0, 'XP340/counter', ... (13 bytes))
2026-09-19T23:00:24: Received PUBLISH from esp32 (d0, q0, r0, m0, 'XP340/counter', ... (13 bytes))
2026-09-19T23:00:24: Sending PUBLISH to paho-client-01 (d0, q0, r0, m0, 'XP340/counter', ... (13 bytes))
2026-09-19T23:00:29: Received PUBLISH from esp32 (d0, q0, r0, m0, 'XP340/counter', ... (13 bytes))
2026-09-19T23:00:29: Sending PUBLISH to paho-client-01 (d0, q0, r0, m0, 'XP340/counter', ... (13 bytes))
2026-09-19T23:00:34: Received PUBLISH from esp32 (d0, q0, r0, m0, 'XP340/counter', ... (13 bytes))
2026-09-19T23:00:34: Sending PUBLISH to paho-client-01 (d0, q0, r0, m0, 'XP340/counter', ... (13 bytes))
2026-09-19T23:00:40: Received PUBLISH from esp32 (d0, q0, r0, m0, 'XP340/counter', ... (13 bytes))
2026-09-19T23:00:40: Sending PUBLISH to paho-client-01 (d0, q0, r0, m0, 'XP340/counter', ... (13 bytes))
2026-09-19T23:00:44: Received PUBLISH from esp32 (d0, q0, r0, m0, 'XP340/counter', ... (13 bytes))
2026-09-19T23:00:44: Sending PUBLISH to paho-client-01 (d0, q0, r0, m0, 'XP340/counter', ... (13 bytes))
2026-09-19T23:00:49: Received PINGREQ from paho-client-01
2026-09-19T23:00:49: Sending PINGRESP to paho-client-01
2026-09-19T23:00:49: Received PUBLISH from esp32 (d0, q0, r0, m0, 'XP340/counter', ... (13 bytes))
2026-09-19T23:00:49: Sending PUBLISH to paho-client-01 (d0, q0, r0, m0, 'XP340/counter', ... (13 bytes))
2026-09-19T23:00:54: Received PUBLISH from esp32 (d0, q0, r0, m0, 'XP340/counter', ... (13 bytes))
2026-09-19T23:00:54: Sending PUBLISH to paho-client-01 (d0, q0, r0, m0, 'XP340/counter', ... (13 bytes))
2026-09-19T23:01:01: Received PUBLISH from esp32 (d0, q0, r0, m0, 'XP340/counter', ... (13 bytes))
2026-09-19T23:01:01: Sending PUBLISH to paho-client-01 (d0, q0, r0, m0, 'XP340/counter', ... (13 bytes))
2026-09-19T23:01:04: Received PUBLISH from esp32 (d0, q0, r0, m0, 'XP340/counter', ... (13 bytes))
2026-09-19T23:01:04: Sending PUBLISH to paho-client-01 (d0, q0, r0, m0, 'XP340/counter', ... (13 bytes))
2026-09-19T23:01:10: Received PUBLISH from esp32 (d0, q0, r0, m0, 'XP340/counter', ... (13 bytes))
2026-09-19T23:01:10: Sending PUBLISH to paho-client-01 (d0, q0, r0, m0, 'XP340/counter', ... (13 bytes))
2026-09-19T23:01:18: Received PUBLISH from esp32 (d0, q0, r0, m0, 'XP340/counter', ... (13 bytes))
2026-09-19T23:01:18: Sending PUBLISH to paho-client-01 (d0, q0, r0, m0, 'XP340/counter', ... (13 bytes))
2026-09-19T23:01:21: Received PUBLISH from esp32 (d0, q0, r0, m0, 'XP340/counter', ... (13 bytes))
2026-09-19T23:01:21: Sending PUBLISH to paho-client-01 (d0, q0, r0, m0, 'XP340/counter', ... (13 bytes))
2026-09-19T23:01:27: Received PUBLISH from esp32 (d0, q0, r0, m0, 'XP340/counter', ... (13 bytes))
2026-09-19T23:01:27: Sending PUBLISH to paho-client-01 (d0, q0, r0, m0, 'XP340/counter', ... (13 bytes))
2026-09-19T23:01:33: Received PUBLISH from esp32 (d0, q0, r0, m0, 'XP340/counter', ... (13 bytes))
2026-09-19T23:01:33: Sending PUBLISH to paho-client-01 (d0, q0, r0, m0, 'XP340/counter', ... (13 bytes))
2026-09-19T23:01:41: Received PUBLISH from esp32 (d0, q0, r0, m0, 'XP340/counter', ... (13 bytes))
2026-09-19T23:01:41: Sending PUBLISH to paho-client-01 (d0, q0, r0, m0, 'XP340/counter', ... (13 bytes))
2026-09-19T23:01:41: Received PUBLISH from esp32 (d0, q0, r0, m0, 'XP340/counter', ... (13 bytes))
2026-09-19T23:01:41: Sending PUBLISH to paho-client-01 (d0, q0, r0, m0, 'XP340/counter', ... (13 bytes))
2026-09-19T23:01:49: Received PINGREQ from paho-client-01
2026-09-19T23:01:49: Sending PINGRESP to paho-client-01
2026-09-19T23:01:50: Received PUBLISH from esp32 (d0, q0, r0, m0, 'XP340/counter', ... (13 bytes))
2026-09-19T23:01:50: Sending PUBLISH to paho-client-01 (d0, q0, r0, m0, 'XP340/counter', ... (13 bytes))
2026-09-19T23:01:50: Received PUBLISH from esp32 (d0, q0, r0, m0, 'XP340/counter', ... (13 bytes))
2026-09-19T23:01:50: Sending PUBLISH to paho-client-01 (d0, q0, r0, m0, 'XP340/counter', ... (13 bytes))
2026-09-19T23:02:02: Received PUBLISH from esp32 (d0, q0, r0, m0, 'XP340/counter', ... (13 bytes))
2026-09-19T23:02:02: Sending PUBLISH to paho-client-01 (d0, q0, r0, m0, 'XP340/counter', ... (13 bytes))
2026-09-19T23:02:02: Received PUBLISH from esp32 (d0, q0, r0, m0, 'XP340/counter', ... (13 bytes))
2026-09-19T23:02:02: Sending PUBLISH to paho-client-01 (d0, q0, r0, m0, 'XP340/counter', ... (13 bytes))
2026-09-19T23:02:06: OpenSSL Error while trying to get the error[0]: error:0A000126:SSL routines::unexpected eof while reading
2026-09-19T23:02:06: Client paho-client-01 [10.0.0.90:47383] disconnected: connection closed by client.
2026-09-19T23:02:09: Received PUBLISH from esp32 (d0, q0, r0, m0, 'XP340/counter', ... (13 bytes))
2026-09-19T23:02:09: Received PUBLISH from esp32 (d0, q0, r0, m0, 'XP340/counter', ... (13 bytes))
2026-09-19T23:02:09: New connection from 10.0.0.90:38139 on port 8883.
2026-09-19T23:02:09: New client connected from 10.0.0.90:38139 as paho-client-01 (p4, c1, k60, u'Paho-Client').
2026-09-19T23:02:09: No will message specified.
2026-09-19T23:02:09: Client paho-client-01 negotiated TLSv1.3 cipher TLS_AES_256_GCM_SHA384
2026-09-19T23:02:09: Sending CONNACK to paho-client-01 (0, 0)
2026-09-19T23:02:09: Received SUBSCRIBE from paho-client-01
2026-09-19T23:02:09: 	XP340/counter (QoS 0)
2026-09-19T23:02:09: paho-client-01 0 XP340/counter
2026-09-19T23:02:09: 	XP340/Q_00/state (QoS 0)
2026-09-19T23:02:09: paho-client-01 0 XP340/Q_00/state
2026-09-19T23:02:09: 	XP340/Q_01/state (QoS 0)
2026-09-19T23:02:09: paho-client-01 0 XP340/Q_01/state
2026-09-19T23:02:09: Sending SUBACK to paho-client-01
2026-09-19T23:02:14: Received PUBLISH from paho-client-01 (d0, q0, r0, m0, 'XP340/I_00/cmd', ... (2 bytes))
2026-09-19T23:02:14: Sending PUBLISH to esp32 (d0, q0, r0, m0, 'XP340/I_00/cmd', ... (2 bytes))
2026-09-19T23:02:28: Received PUBLISH from paho-client-01 (d0, q0, r0, m0, 'XP340/I_00/cmd', ... (3 bytes))
2026-09-19T23:02:28: Sending PUBLISH to esp32 (d0, q0, r0, m0, 'XP340/I_00/cmd', ... (3 bytes))
2026-09-19T23:02:31: Received PUBLISH from esp32 (d0, q0, r0, m0, 'XP340/counter', ... (13 bytes))
2026-09-19T23:02:31: Sending PUBLISH to paho-client-01 (d0, q0, r0, m0, 'XP340/counter', ... (13 bytes))
2026-09-19T23:02:31: Received PUBLISH from esp32 (d0, q0, r0, m0, 'XP340/counter', ... (13 bytes))
2026-09-19T23:02:31: Sending PUBLISH to paho-client-01 (d0, q0, r0, m0, 'XP340/counter', ... (13 bytes))
2026-09-19T23:02:31: Received PUBLISH from esp32 (d0, q0, r0, m0, 'XP340/counter', ... (13 bytes))
2026-09-19T23:02:31: Sending PUBLISH to paho-client-01 (d0, q0, r0, m0, 'XP340/counter', ... (13 bytes))
2026-09-19T23:02:31: Received PUBLISH from esp32 (d0, q0, r0, m0, 'XP340/counter', ... (13 bytes))
2026-09-19T23:02:31: Sending PUBLISH to paho-client-01 (d0, q0, r0, m0, 'XP340/counter', ... (13 bytes))
2026-09-19T23:02:37: Received PUBLISH from esp32 (d0, q0, r0, m0, 'XP340/counter', ... (13 bytes))
2026-09-19T23:02:37: Sending PUBLISH to paho-client-01 (d0, q0, r0, m0, 'XP340/counter', ... (13 bytes))
2026-09-19T23:02:46: Received PUBLISH from esp32 (d0, q0, r0, m0, 'XP340/counter', ... (13 bytes))
2026-09-19T23:02:46: Sending PUBLISH to paho-client-01 (d0, q0, r0, m0, 'XP340/counter', ... (13 bytes))
2026-09-19T23:02:46: Received PUBLISH from esp32 (d0, q0, r0, m0, 'XP340/counter', ... (13 bytes))
2026-09-19T23:02:46: Sending PUBLISH to paho-client-01 (d0, q0, r0, m0, 'XP340/counter', ... (13 bytes))
2026-09-19T23:02:52: Received PUBLISH from esp32 (d0, q0, r0, m0, 'XP340/counter', ... (13 bytes))
2026-09-19T23:02:52: Sending PUBLISH to paho-client-01 (d0, q0, r0, m0, 'XP340/counter', ... (13 bytes))
2026-09-19T23:02:54: Received PUBLISH from esp32 (d0, q0, r0, m0, 'XP340/counter', ... (13 bytes))
2026-09-19T23:02:54: Sending PUBLISH to paho-client-01 (d0, q0, r0, m0, 'XP340/counter', ... (13 bytes))
2026-09-19T23:03:01: Received PUBLISH from esp32 (d0, q0, r0, m0, 'XP340/counter', ... (13 bytes))
2026-09-19T23:03:01: Sending PUBLISH to paho-client-01 (d0, q0, r0, m0, 'XP340/counter', ... (13 bytes))
2026-09-19T23:03:10: Received PINGREQ from paho-client-01
2026-09-19T23:03:10: Sending PINGRESP to paho-client-01
2026-09-19T23:03:20: Received PUBLISH from esp32 (d0, q0, r0, m0, 'XP340/counter', ... (13 bytes))
2026-09-19T23:03:20: Sending PUBLISH to paho-client-01 (d0, q0, r0, m0, 'XP340/counter', ... (13 bytes))
2026-09-19T23:03:20: Received PUBLISH from esp32 (d0, q0, r0, m0, 'XP340/counter', ... (13 bytes))
2026-09-19T23:03:20: Sending PUBLISH to paho-client-01 (d0, q0, r0, m0, 'XP340/counter', ... (13 bytes))
2026-09-19T23:03:20: Received PUBLISH from esp32 (d0, q0, r0, m0, 'XP340/counter', ... (13 bytes))
2026-09-19T23:03:20: Sending PUBLISH to paho-client-01 (d0, q0, r0, m0, 'XP340/counter', ... (13 bytes))
2026-09-19T23:03:25: OpenSSL Error while trying to get the error[0]: error:0A000126:SSL routines::unexpected eof while reading
2026-09-19T23:03:25: Client paho-client-01 [10.0.0.90:38139] disconnected: connection closed by client.
2026-09-19T23:03:30: New connection from 10.0.0.90:33403 on port 8883.
2026-09-19T23:03:30: New client connected from 10.0.0.90:33403 as paho-client-01 (p4, c1, k60, u'Paho-Client').
2026-09-19T23:03:30: No will message specified.
2026-09-19T23:03:30: Client paho-client-01 negotiated TLSv1.3 cipher TLS_AES_256_GCM_SHA384
2026-09-19T23:03:30: Sending CONNACK to paho-client-01 (0, 0)
2026-09-19T23:03:30: Received SUBSCRIBE from paho-client-01
2026-09-19T23:03:30: 	XP340/counter (QoS 0)
2026-09-19T23:03:30: paho-client-01 0 XP340/counter
2026-09-19T23:03:30: 	XP340/Q_00/state (QoS 0)
2026-09-19T23:03:30: paho-client-01 0 XP340/Q_00/state
2026-09-19T23:03:30: 	XP340/Q_01/state (QoS 0)
2026-09-19T23:03:30: paho-client-01 0 XP340/Q_01/state
2026-09-19T23:03:30: Sending SUBACK to paho-client-01
2026-09-19T23:03:41: Received PUBLISH from paho-client-01 (d0, q0, r0, m0, 'XP340/I_00/cmd', ... (2 bytes))
2026-09-19T23:03:41: Sending PUBLISH to esp32 (d0, q0, r0, m0, 'XP340/I_00/cmd', ... (2 bytes))
2026-09-19T23:03:52: Received PUBLISH from esp32 (d0, q0, r0, m0, 'XP340/counter', ... (13 bytes))
2026-09-19T23:03:52: Sending PUBLISH to paho-client-01 (d0, q0, r0, m0, 'XP340/counter', ... (13 bytes))
2026-09-19T23:03:52: Received PUBLISH from esp32 (d0, q0, r0, m0, 'XP340/counter', ... (13 bytes))
2026-09-19T23:03:52: Sending PUBLISH to paho-client-01 (d0, q0, r0, m0, 'XP340/counter', ... (13 bytes))
2026-09-19T23:03:52: Received PUBLISH from esp32 (d0, q0, r0, m0, 'XP340/counter', ... (13 bytes))
2026-09-19T23:03:52: Sending PUBLISH to paho-client-01 (d0, q0, r0, m0, 'XP340/counter', ... (13 bytes))
2026-09-19T23:03:52: Received PUBLISH from esp32 (d0, q0, r0, m0, 'XP340/counter', ... (13 bytes))
2026-09-19T23:03:52: Sending PUBLISH to paho-client-01 (d0, q0, r0, m0, 'XP340/counter', ... (13 bytes))
2026-09-19T23:03:52: Received PUBLISH from esp32 (d0, q0, r0, m0, 'XP340/counter', ... (13 bytes))
2026-09-19T23:03:52: Sending PUBLISH to paho-client-01 (d0, q0, r0, m0, 'XP340/counter', ... (13 bytes))
2026-09-19T23:03:52: Received PUBLISH from esp32 (d0, q0, r0, m0, 'XP340/counter', ... (13 bytes))
2026-09-19T23:03:52: Sending PUBLISH to paho-client-01 (d0, q0, r0, m0, 'XP340/counter', ... (13 bytes))
2026-09-19T23:03:52: Received PUBLISH from esp32 (d0, q0, r0, m0, 'XP340/counter', ... (13 bytes))
2026-09-19T23:03:52: Sending PUBLISH to paho-client-01 (d0, q0, r0, m0, 'XP340/counter', ... (13 bytes))
2026-09-19T23:03:54: Received PUBLISH from paho-client-01 (d0, q0, r0, m0, 'XP340/I_00/cmd', ... (3 bytes))
2026-09-19T23:03:54: Sending PUBLISH to esp32 (d0, q0, r0, m0, 'XP340/I_00/cmd', ... (3 bytes))
2026-09-19T23:04:12: Received PUBLISH from esp32 (d0, q0, r0, m0, 'XP340/counter', ... (13 bytes))
2026-09-19T23:04:12: Sending PUBLISH to paho-client-01 (d0, q0, r0, m0, 'XP340/counter', ... (13 bytes))
2026-09-19T23:04:12: Received PUBLISH from esp32 (d0, q0, r0, m0, 'XP340/counter', ... (13 bytes))
2026-09-19T23:04:12: Sending PUBLISH to paho-client-01 (d0, q0, r0, m0, 'XP340/counter', ... (13 bytes))
2026-09-19T23:04:12: Received PUBLISH from esp32 (d0, q0, r0, m0, 'XP340/counter', ... (13 bytes))
2026-09-19T23:04:12: Sending PUBLISH to paho-client-01 (d0, q0, r0, m0, 'XP340/counter', ... (13 bytes))
2026-09-19T23:04:12: Received PUBLISH from esp32 (d0, q0, r0, m0, 'XP340/counter', ... (13 bytes))
2026-09-19T23:04:12: Sending PUBLISH to paho-client-01 (d0, q0, r0, m0, 'XP340/counter', ... (13 bytes))
2026-09-19T23:04:19: Received PUBLISH from esp32 (d0, q0, r0, m0, 'XP340/counter', ... (13 bytes))
2026-09-19T23:04:19: Sending PUBLISH to paho-client-01 (d0, q0, r0, m0, 'XP340/counter', ... (13 bytes))
2026-09-19T23:04:19: Received PUBLISH from esp32 (d0, q0, r0, m0, 'XP340/counter', ... (13 bytes))
2026-09-19T23:04:19: Sending PUBLISH to paho-client-01 (d0, q0, r0, m0, 'XP340/counter', ... (13 bytes))
2026-09-19T23:04:27: Received PUBLISH from esp32 (d0, q0, r0, m0, 'XP340/counter', ... (13 bytes))
2026-09-19T23:04:27: Sending PUBLISH to paho-client-01 (d0, q0, r0, m0, 'XP340/counter', ... (13 bytes))
2026-09-19T23:04:31: Received PINGREQ from paho-client-01
2026-09-19T23:04:31: Sending PINGRESP to paho-client-01
2026-09-19T23:04:37: Received PUBLISH from esp32 (d0, q0, r0, m0, 'XP340/counter', ... (13 bytes))
2026-09-19T23:04:37: Sending PUBLISH to paho-client-01 (d0, q0, r0, m0, 'XP340/counter', ... (13 bytes))
2026-09-19T23:04:37: OpenSSL Error while trying to get the error[0]: error:0A000126:SSL routines::unexpected eof while reading
2026-09-19T23:04:37: Client esp32 [10.0.0.223:62300] disconnected: connection closed by client.
2026-09-19T23:05:10: New connection from 10.0.0.223:62302 on port 8883.
2026-09-19T23:05:31: Received PINGREQ from paho-client-01
2026-09-19T23:05:31: Sending PINGRESP to paho-client-01
2026-09-19T23:05:40: Client 10.0.0.223 [10.0.0.223:62302] disconnected: exceeded timeout.
2026-09-19T23:06:06: New connection from 10.0.0.223:62303 on port 8883.
2026-09-19T23:06:08: New client connected from 10.0.0.223:62303 as esp32 (p4, c1, k60, u'ESP32-Sensor-01').
2026-09-19T23:06:08: No will message specified.
2026-09-19T23:06:08: Client esp32 negotiated TLSv1.2 cipher ECDHE-RSA-AES256-GCM-SHA384
2026-09-19T23:06:08: Sending CONNACK to esp32 (0, 0)
2026-09-19T23:06:08: Received SUBSCRIBE from esp32
2026-09-19T23:06:08: 	XP340/I_00/cmd (QoS 0)
2026-09-19T23:06:08: esp32 0 XP340/I_00/cmd
2026-09-19T23:06:08: Sending SUBACK to esp32
2026-09-19T23:06:09: Received PUBLISH from esp32 (d0, q0, r0, m0, 'XP340/counter', ... (1 bytes))
2026-09-19T23:06:09: Sending PUBLISH to paho-client-01 (d0, q0, r0, m0, 'XP340/counter', ... (1 bytes))
2026-09-19T23:06:14: Received PUBLISH from esp32 (d0, q0, r0, m0, 'XP340/counter', ... (1 bytes))
2026-09-19T23:06:14: Sending PUBLISH to paho-client-01 (d0, q0, r0, m0, 'XP340/counter', ... (1 bytes))
2026-09-19T23:06:18: Received PUBLISH from esp32 (d0, q0, r0, m0, 'XP340/counter', ... (1 bytes))
2026-09-19T23:06:18: Sending PUBLISH to paho-client-01 (d0, q0, r0, m0, 'XP340/counter', ... (1 bytes))
2026-09-19T23:06:23: Received PUBLISH from esp32 (d0, q0, r0, m0, 'XP340/counter', ... (1 bytes))
2026-09-19T23:06:23: Sending PUBLISH to paho-client-01 (d0, q0, r0, m0, 'XP340/counter', ... (1 bytes))
2026-09-19T23:06:27: OpenSSL Error while trying to get the error[0]: error:0A000126:SSL routines::unexpected eof while reading
2026-09-19T23:06:27: Client paho-client-01 [10.0.0.90:33403] disconnected: connection closed by client.
2026-09-19T23:06:28: Received PUBLISH from esp32 (d0, q0, r0, m0, 'XP340/counter', ... (1 bytes))
2026-09-19T23:06:34: Received PUBLISH from esp32 (d0, q0, r0, m0, 'XP340/counter', ... (1 bytes))
2026-09-19T23:06:38: Received PUBLISH from esp32 (d0, q0, r0, m0, 'XP340/counter', ... (1 bytes))
2026-09-19T23:06:41: New connection from 10.0.0.90:57399 on port 8883.
2026-09-19T23:06:41: New client connected from 10.0.0.90:57399 as paho-client-01 (p4, c1, k60, u'Paho-Client').
2026-09-19T23:06:41: No will message specified.
2026-09-19T23:06:41: Client paho-client-01 negotiated TLSv1.3 cipher TLS_AES_256_GCM_SHA384
2026-09-19T23:06:41: Sending CONNACK to paho-client-01 (0, 0)
2026-09-19T23:06:41: Received SUBSCRIBE from paho-client-01
2026-09-19T23:06:41: 	XP340/counter (QoS 0)
2026-09-19T23:06:41: paho-client-01 0 XP340/counter
2026-09-19T23:06:41: 	XP340/Q_00/state (QoS 0)
2026-09-19T23:06:41: paho-client-01 0 XP340/Q_00/state
2026-09-19T23:06:41: 	XP340/Q_01/state (QoS 0)
2026-09-19T23:06:41: paho-client-01 0 XP340/Q_01/state
2026-09-19T23:06:41: Sending SUBACK to paho-client-01
2026-09-19T23:06:43: Received PUBLISH from esp32 (d0, q0, r0, m0, 'XP340/counter', ... (1 bytes))
2026-09-19T23:06:43: Sending PUBLISH to paho-client-01 (d0, q0, r0, m0, 'XP340/counter', ... (1 bytes))
2026-09-19T23:06:48: Received PUBLISH from esp32 (d0, q0, r0, m0, 'XP340/counter', ... (1 bytes))
2026-09-19T23:06:48: Sending PUBLISH to paho-client-01 (d0, q0, r0, m0, 'XP340/counter', ... (1 bytes))
2026-09-19T23:06:49: Received PUBLISH from paho-client-01 (d0, q0, r0, m0, 'XP340/I_00/cmd', ... (2 bytes))
2026-09-19T23:06:49: Sending PUBLISH to esp32 (d0, q0, r0, m0, 'XP340/I_00/cmd', ... (2 bytes))
2026-09-19T23:06:50: Received PUBLISH from paho-client-01 (d0, q0, r0, m0, 'XP340/I_00/cmd', ... (3 bytes))
2026-09-19T23:06:50: Sending PUBLISH to esp32 (d0, q0, r0, m0, 'XP340/I_00/cmd', ... (3 bytes))
2026-09-19T23:06:51: Received PUBLISH from paho-client-01 (d0, q0, r0, m0, 'XP340/I_00/cmd', ... (2 bytes))
2026-09-19T23:06:51: Sending PUBLISH to esp32 (d0, q0, r0, m0, 'XP340/I_00/cmd', ... (2 bytes))
2026-09-19T23:06:53: Received PUBLISH from paho-client-01 (d0, q0, r0, m0, 'XP340/I_00/cmd', ... (3 bytes))
2026-09-19T23:06:53: Sending PUBLISH to esp32 (d0, q0, r0, m0, 'XP340/I_00/cmd', ... (3 bytes))
2026-09-19T23:06:54: Received PUBLISH from esp32 (d0, q0, r0, m0, 'XP340/counter', ... (1 bytes))
2026-09-19T23:06:54: Sending PUBLISH to paho-client-01 (d0, q0, r0, m0, 'XP340/counter', ... (1 bytes))
2026-09-19T23:06:58: Received PUBLISH from esp32 (d0, q0, r0, m0, 'XP340/counter', ... (2 bytes))
2026-09-19T23:06:58: Sending PUBLISH to paho-client-01 (d0, q0, r0, m0, 'XP340/counter', ... (2 bytes))
2026-09-19T23:07:04: Received PUBLISH from esp32 (d0, q0, r0, m0, 'XP340/counter', ... (2 bytes))
2026-09-19T23:07:04: Sending PUBLISH to paho-client-01 (d0, q0, r0, m0, 'XP340/counter', ... (2 bytes))
2026-09-19T23:07:08: Received PUBLISH from esp32 (d0, q0, r0, m0, 'XP340/counter', ... (2 bytes))
2026-09-19T23:07:08: Sending PUBLISH to paho-client-01 (d0, q0, r0, m0, 'XP340/counter', ... (2 bytes))
2026-09-19T23:07:13: Received PUBLISH from esp32 (d0, q0, r0, m0, 'XP340/counter', ... (2 bytes))
2026-09-19T23:07:13: Sending PUBLISH to paho-client-01 (d0, q0, r0, m0, 'XP340/counter', ... (2 bytes))
2026-09-19T23:07:19: Received PUBLISH from esp32 (d0, q0, r0, m0, 'XP340/counter', ... (2 bytes))
2026-09-19T23:07:19: Sending PUBLISH to paho-client-01 (d0, q0, r0, m0, 'XP340/counter', ... (2 bytes))
2026-09-19T23:07:24: Received PUBLISH from esp32 (d0, q0, r0, m0, 'XP340/counter', ... (2 bytes))
2026-09-19T23:07:24: Sending PUBLISH to paho-client-01 (d0, q0, r0, m0, 'XP340/counter', ... (2 bytes))
2026-09-19T23:07:28: Received PUBLISH from esp32 (d0, q0, r0, m0, 'XP340/counter', ... (2 bytes))
2026-09-19T23:07:28: Sending PUBLISH to paho-client-01 (d0, q0, r0, m0, 'XP340/counter', ... (2 bytes))
2026-09-19T23:07:37: Received PUBLISH from esp32 (d0, q0, r0, m0, 'XP340/counter', ... (2 bytes))
2026-09-19T23:07:37: Sending PUBLISH to paho-client-01 (d0, q0, r0, m0, 'XP340/counter', ... (2 bytes))
2026-09-19T23:07:41: Received PINGREQ from paho-client-01
2026-09-19T23:07:41: Sending PINGRESP to paho-client-01
2026-09-19T23:07:42: Received PUBLISH from esp32 (d0, q0, r0, m0, 'XP340/counter', ... (2 bytes))
2026-09-19T23:07:42: Sending PUBLISH to paho-client-01 (d0, q0, r0, m0, 'XP340/counter', ... (2 bytes))
2026-09-19T23:07:44: Received PUBLISH from esp32 (d0, q0, r0, m0, 'XP340/counter', ... (2 bytes))
2026-09-19T23:07:44: Sending PUBLISH to paho-client-01 (d0, q0, r0, m0, 'XP340/counter', ... (2 bytes))
2026-09-19T23:07:51: Received PUBLISH from esp32 (d0, q0, r0, m0, 'XP340/counter', ... (2 bytes))
2026-09-19T23:07:51: Sending PUBLISH to paho-client-01 (d0, q0, r0, m0, 'XP340/counter', ... (2 bytes))
2026-09-19T23:08:33: Received PUBLISH from esp32 (d0, q0, r0, m0, 'XP340/counter', ... (2 bytes))
2026-09-19T23:08:33: Sending PUBLISH to paho-client-01 (d0, q0, r0, m0, 'XP340/counter', ... (2 bytes))
2026-09-19T23:08:33: Received PUBLISH from esp32 (d0, q0, r0, m0, 'XP340/counter', ... (2 bytes))
2026-09-19T23:08:33: Sending PUBLISH to paho-client-01 (d0, q0, r0, m0, 'XP340/counter', ... (2 bytes))
2026-09-19T23:08:33: Received PUBLISH from esp32 (d0, q0, r0, m0, 'XP340/counter', ... (2 bytes))
2026-09-19T23:08:33: Sending PUBLISH to paho-client-01 (d0, q0, r0, m0, 'XP340/counter', ... (2 bytes))
2026-09-19T23:08:33: Received PUBLISH from esp32 (d0, q0, r0, m0, 'XP340/counter', ... (2 bytes))
2026-09-19T23:08:33: Sending PUBLISH to paho-client-01 (d0, q0, r0, m0, 'XP340/counter', ... (2 bytes))
2026-09-19T23:08:33: Received PUBLISH from esp32 (d0, q0, r0, m0, 'XP340/counter', ... (2 bytes))
2026-09-19T23:08:33: Sending PUBLISH to paho-client-01 (d0, q0, r0, m0, 'XP340/counter', ... (2 bytes))
2026-09-19T23:08:42: Received PINGREQ from paho-client-01
2026-09-19T23:08:42: Sending PINGRESP to paho-client-01
2026-09-19T23:08:49: Received PUBLISH from esp32 (d0, q0, r0, m0, 'XP340/counter', ... (2 bytes))
2026-09-19T23:08:49: Sending PUBLISH to paho-client-01 (d0, q0, r0, m0, 'XP340/counter', ... (2 bytes))
2026-09-19T23:08:49: Received PUBLISH from esp32 (d0, q0, r0, m0, 'XP340/counter', ... (2 bytes))
2026-09-19T23:08:49: Sending PUBLISH to paho-client-01 (d0, q0, r0, m0, 'XP340/counter', ... (2 bytes))
2026-09-19T23:08:49: Received PUBLISH from esp32 (d0, q0, r0, m0, 'XP340/counter', ... (2 bytes))
2026-09-19T23:08:49: Sending PUBLISH to paho-client-01 (d0, q0, r0, m0, 'XP340/counter', ... (2 bytes))
2026-09-19T23:08:49: Received PUBLISH from esp32 (d0, q0, r0, m0, 'XP340/counter', ... (2 bytes))
2026-09-19T23:08:49: Sending PUBLISH to paho-client-01 (d0, q0, r0, m0, 'XP340/counter', ... (2 bytes))
2026-09-19T23:08:49: Received PUBLISH from esp32 (d0, q0, r0, m0, 'XP340/counter', ... (2 bytes))
2026-09-19T23:08:49: Sending PUBLISH to paho-client-01 (d0, q0, r0, m0, 'XP340/counter', ... (2 bytes))
2026-09-19T23:08:49: Received PUBLISH from esp32 (d0, q0, r0, m0, 'XP340/counter', ... (2 bytes))
2026-09-19T23:08:49: Sending PUBLISH to paho-client-01 (d0, q0, r0, m0, 'XP340/counter', ... (2 bytes))
2026-09-19T23:08:49: Received PUBLISH from esp32 (d0, q0, r0, m0, 'XP340/counter', ... (2 bytes))
2026-09-19T23:08:49: Sending PUBLISH to paho-client-01 (d0, q0, r0, m0, 'XP340/counter', ... (2 bytes))
2026-09-19T23:08:56: Received PUBLISH from esp32 (d0, q0, r0, m0, 'XP340/counter', ... (2 bytes))
2026-09-19T23:08:56: Sending PUBLISH to paho-client-01 (d0, q0, r0, m0, 'XP340/counter', ... (2 bytes))
2026-09-19T23:09:09: Received PUBLISH from esp32 (d0, q0, r0, m0, 'XP340/counter', ... (2 bytes))
2026-09-19T23:09:09: Sending PUBLISH to paho-client-01 (d0, q0, r0, m0, 'XP340/counter', ... (2 bytes))
2026-09-19T23:09:09: Received PUBLISH from esp32 (d0, q0, r0, m0, 'XP340/counter', ... (2 bytes))
2026-09-19T23:09:09: Sending PUBLISH to paho-client-01 (d0, q0, r0, m0, 'XP340/counter', ... (2 bytes))
2026-09-19T23:09:09: Received PUBLISH from esp32 (d0, q0, r0, m0, 'XP340/counter', ... (2 bytes))
2026-09-19T23:09:09: Sending PUBLISH to paho-client-01 (d0, q0, r0, m0, 'XP340/counter', ... (2 bytes))
2026-09-19T23:09:42: Received PINGREQ from paho-client-01
2026-09-19T23:09:42: Sending PINGRESP to paho-client-01
2026-09-19T23:09:54: Received PUBLISH from esp32 (d0, q0, r0, m0, 'XP340/counter', ... (2 bytes))
2026-09-19T23:09:54: Sending PUBLISH to paho-client-01 (d0, q0, r0, m0, 'XP340/counter', ... (2 bytes))
2026-09-19T23:09:54: Received PUBLISH from esp32 (d0, q0, r0, m0, 'XP340/counter', ... (2 bytes))
2026-09-19T23:09:54: Sending PUBLISH to paho-client-01 (d0, q0, r0, m0, 'XP340/counter', ... (2 bytes))
2026-09-19T23:09:54: Received PUBLISH from esp32 (d0, q0, r0, m0, 'XP340/counter', ... (2 bytes))
2026-09-19T23:09:54: Sending PUBLISH to paho-client-01 (d0, q0, r0, m0, 'XP340/counter', ... (2 bytes))
2026-09-19T23:09:54: Received PUBLISH from esp32 (d0, q0, r0, m0, 'XP340/counter', ... (2 bytes))
2026-09-19T23:09:54: Sending PUBLISH to paho-client-01 (d0, q0, r0, m0, 'XP340/counter', ... (2 bytes))
2026-09-19T23:09:54: Received PUBLISH from esp32 (d0, q0, r0, m0, 'XP340/counter', ... (2 bytes))
2026-09-19T23:09:54: Sending PUBLISH to paho-client-01 (d0, q0, r0, m0, 'XP340/counter', ... (2 bytes))
2026-09-19T23:09:54: Received PUBLISH from esp32 (d0, q0, r0, m0, 'XP340/counter', ... (2 bytes))
2026-09-19T23:09:54: Sending PUBLISH to paho-client-01 (d0, q0, r0, m0, 'XP340/counter', ... (2 bytes))
2026-09-19T23:09:54: Received PUBLISH from esp32 (d0, q0, r0, m0, 'XP340/counter', ... (2 bytes))
2026-09-19T23:09:54: Sending PUBLISH to paho-client-01 (d0, q0, r0, m0, 'XP340/counter', ... (2 bytes))
2026-09-19T23:09:54: Received PUBLISH from esp32 (d0, q0, r0, m0, 'XP340/counter', ... (2 bytes))
2026-09-19T23:09:54: Sending PUBLISH to paho-client-01 (d0, q0, r0, m0, 'XP340/counter', ... (2 bytes))
2026-09-19T23:09:54: Received PUBLISH from esp32 (d0, q0, r0, m0, 'XP340/counter', ... (2 bytes))
2026-09-19T23:09:54: Sending PUBLISH to paho-client-01 (d0, q0, r0, m0, 'XP340/counter', ... (2 bytes))
2026-09-19T23:10:09: OpenSSL Error while trying to get the error[0]: error:0A000126:SSL routines::unexpected eof while reading
2026-09-19T23:10:09: Client paho-client-01 [10.0.0.90:57399] disconnected: connection closed by client.
2026-09-19T23:10:10: Received PUBLISH from esp32 (d0, q0, r0, m0, 'XP340/counter', ... (2 bytes))
2026-09-19T23:10:10: Received PUBLISH from esp32 (d0, q0, r0, m0, 'XP340/counter', ... (2 bytes))
2026-09-19T23:10:10: Received PUBLISH from esp32 (d0, q0, r0, m0, 'XP340/counter', ... (2 bytes))
2026-09-19T23:10:55: Received PUBLISH from esp32 (d0, q0, r0, m0, 'XP340/counter', ... (2 bytes))
2026-09-19T23:10:55: Received PUBLISH from esp32 (d0, q0, r0, m0, 'XP340/counter', ... (2 bytes))
2026-09-19T23:10:55: Received PUBLISH from esp32 (d0, q0, r0, m0, 'XP340/counter', ... (2 bytes))
2026-09-19T23:10:55: Received PUBLISH from esp32 (d0, q0, r0, m0, 'XP340/counter', ... (2 bytes))
2026-09-19T23:10:55: Received PUBLISH from esp32 (d0, q0, r0, m0, 'XP340/counter', ... (2 bytes))
2026-09-19T23:10:55: Received PUBLISH from esp32 (d0, q0, r0, m0, 'XP340/counter', ... (2 bytes))
2026-09-19T23:10:55: Received PUBLISH from esp32 (d0, q0, r0, m0, 'XP340/counter', ... (2 bytes))
2026-09-19T23:10:55: Received PUBLISH from esp32 (d0, q0, r0, m0, 'XP340/counter', ... (2 bytes))
2026-09-19T23:10:55: Received PUBLISH from esp32 (d0, q0, r0, m0, 'XP340/counter', ... (2 bytes))
2026-09-19T23:11:17: Received PUBLISH from esp32 (d0, q0, r0, m0, 'XP340/counter', ... (2 bytes))
2026-09-19T23:11:17: Received PUBLISH from esp32 (d0, q0, r0, m0, 'XP340/counter', ... (2 bytes))
2026-09-19T23:11:17: Received PUBLISH from esp32 (d0, q0, r0, m0, 'XP340/counter', ... (2 bytes))
2026-09-19T23:11:17: Received PUBLISH from esp32 (d0, q0, r0, m0, 'XP340/counter', ... (2 bytes))
2026-09-19T23:11:22: Received PUBLISH from esp32 (d0, q0, r0, m0, 'XP340/counter', ... (2 bytes))
2026-09-19T23:11:24: Received PUBLISH from esp32 (d0, q0, r0, m0, 'XP340/counter', ... (2 bytes))
2026-09-19T23:12:00: Received PUBLISH from esp32 (d0, q0, r0, m0, 'XP340/counter', ... (2 bytes))
2026-09-19T23:12:00: Received PUBLISH from esp32 (d0, q0, r0, m0, 'XP340/counter', ... (2 bytes))
2026-09-19T23:12:00: Received PUBLISH from esp32 (d0, q0, r0, m0, 'XP340/counter', ... (2 bytes))
2026-09-19T23:12:00: Received PUBLISH from esp32 (d0, q0, r0, m0, 'XP340/counter', ... (2 bytes))
2026-09-19T23:12:00: Received PUBLISH from esp32 (d0, q0, r0, m0, 'XP340/counter', ... (2 bytes))
2026-09-19T23:12:00: Received PUBLISH from esp32 (d0, q0, r0, m0, 'XP340/counter', ... (2 bytes))
2026-09-19T23:12:00: Received PUBLISH from esp32 (d0, q0, r0, m0, 'XP340/counter', ... (2 bytes))
2026-09-19T23:12:04: Received PUBLISH from esp32 (d0, q0, r0, m0, 'XP340/counter', ... (2 bytes))
2026-09-19T23:12:09: Received PUBLISH from esp32 (d0, q0, r0, m0, 'XP340/counter', ... (2 bytes))
2026-09-19T23:12:14: Received PUBLISH from esp32 (d0, q0, r0, m0, 'XP340/counter', ... (2 bytes))
2026-09-19T23:12:19: Received PUBLISH from esp32 (d0, q0, r0, m0, 'XP340/counter', ... (2 bytes))
2026-09-19T23:12:24: Received PUBLISH from esp32 (d0, q0, r0, m0, 'XP340/counter', ... (2 bytes))
2026-09-19T23:12:29: Received PUBLISH from esp32 (d0, q0, r0, m0, 'XP340/counter', ... (2 bytes))
2026-09-19T23:12:34: Received PUBLISH from esp32 (d0, q0, r0, m0, 'XP340/counter', ... (2 bytes))
2026-09-19T23:12:39: Received PUBLISH from esp32 (d0, q0, r0, m0, 'XP340/counter', ... (2 bytes))
2026-09-19T23:12:44: Received PUBLISH from esp32 (d0, q0, r0, m0, 'XP340/counter', ... (2 bytes))
2026-09-19T23:12:49: Received PUBLISH from esp32 (d0, q0, r0, m0, 'XP340/counter', ... (2 bytes))
2026-09-19T23:12:55: Received PUBLISH from esp32 (d0, q0, r0, m0, 'XP340/counter', ... (2 bytes))
2026-09-19T23:12:59: Received PUBLISH from esp32 (d0, q0, r0, m0, 'XP340/counter', ... (2 bytes))
2026-09-19T23:13:04: Received PUBLISH from esp32 (d0, q0, r0, m0, 'XP340/counter', ... (2 bytes))
2026-09-19T23:13:09: Received PUBLISH from esp32 (d0, q0, r0, m0, 'XP340/counter', ... (2 bytes))
2026-09-19T23:13:14: Received PUBLISH from esp32 (d0, q0, r0, m0, 'XP340/counter', ... (2 bytes))
2026-09-19T23:13:23: Received PUBLISH from esp32 (d0, q0, r0, m0, 'XP340/counter', ... (2 bytes))
2026-09-19T23:13:26: Received PUBLISH from esp32 (d0, q0, r0, m0, 'XP340/counter', ... (2 bytes))
2026-09-19T23:13:32: Received PUBLISH from esp32 (d0, q0, r0, m0, 'XP340/counter', ... (2 bytes))
2026-09-19T23:13:34: Received PUBLISH from esp32 (d0, q0, r0, m0, 'XP340/counter', ... (2 bytes))
2026-09-19T23:13:39: Received PUBLISH from esp32 (d0, q0, r0, m0, 'XP340/counter', ... (2 bytes))
2026-09-19T23:13:45: Received PUBLISH from esp32 (d0, q0, r0, m0, 'XP340/counter', ... (2 bytes))
2026-09-19T23:13:49: Received PUBLISH from esp32 (d0, q0, r0, m0, 'XP340/counter', ... (2 bytes))
2026-09-19T23:13:55: Received PUBLISH from esp32 (d0, q0, r0, m0, 'XP340/counter', ... (2 bytes))
2026-09-19T23:13:59: Received PUBLISH from esp32 (d0, q0, r0, m0, 'XP340/counter', ... (2 bytes))
2026-09-19T23:14:04: Received PUBLISH from esp32 (d0, q0, r0, m0, 'XP340/counter', ... (2 bytes))
2026-09-19T23:14:09: Received PUBLISH from esp32 (d0, q0, r0, m0, 'XP340/counter', ... (2 bytes))
2026-09-19T23:14:14: Received PUBLISH from esp32 (d0, q0, r0, m0, 'XP340/counter', ... (2 bytes))
2026-09-19T23:14:21: Received PUBLISH from esp32 (d0, q0, r0, m0, 'XP340/counter', ... (2 bytes))
2026-09-19T23:14:25: Received PUBLISH from esp32 (d0, q0, r0, m0, 'XP340/counter', ... (2 bytes))
2026-09-19T23:14:31: Received PUBLISH from esp32 (d0, q0, r0, m0, 'XP340/counter', ... (3 bytes))
2026-09-19T23:14:37: Received PUBLISH from esp32 (d0, q0, r0, m0, 'XP340/counter', ... (3 bytes))
2026-09-19T23:14:46: Received PUBLISH from esp32 (d0, q0, r0, m0, 'XP340/counter', ... (3 bytes))
2026-09-19T23:14:46: Received PUBLISH from esp32 (d0, q0, r0, m0, 'XP340/counter', ... (3 bytes))
2026-09-19T23:15:00: Received PUBLISH from esp32 (d0, q0, r0, m0, 'XP340/counter', ... (3 bytes))
2026-09-19T23:15:00: Received PUBLISH from esp32 (d0, q0, r0, m0, 'XP340/counter', ... (3 bytes))
2026-09-19T23:15:00: Received PUBLISH from esp32 (d0, q0, r0, m0, 'XP340/counter', ... (3 bytes))
2026-09-19T23:15:09: Received PUBLISH from esp32 (d0, q0, r0, m0, 'XP340/counter', ... (3 bytes))
2026-09-19T23:15:15: Received PUBLISH from esp32 (d0, q0, r0, m0, 'XP340/counter', ... (3 bytes))
2026-09-19T23:15:15: Received PUBLISH from esp32 (d0, q0, r0, m0, 'XP340/counter', ... (3 bytes))
2026-09-19T23:15:20: Received PUBLISH from esp32 (d0, q0, r0, m0, 'XP340/counter', ... (3 bytes))
2026-09-19T23:15:28: Received PUBLISH from esp32 (d0, q0, r0, m0, 'XP340/counter', ... (3 bytes))
2026-09-19T23:15:32: Received PUBLISH from esp32 (d0, q0, r0, m0, 'XP340/counter', ... (3 bytes))
2026-09-19T23:17:02: Client esp32 [10.0.0.223:62303] disconnected: exceeded timeout.
2026-09-19T23:17:46: mosquitto version 2.1.2 terminating
2026-09-19T23:17:46: Saving in-memory database to /mosquitto/data//mosquitto.db.
2026-09-19T23:30:30: mosquitto version 2.1.2 starting
2026-09-19T23:30:30: Config loaded from /mosquitto/config/mosquitto.conf.
2026-09-19T23:30:30: Bridge support available.
2026-09-19T23:30:30: Persistence support available.
2026-09-19T23:30:30: TLS support available.
2026-09-19T23:30:30: TLS-PSK support available.
2026-09-19T23:30:30: Websockets support available.
2026-09-19T23:30:30: Opening ipv4 listen socket on port 8883.
2026-09-19T23:30:30: Opening ipv6 listen socket on port 8883.
2026-09-19T23:30:30: mosquitto version 2.1.2 running
2026-09-19T23:30:39: New connection from 10.0.0.223:62305 on port 8883.
2026-09-19T23:30:43: New client connected from 10.0.0.223:62305 as esp32 (p4, c1, k60, u'ESP32-Sensor-01').
2026-09-19T23:30:43: No will message specified.
2026-09-19T23:30:43: Client esp32 negotiated TLSv1.2 cipher ECDHE-RSA-AES256-GCM-SHA384
2026-09-19T23:30:43: Sending CONNACK to esp32 (0, 0)
2026-09-19T23:30:44: Received SUBSCRIBE from esp32
2026-09-19T23:30:44: 	XP340/I_00/cmd (QoS 0)
2026-09-19T23:30:44: esp32 0 XP340/I_00/cmd
2026-09-19T23:30:44: Sending SUBACK to esp32
2026-09-19T23:31:41: OpenSSL Error while trying to get the error[0]: error:0A000126:SSL routines::unexpected eof while reading
2026-09-19T23:31:41: Client esp32 [10.0.0.223:62305] disconnected: connection closed by client.
2026-09-19T23:31:42: New connection from 10.0.0.223:62306 on port 8883.
2026-09-19T23:31:44: New client connected from 10.0.0.223:62306 as esp32 (p4, c1, k60, u'ESP32-Sensor-01').
2026-09-19T23:31:44: No will message specified.
2026-09-19T23:31:44: Client esp32 negotiated TLSv1.2 cipher ECDHE-RSA-AES256-GCM-SHA384
2026-09-19T23:31:44: Sending CONNACK to esp32 (0, 0)
2026-09-19T23:31:44: Received SUBSCRIBE from esp32
2026-09-19T23:31:44: 	XP340/I_00/cmd (QoS 0)
2026-09-19T23:31:44: esp32 0 XP340/I_00/cmd
2026-09-19T23:31:44: Sending SUBACK to esp32
2026-09-19T23:31:45: Received PUBLISH from esp32 (d0, q0, r0, m0, 'XP340/counter', ... (31 bytes))
2026-09-19T23:31:54: Received PUBLISH from esp32 (d0, q0, r0, m0, 'XP340/counter', ... (31 bytes))
2026-09-19T23:31:56: Received PUBLISH from esp32 (d0, q0, r0, m0, 'XP340/counter', ... (31 bytes))
2026-09-19T23:32:00: Received PUBLISH from esp32 (d0, q0, r0, m0, 'XP340/counter', ... (31 bytes))
2026-09-19T23:32:09: Received PUBLISH from esp32 (d0, q0, r0, m0, 'XP340/counter', ... (31 bytes))
2026-09-19T23:32:10: Received PUBLISH from esp32 (d0, q0, r0, m0, 'XP340/counter', ... (31 bytes))
2026-09-19T23:32:15: Received PUBLISH from esp32 (d0, q0, r0, m0, 'XP340/counter', ... (31 bytes))
2026-09-19T23:32:24: Received PUBLISH from esp32 (d0, q0, r0, m0, 'XP340/counter', ... (31 bytes))
2026-09-19T23:32:25: Received PUBLISH from esp32 (d0, q0, r0, m0, 'XP340/counter', ... (31 bytes))
2026-09-19T23:32:30: Received PUBLISH from esp32 (d0, q0, r0, m0, 'XP340/counter', ... (31 bytes))
2026-09-19T23:32:39: Received PUBLISH from esp32 (d0, q0, r0, m0, 'XP340/counter', ... (32 bytes))
2026-09-19T23:32:40: Received PUBLISH from esp32 (d0, q0, r0, m0, 'XP340/counter', ... (32 bytes))
2026-09-19T23:32:55: New connection from 10.0.0.223:62307 on port 8883.
2026-09-19T23:32:57: Client esp32 [10.0.0.223:62306] disconnected: session taken over.
2026-09-19T23:32:57: New client connected from 10.0.0.223:62307 as esp32 (p4, c1, k60, u'ESP32-Sensor-01').
2026-09-19T23:32:57: No will message specified.
2026-09-19T23:32:57: Client esp32 negotiated TLSv1.2 cipher ECDHE-RSA-AES256-GCM-SHA384
2026-09-19T23:32:57: Sending CONNACK to esp32 (0, 0)
2026-09-19T23:32:57: Received SUBSCRIBE from esp32
2026-09-19T23:32:57: 	XP340/I_00/cmd (QoS 0)
2026-09-19T23:32:57: esp32 0 XP340/I_00/cmd
2026-09-19T23:32:57: Sending SUBACK to esp32
2026-09-19T23:32:57: Received PUBLISH from esp32 (d0, q0, r0, m0, 'XP340/counter', ... (31 bytes))
2026-09-19T23:33:09: Received PUBLISH from esp32 (d0, q0, r0, m0, 'XP340/counter', ... (31 bytes))
2026-09-19T23:33:09: Received PUBLISH from esp32 (d0, q0, r0, m0, 'XP340/counter', ... (31 bytes))
2026-09-19T23:33:12: Received PUBLISH from esp32 (d0, q0, r0, m0, 'XP340/counter', ... (31 bytes))
2026-09-19T23:33:17: Received PUBLISH from esp32 (d0, q0, r0, m0, 'XP340/counter', ... (31 bytes))
2026-09-19T23:33:25: Received PUBLISH from esp32 (d0, q0, r0, m0, 'XP340/counter', ... (31 bytes))
2026-09-19T23:33:28: Received PUBLISH from esp32 (d0, q0, r0, m0, 'XP340/counter', ... (31 bytes))
2026-09-19T23:33:33: Received PUBLISH from esp32 (d0, q0, r0, m0, 'XP340/counter', ... (31 bytes))
2026-09-19T23:33:39: Received PUBLISH from esp32 (d0, q0, r0, m0, 'XP340/counter', ... (31 bytes))
2026-09-19T23:33:42: Received PUBLISH from esp32 (d0, q0, r0, m0, 'XP340/counter', ... (31 bytes))
2026-09-19T23:33:48: Received PUBLISH from esp32 (d0, q0, r0, m0, 'XP340/counter', ... (32 bytes))
2026-09-19T23:33:54: Received PUBLISH from esp32 (d0, q0, r0, m0, 'XP340/counter', ... (32 bytes))
2026-09-19T23:33:58: Received PUBLISH from esp32 (d0, q0, r0, m0, 'XP340/counter', ... (32 bytes))
2026-09-19T23:34:03: Received PUBLISH from esp32 (d0, q0, r0, m0, 'XP340/counter', ... (32 bytes))
2026-09-19T23:34:09: Received PUBLISH from esp32 (d0, q0, r0, m0, 'XP340/counter', ... (32 bytes))
2026-09-19T23:34:12: Received PUBLISH from esp32 (d0, q0, r0, m0, 'XP340/counter', ... (32 bytes))
2026-09-19T23:34:18: Received PUBLISH from esp32 (d0, q0, r0, m0, 'XP340/counter', ... (32 bytes))
2026-09-19T23:34:20: New connection from 10.0.0.90:45977 on port 8883.
2026-09-19T23:34:20: New client connected from 10.0.0.90:45977 as paho-client-01 (p4, c1, k60, u'Paho-Client').
2026-09-19T23:34:20: No will message specified.
2026-09-19T23:34:20: Client paho-client-01 negotiated TLSv1.3 cipher TLS_AES_256_GCM_SHA384
2026-09-19T23:34:20: Sending CONNACK to paho-client-01 (0, 0)
2026-09-19T23:34:20: Received SUBSCRIBE from paho-client-01
2026-09-19T23:34:20: 	XP340/counter (QoS 0)
2026-09-19T23:34:20: paho-client-01 0 XP340/counter
2026-09-19T23:34:20: 	XP340/Q_00/state (QoS 0)
2026-09-19T23:34:20: paho-client-01 0 XP340/Q_00/state
2026-09-19T23:34:20: 	XP340/Q_01/state (QoS 0)
2026-09-19T23:34:20: paho-client-01 0 XP340/Q_01/state
2026-09-19T23:34:20: Sending SUBACK to paho-client-01
2026-09-19T23:34:24: Received PUBLISH from esp32 (d0, q0, r0, m0, 'XP340/counter', ... (32 bytes))
2026-09-19T23:34:24: Sending PUBLISH to paho-client-01 (d0, q0, r0, m0, 'XP340/counter', ... (32 bytes))
2026-09-19T23:34:27: Received PUBLISH from esp32 (d0, q0, r0, m0, 'XP340/counter', ... (32 bytes))
2026-09-19T23:34:27: Sending PUBLISH to paho-client-01 (d0, q0, r0, m0, 'XP340/counter', ... (32 bytes))
2026-09-19T23:34:31: Received PUBLISH from paho-client-01 (d0, q0, r0, m0, 'XP340/I_00/cmd', ... (2 bytes))
2026-09-19T23:34:31: Sending PUBLISH to esp32 (d0, q0, r0, m0, 'XP340/I_00/cmd', ... (2 bytes))
2026-09-19T23:34:39: Received PUBLISH from esp32 (d0, q0, r0, m0, 'XP340/counter', ... (32 bytes))
2026-09-19T23:34:39: Sending PUBLISH to paho-client-01 (d0, q0, r0, m0, 'XP340/counter', ... (32 bytes))
2026-09-19T23:34:40: Received PUBLISH from esp32 (d0, q0, r0, m0, 'XP340/counter', ... (32 bytes))
2026-09-19T23:34:40: Sending PUBLISH to paho-client-01 (d0, q0, r0, m0, 'XP340/counter', ... (32 bytes))
2026-09-19T23:34:40: Received PUBLISH from paho-client-01 (d0, q0, r0, m0, 'XP340/I_00/cmd', ... (3 bytes))
2026-09-19T23:34:40: Sending PUBLISH to esp32 (d0, q0, r0, m0, 'XP340/I_00/cmd', ... (3 bytes))
2026-09-19T23:34:47: Received PUBLISH from esp32 (d0, q0, r0, m0, 'XP340/counter', ... (32 bytes))
2026-09-19T23:34:47: Sending PUBLISH to paho-client-01 (d0, q0, r0, m0, 'XP340/counter', ... (32 bytes))
2026-09-19T23:34:54: Received PUBLISH from esp32 (d0, q0, r0, m0, 'XP340/counter', ... (32 bytes))
2026-09-19T23:34:54: Sending PUBLISH to paho-client-01 (d0, q0, r0, m0, 'XP340/counter', ... (32 bytes))
2026-09-19T23:34:54: Received PUBLISH from esp32 (d0, q0, r0, m0, 'XP340/counter', ... (32 bytes))
2026-09-19T23:34:54: Sending PUBLISH to paho-client-01 (d0, q0, r0, m0, 'XP340/counter', ... (32 bytes))
2026-09-19T23:34:58: Received PUBLISH from esp32 (d0, q0, r0, m0, 'XP340/counter', ... (32 bytes))
2026-09-19T23:34:58: Sending PUBLISH to paho-client-01 (d0, q0, r0, m0, 'XP340/counter', ... (32 bytes))
2026-09-19T23:35:05: OpenSSL Error while trying to get the error[0]: error:0A000126:SSL routines::unexpected eof while reading
2026-09-19T23:35:05: Client paho-client-01 [10.0.0.90:45977] disconnected: connection closed by client.
2026-09-19T23:35:08: New connection from 10.0.0.90:60455 on port 8883.
2026-09-19T23:35:08: New client connected from 10.0.0.90:60455 as paho-client-01 (p4, c1, k60, u'Paho-Client').
2026-09-19T23:35:08: No will message specified.
2026-09-19T23:35:08: Client paho-client-01 negotiated TLSv1.3 cipher TLS_AES_256_GCM_SHA384
2026-09-19T23:35:08: Sending CONNACK to paho-client-01 (0, 0)
2026-09-19T23:35:08: Received SUBSCRIBE from paho-client-01
2026-09-19T23:35:08: 	XP340/counter (QoS 0)
2026-09-19T23:35:08: paho-client-01 0 XP340/counter
2026-09-19T23:35:08: 	XP340/Q_00/state (QoS 0)
2026-09-19T23:35:08: paho-client-01 0 XP340/Q_00/state
2026-09-19T23:35:08: 	XP340/Q_01/state (QoS 0)
2026-09-19T23:35:08: paho-client-01 0 XP340/Q_01/state
2026-09-19T23:35:08: Sending SUBACK to paho-client-01
2026-09-19T23:35:09: Received PUBLISH from esp32 (d0, q0, r0, m0, 'XP340/counter', ... (32 bytes))
2026-09-19T23:35:09: Sending PUBLISH to paho-client-01 (d0, q0, r0, m0, 'XP340/counter', ... (32 bytes))
2026-09-19T23:35:10: Received PUBLISH from esp32 (d0, q0, r0, m0, 'XP340/counter', ... (32 bytes))
2026-09-19T23:35:10: Sending PUBLISH to paho-client-01 (d0, q0, r0, m0, 'XP340/counter', ... (32 bytes))
2026-09-19T23:35:13: Received PUBLISH from esp32 (d0, q0, r0, m0, 'XP340/counter', ... (32 bytes))
2026-09-19T23:35:13: Sending PUBLISH to paho-client-01 (d0, q0, r0, m0, 'XP340/counter', ... (32 bytes))
2026-09-19T23:35:18: Received PUBLISH from esp32 (d0, q0, r0, m0, 'XP340/counter', ... (32 bytes))
2026-09-19T23:35:18: Sending PUBLISH to paho-client-01 (d0, q0, r0, m0, 'XP340/counter', ... (32 bytes))
2026-09-19T23:35:25: Received PUBLISH from esp32 (d0, q0, r0, m0, 'XP340/counter', ... (32 bytes))
2026-09-19T23:35:25: Sending PUBLISH to paho-client-01 (d0, q0, r0, m0, 'XP340/counter', ... (32 bytes))
2026-09-19T23:35:28: Received PUBLISH from esp32 (d0, q0, r0, m0, 'XP340/counter', ... (32 bytes))
2026-09-19T23:35:28: Sending PUBLISH to paho-client-01 (d0, q0, r0, m0, 'XP340/counter', ... (32 bytes))
2026-09-19T23:35:39: Received PUBLISH from esp32 (d0, q0, r0, m0, 'XP340/counter', ... (32 bytes))
2026-09-19T23:35:39: Sending PUBLISH to paho-client-01 (d0, q0, r0, m0, 'XP340/counter', ... (32 bytes))
2026-09-19T23:35:39: Received PUBLISH from esp32 (d0, q0, r0, m0, 'XP340/counter', ... (32 bytes))
2026-09-19T23:35:39: Sending PUBLISH to paho-client-01 (d0, q0, r0, m0, 'XP340/counter', ... (32 bytes))
2026-09-19T23:35:43: Received PUBLISH from esp32 (d0, q0, r0, m0, 'XP340/counter', ... (32 bytes))
2026-09-19T23:35:43: Sending PUBLISH to paho-client-01 (d0, q0, r0, m0, 'XP340/counter', ... (32 bytes))
2026-09-19T23:35:46: OpenSSL Error while trying to get the error[0]: error:0A000126:SSL routines::unexpected eof while reading
2026-09-19T23:35:46: Client paho-client-01 [10.0.0.90:60455] disconnected: connection closed by client.
2026-09-19T23:35:48: Received PUBLISH from esp32 (d0, q0, r0, m0, 'XP340/counter', ... (32 bytes))
2026-09-19T23:35:48: New connection from 10.0.0.90:51603 on port 8883.
2026-09-19T23:35:48: New client connected from 10.0.0.90:51603 as paho-client-01 (p4, c1, k60, u'Paho-Client').
2026-09-19T23:35:48: No will message specified.
2026-09-19T23:35:48: Client paho-client-01 negotiated TLSv1.3 cipher TLS_AES_256_GCM_SHA384
2026-09-19T23:35:48: Sending CONNACK to paho-client-01 (0, 0)
2026-09-19T23:35:48: Received SUBSCRIBE from paho-client-01
2026-09-19T23:35:48: 	XP340/counter (QoS 0)
2026-09-19T23:35:48: paho-client-01 0 XP340/counter
2026-09-19T23:35:48: 	XP340/Q_00/state (QoS 0)
2026-09-19T23:35:48: paho-client-01 0 XP340/Q_00/state
2026-09-19T23:35:48: 	XP340/Q_01/state (QoS 0)
2026-09-19T23:35:48: paho-client-01 0 XP340/Q_01/state
2026-09-19T23:35:48: Sending SUBACK to paho-client-01
2026-09-19T23:35:54: Received PUBLISH from esp32 (d0, q0, r0, m0, 'XP340/counter', ... (32 bytes))
2026-09-19T23:35:54: Sending PUBLISH to paho-client-01 (d0, q0, r0, m0, 'XP340/counter', ... (32 bytes))
2026-09-19T23:35:58: Received PUBLISH from esp32 (d0, q0, r0, m0, 'XP340/counter', ... (32 bytes))
2026-09-19T23:35:58: Sending PUBLISH to paho-client-01 (d0, q0, r0, m0, 'XP340/counter', ... (32 bytes))
2026-09-19T23:36:03: Received PUBLISH from esp32 (d0, q0, r0, m0, 'XP340/counter', ... (32 bytes))
2026-09-19T23:36:03: Sending PUBLISH to paho-client-01 (d0, q0, r0, m0, 'XP340/counter', ... (32 bytes))
2026-09-19T23:36:10: Received PUBLISH from esp32 (d0, q0, r0, m0, 'XP340/counter', ... (32 bytes))
2026-09-19T23:36:10: Sending PUBLISH to paho-client-01 (d0, q0, r0, m0, 'XP340/counter', ... (32 bytes))
2026-09-19T23:36:13: Received PUBLISH from esp32 (d0, q0, r0, m0, 'XP340/counter', ... (32 bytes))
2026-09-19T23:36:13: Sending PUBLISH to paho-client-01 (d0, q0, r0, m0, 'XP340/counter', ... (32 bytes))
2026-09-19T23:36:18: Received PUBLISH from esp32 (d0, q0, r0, m0, 'XP340/counter', ... (32 bytes))
2026-09-19T23:36:18: Sending PUBLISH to paho-client-01 (d0, q0, r0, m0, 'XP340/counter', ... (32 bytes))
2026-09-19T23:36:26: Received PUBLISH from esp32 (d0, q0, r0, m0, 'XP340/counter', ... (32 bytes))
2026-09-19T23:36:26: Sending PUBLISH to paho-client-01 (d0, q0, r0, m0, 'XP340/counter', ... (32 bytes))
2026-09-19T23:36:28: Received PUBLISH from esp32 (d0, q0, r0, m0, 'XP340/counter', ... (32 bytes))
2026-09-19T23:36:28: Sending PUBLISH to paho-client-01 (d0, q0, r0, m0, 'XP340/counter', ... (32 bytes))
2026-09-19T23:36:39: Received PUBLISH from esp32 (d0, q0, r0, m0, 'XP340/counter', ... (32 bytes))
2026-09-19T23:36:39: Sending PUBLISH to paho-client-01 (d0, q0, r0, m0, 'XP340/counter', ... (32 bytes))
2026-09-19T23:36:39: Received PUBLISH from esp32 (d0, q0, r0, m0, 'XP340/counter', ... (32 bytes))
2026-09-19T23:36:39: Sending PUBLISH to paho-client-01 (d0, q0, r0, m0, 'XP340/counter', ... (32 bytes))
2026-09-19T23:36:44: Received PUBLISH from esp32 (d0, q0, r0, m0, 'XP340/counter', ... (32 bytes))
2026-09-19T23:36:44: Sending PUBLISH to paho-client-01 (d0, q0, r0, m0, 'XP340/counter', ... (32 bytes))
2026-09-19T23:36:46: OpenSSL Error while trying to get the error[0]: error:0A000126:SSL routines::unexpected eof while reading
2026-09-19T23:36:46: Client paho-client-01 [10.0.0.90:51603] disconnected: connection closed by client.
2026-09-19T23:36:48: Received PUBLISH from esp32 (d0, q0, r0, m0, 'XP340/counter', ... (32 bytes))
2026-09-19T23:36:52: New connection from 10.0.0.90:43671 on port 8883.
2026-09-19T23:36:52: New client connected from 10.0.0.90:43671 as paho-client-01 (p4, c1, k60, u'Paho-Client').
2026-09-19T23:36:52: No will message specified.
2026-09-19T23:36:52: Client paho-client-01 negotiated TLSv1.3 cipher TLS_AES_256_GCM_SHA384
2026-09-19T23:36:52: Sending CONNACK to paho-client-01 (0, 0)
2026-09-19T23:36:52: Received SUBSCRIBE from paho-client-01
2026-09-19T23:36:52: 	XP340/counter (QoS 0)
2026-09-19T23:36:52: paho-client-01 0 XP340/counter
2026-09-19T23:36:52: 	XP340/Q_00/state (QoS 0)
2026-09-19T23:36:52: paho-client-01 0 XP340/Q_00/state
2026-09-19T23:36:52: 	XP340/Q_01/state (QoS 0)
2026-09-19T23:36:52: paho-client-01 0 XP340/Q_01/state
2026-09-19T23:36:52: Sending SUBACK to paho-client-01
2026-09-19T23:36:55: Received PUBLISH from esp32 (d0, q0, r0, m0, 'XP340/counter', ... (32 bytes))
2026-09-19T23:36:55: Sending PUBLISH to paho-client-01 (d0, q0, r0, m0, 'XP340/counter', ... (32 bytes))
2026-09-19T23:36:58: Received PUBLISH from esp32 (d0, q0, r0, m0, 'XP340/counter', ... (32 bytes))
2026-09-19T23:36:58: Sending PUBLISH to paho-client-01 (d0, q0, r0, m0, 'XP340/counter', ... (32 bytes))
2026-09-19T23:37:09: Received PUBLISH from esp32 (d0, q0, r0, m0, 'XP340/counter', ... (32 bytes))
2026-09-19T23:37:09: Sending PUBLISH to paho-client-01 (d0, q0, r0, m0, 'XP340/counter', ... (32 bytes))
2026-09-19T23:37:09: Received PUBLISH from esp32 (d0, q0, r0, m0, 'XP340/counter', ... (32 bytes))
2026-09-19T23:37:09: Sending PUBLISH to paho-client-01 (d0, q0, r0, m0, 'XP340/counter', ... (32 bytes))
2026-09-19T23:37:13: Received PUBLISH from esp32 (d0, q0, r0, m0, 'XP340/counter', ... (32 bytes))
2026-09-19T23:37:13: Sending PUBLISH to paho-client-01 (d0, q0, r0, m0, 'XP340/counter', ... (32 bytes))
2026-09-19T23:37:24: Received PUBLISH from esp32 (d0, q0, r0, m0, 'XP340/counter', ... (32 bytes))
2026-09-19T23:37:24: Sending PUBLISH to paho-client-01 (d0, q0, r0, m0, 'XP340/counter', ... (32 bytes))
2026-09-19T23:37:24: Received PUBLISH from esp32 (d0, q0, r0, m0, 'XP340/counter', ... (32 bytes))
2026-09-19T23:37:24: Sending PUBLISH to paho-client-01 (d0, q0, r0, m0, 'XP340/counter', ... (32 bytes))
2026-09-19T23:37:28: Received PUBLISH from esp32 (d0, q0, r0, m0, 'XP340/counter', ... (32 bytes))
2026-09-19T23:37:28: Sending PUBLISH to paho-client-01 (d0, q0, r0, m0, 'XP340/counter', ... (32 bytes))
2026-09-19T23:37:33: Received PUBLISH from esp32 (d0, q0, r0, m0, 'XP340/counter', ... (32 bytes))
2026-09-19T23:37:33: Sending PUBLISH to paho-client-01 (d0, q0, r0, m0, 'XP340/counter', ... (32 bytes))
2026-09-19T23:37:40: Received PUBLISH from esp32 (d0, q0, r0, m0, 'XP340/counter', ... (32 bytes))
2026-09-19T23:37:40: Sending PUBLISH to paho-client-01 (d0, q0, r0, m0, 'XP340/counter', ... (32 bytes))
2026-09-19T23:37:43: Received PUBLISH from esp32 (d0, q0, r0, m0, 'XP340/counter', ... (32 bytes))
2026-09-19T23:37:43: Sending PUBLISH to paho-client-01 (d0, q0, r0, m0, 'XP340/counter', ... (32 bytes))
2026-09-19T23:37:52: Received PINGREQ from paho-client-01
2026-09-19T23:37:52: Sending PINGRESP to paho-client-01
2026-09-19T23:37:54: Received PUBLISH from esp32 (d0, q0, r0, m0, 'XP340/counter', ... (32 bytes))
2026-09-19T23:37:54: Sending PUBLISH to paho-client-01 (d0, q0, r0, m0, 'XP340/counter', ... (32 bytes))
2026-09-19T23:37:54: Received PUBLISH from esp32 (d0, q0, r0, m0, 'XP340/counter', ... (32 bytes))
2026-09-19T23:37:54: Sending PUBLISH to paho-client-01 (d0, q0, r0, m0, 'XP340/counter', ... (32 bytes))
2026-09-19T23:37:59: Received PUBLISH from esp32 (d0, q0, r0, m0, 'XP340/counter', ... (32 bytes))
2026-09-19T23:37:59: Sending PUBLISH to paho-client-01 (d0, q0, r0, m0, 'XP340/counter', ... (32 bytes))
2026-09-19T23:38:16: Received PUBLISH from esp32 (d0, q0, r0, m0, 'XP340/counter', ... (32 bytes))
2026-09-19T23:38:16: Sending PUBLISH to paho-client-01 (d0, q0, r0, m0, 'XP340/counter', ... (32 bytes))
2026-09-19T23:38:16: Received PUBLISH from esp32 (d0, q0, r0, m0, 'XP340/counter', ... (32 bytes))
2026-09-19T23:38:16: Sending PUBLISH to paho-client-01 (d0, q0, r0, m0, 'XP340/counter', ... (32 bytes))
2026-09-19T23:38:16: Received PUBLISH from esp32 (d0, q0, r0, m0, 'XP340/counter', ... (32 bytes))
2026-09-19T23:38:16: Sending PUBLISH to paho-client-01 (d0, q0, r0, m0, 'XP340/counter', ... (32 bytes))
2026-09-19T23:38:24: Received PUBLISH from esp32 (d0, q0, r0, m0, 'XP340/counter', ... (32 bytes))
2026-09-19T23:38:24: Sending PUBLISH to paho-client-01 (d0, q0, r0, m0, 'XP340/counter', ... (32 bytes))
2026-09-19T23:38:25: Received PUBLISH from esp32 (d0, q0, r0, m0, 'XP340/counter', ... (32 bytes))
2026-09-19T23:38:25: Sending PUBLISH to paho-client-01 (d0, q0, r0, m0, 'XP340/counter', ... (32 bytes))
2026-09-19T23:38:28: Received PUBLISH from esp32 (d0, q0, r0, m0, 'XP340/counter', ... (32 bytes))
2026-09-19T23:38:28: Sending PUBLISH to paho-client-01 (d0, q0, r0, m0, 'XP340/counter', ... (32 bytes))
2026-09-19T23:38:39: Received PUBLISH from esp32 (d0, q0, r0, m0, 'XP340/counter', ... (32 bytes))
2026-09-19T23:38:39: Sending PUBLISH to paho-client-01 (d0, q0, r0, m0, 'XP340/counter', ... (32 bytes))
2026-09-19T23:38:43: Received PUBLISH from esp32 (d0, q0, r0, m0, 'XP340/counter', ... (32 bytes))
2026-09-19T23:38:43: Sending PUBLISH to paho-client-01 (d0, q0, r0, m0, 'XP340/counter', ... (32 bytes))
2026-09-19T23:38:44: Received PUBLISH from esp32 (d0, q0, r0, m0, 'XP340/counter', ... (32 bytes))
2026-09-19T23:38:44: Sending PUBLISH to paho-client-01 (d0, q0, r0, m0, 'XP340/counter', ... (32 bytes))
2026-09-19T23:38:48: Received PUBLISH from esp32 (d0, q0, r0, m0, 'XP340/counter', ... (32 bytes))
2026-09-19T23:38:48: Sending PUBLISH to paho-client-01 (d0, q0, r0, m0, 'XP340/counter', ... (32 bytes))
2026-09-19T23:38:52: Received PINGREQ from paho-client-01
2026-09-19T23:38:52: Sending PINGRESP to paho-client-01
2026-09-19T23:38:54: Received PUBLISH from esp32 (d0, q0, r0, m0, 'XP340/counter', ... (32 bytes))
2026-09-19T23:38:54: Sending PUBLISH to paho-client-01 (d0, q0, r0, m0, 'XP340/counter', ... (32 bytes))
2026-09-19T23:38:58: Received PUBLISH from esp32 (d0, q0, r0, m0, 'XP340/counter', ... (32 bytes))
2026-09-19T23:38:58: Sending PUBLISH to paho-client-01 (d0, q0, r0, m0, 'XP340/counter', ... (32 bytes))
2026-09-19T23:39:09: Received PUBLISH from esp32 (d0, q0, r0, m0, 'XP340/counter', ... (32 bytes))
2026-09-19T23:39:09: Sending PUBLISH to paho-client-01 (d0, q0, r0, m0, 'XP340/counter', ... (32 bytes))
2026-09-19T23:39:09: Received PUBLISH from esp32 (d0, q0, r0, m0, 'XP340/counter', ... (32 bytes))
2026-09-19T23:39:09: Sending PUBLISH to paho-client-01 (d0, q0, r0, m0, 'XP340/counter', ... (32 bytes))
2026-09-19T23:39:13: Received PUBLISH from esp32 (d0, q0, r0, m0, 'XP340/counter', ... (32 bytes))
2026-09-19T23:39:13: Sending PUBLISH to paho-client-01 (d0, q0, r0, m0, 'XP340/counter', ... (32 bytes))
2026-09-19T23:39:18: Received PUBLISH from esp32 (d0, q0, r0, m0, 'XP340/counter', ... (32 bytes))
2026-09-19T23:39:18: Sending PUBLISH to paho-client-01 (d0, q0, r0, m0, 'XP340/counter', ... (32 bytes))
2026-09-19T23:39:25: Received PUBLISH from esp32 (d0, q0, r0, m0, 'XP340/counter', ... (32 bytes))
2026-09-19T23:39:25: Sending PUBLISH to paho-client-01 (d0, q0, r0, m0, 'XP340/counter', ... (32 bytes))
2026-09-19T23:39:29: Received PUBLISH from esp32 (d0, q0, r0, m0, 'XP340/counter', ... (32 bytes))
2026-09-19T23:39:29: Sending PUBLISH to paho-client-01 (d0, q0, r0, m0, 'XP340/counter', ... (32 bytes))
2026-09-19T23:39:39: Received PUBLISH from esp32 (d0, q0, r0, m0, 'XP340/counter', ... (32 bytes))
2026-09-19T23:39:39: Sending PUBLISH to paho-client-01 (d0, q0, r0, m0, 'XP340/counter', ... (32 bytes))
2026-09-19T23:39:39: Received PUBLISH from esp32 (d0, q0, r0, m0, 'XP340/counter', ... (32 bytes))
2026-09-19T23:39:39: Sending PUBLISH to paho-client-01 (d0, q0, r0, m0, 'XP340/counter', ... (32 bytes))
2026-09-19T23:39:43: Received PUBLISH from esp32 (d0, q0, r0, m0, 'XP340/counter', ... (32 bytes))
2026-09-19T23:39:43: Sending PUBLISH to paho-client-01 (d0, q0, r0, m0, 'XP340/counter', ... (32 bytes))
2026-09-19T23:39:48: Received PUBLISH from esp32 (d0, q0, r0, m0, 'XP340/counter', ... (32 bytes))
2026-09-19T23:39:48: Sending PUBLISH to paho-client-01 (d0, q0, r0, m0, 'XP340/counter', ... (32 bytes))
2026-09-19T23:39:52: Received PINGREQ from paho-client-01
2026-09-19T23:39:52: Sending PINGRESP to paho-client-01
2026-09-19T23:39:54: Received PUBLISH from esp32 (d0, q0, r0, m0, 'XP340/counter', ... (32 bytes))
2026-09-19T23:39:54: Sending PUBLISH to paho-client-01 (d0, q0, r0, m0, 'XP340/counter', ... (32 bytes))
2026-09-19T23:39:58: Received PUBLISH from esp32 (d0, q0, r0, m0, 'XP340/counter', ... (32 bytes))
2026-09-19T23:39:58: Sending PUBLISH to paho-client-01 (d0, q0, r0, m0, 'XP340/counter', ... (32 bytes))
2026-09-19T23:40:09: Received PUBLISH from esp32 (d0, q0, r0, m0, 'XP340/counter', ... (32 bytes))
2026-09-19T23:40:09: Sending PUBLISH to paho-client-01 (d0, q0, r0, m0, 'XP340/counter', ... (32 bytes))
2026-09-19T23:40:09: Received PUBLISH from esp32 (d0, q0, r0, m0, 'XP340/counter', ... (32 bytes))
2026-09-19T23:40:09: Sending PUBLISH to paho-client-01 (d0, q0, r0, m0, 'XP340/counter', ... (32 bytes))
2026-09-19T23:40:14: Received PUBLISH from esp32 (d0, q0, r0, m0, 'XP340/counter', ... (32 bytes))
2026-09-19T23:40:14: Sending PUBLISH to paho-client-01 (d0, q0, r0, m0, 'XP340/counter', ... (32 bytes))
2026-09-19T23:40:24: Received PUBLISH from esp32 (d0, q0, r0, m0, 'XP340/counter', ... (32 bytes))
2026-09-19T23:40:24: Sending PUBLISH to paho-client-01 (d0, q0, r0, m0, 'XP340/counter', ... (32 bytes))
2026-09-19T23:40:24: Received PUBLISH from esp32 (d0, q0, r0, m0, 'XP340/counter', ... (32 bytes))
2026-09-19T23:40:24: Sending PUBLISH to paho-client-01 (d0, q0, r0, m0, 'XP340/counter', ... (32 bytes))
2026-09-19T23:40:29: Received PUBLISH from esp32 (d0, q0, r0, m0, 'XP340/counter', ... (32 bytes))
2026-09-19T23:40:29: Sending PUBLISH to paho-client-01 (d0, q0, r0, m0, 'XP340/counter', ... (32 bytes))
2026-09-19T23:40:35: OpenSSL Error while trying to get the error[0]: error:0A000126:SSL routines::unexpected eof while reading
2026-09-19T23:40:35: Client paho-client-01 [10.0.0.90:43671] disconnected: connection closed by client.
2026-09-19T23:40:39: Received PUBLISH from esp32 (d0, q0, r0, m0, 'XP340/counter', ... (32 bytes))
2026-09-19T23:40:39: Received PUBLISH from esp32 (d0, q0, r0, m0, 'XP340/counter', ... (32 bytes))
2026-09-19T23:40:39: New connection from 10.0.0.90:54417 on port 8883.
2026-09-19T23:40:40: New client connected from 10.0.0.90:54417 as paho-client-01 (p4, c1, k60, u'Paho-Client').
2026-09-19T23:40:40: No will message specified.
2026-09-19T23:40:40: Client paho-client-01 negotiated TLSv1.3 cipher TLS_AES_256_GCM_SHA384
2026-09-19T23:40:40: Sending CONNACK to paho-client-01 (0, 0)
2026-09-19T23:40:40: Received SUBSCRIBE from paho-client-01
2026-09-19T23:40:40: 	XP340/counter (QoS 0)
2026-09-19T23:40:40: paho-client-01 0 XP340/counter
2026-09-19T23:40:40: 	XP340/Q_00/state (QoS 0)
2026-09-19T23:40:40: paho-client-01 0 XP340/Q_00/state
2026-09-19T23:40:40: 	XP340/Q_01/state (QoS 0)
2026-09-19T23:40:40: paho-client-01 0 XP340/Q_01/state
2026-09-19T23:40:40: Sending SUBACK to paho-client-01
2026-09-19T23:40:43: Received PUBLISH from esp32 (d0, q0, r0, m0, 'XP340/counter', ... (32 bytes))
2026-09-19T23:40:43: Sending PUBLISH to paho-client-01 (d0, q0, r0, m0, 'XP340/counter', ... (32 bytes))
2026-09-19T23:40:54: Received PUBLISH from esp32 (d0, q0, r0, m0, 'XP340/counter', ... (32 bytes))
2026-09-19T23:40:54: Sending PUBLISH to paho-client-01 (d0, q0, r0, m0, 'XP340/counter', ... (32 bytes))
2026-09-19T23:40:54: Received PUBLISH from esp32 (d0, q0, r0, m0, 'XP340/counter', ... (32 bytes))
2026-09-19T23:40:54: Sending PUBLISH to paho-client-01 (d0, q0, r0, m0, 'XP340/counter', ... (32 bytes))
2026-09-19T23:40:58: Received PUBLISH from esp32 (d0, q0, r0, m0, 'XP340/counter', ... (32 bytes))
2026-09-19T23:40:58: Sending PUBLISH to paho-client-01 (d0, q0, r0, m0, 'XP340/counter', ... (32 bytes))
2026-09-19T23:41:10: Received PUBLISH from esp32 (d0, q0, r0, m0, 'XP340/counter', ... (32 bytes))
2026-09-19T23:41:10: Sending PUBLISH to paho-client-01 (d0, q0, r0, m0, 'XP340/counter', ... (32 bytes))
2026-09-19T23:41:10: Received PUBLISH from esp32 (d0, q0, r0, m0, 'XP340/counter', ... (32 bytes))
2026-09-19T23:41:10: Sending PUBLISH to paho-client-01 (d0, q0, r0, m0, 'XP340/counter', ... (32 bytes))
2026-09-19T23:41:15: Received PUBLISH from esp32 (d0, q0, r0, m0, 'XP340/counter', ... (32 bytes))
2026-09-19T23:41:15: Sending PUBLISH to paho-client-01 (d0, q0, r0, m0, 'XP340/counter', ... (32 bytes))
2026-09-19T23:41:24: Received PUBLISH from esp32 (d0, q0, r0, m0, 'XP340/counter', ... (33 bytes))
2026-09-19T23:41:24: Sending PUBLISH to paho-client-01 (d0, q0, r0, m0, 'XP340/counter', ... (33 bytes))
2026-09-19T23:41:24: Received PUBLISH from esp32 (d0, q0, r0, m0, 'XP340/counter', ... (33 bytes))
2026-09-19T23:41:24: Sending PUBLISH to paho-client-01 (d0, q0, r0, m0, 'XP340/counter', ... (33 bytes))
2026-09-19T23:41:29: Received PUBLISH from esp32 (d0, q0, r0, m0, 'XP340/counter', ... (33 bytes))
2026-09-19T23:41:29: Sending PUBLISH to paho-client-01 (d0, q0, r0, m0, 'XP340/counter', ... (33 bytes))
2026-09-19T23:41:39: Received PUBLISH from esp32 (d0, q0, r0, m0, 'XP340/counter', ... (33 bytes))
2026-09-19T23:41:39: Sending PUBLISH to paho-client-01 (d0, q0, r0, m0, 'XP340/counter', ... (33 bytes))
2026-09-19T23:41:39: Received PUBLISH from esp32 (d0, q0, r0, m0, 'XP340/counter', ... (33 bytes))
2026-09-19T23:41:39: Sending PUBLISH to paho-client-01 (d0, q0, r0, m0, 'XP340/counter', ... (33 bytes))
2026-09-19T23:41:40: Received PINGREQ from paho-client-01
2026-09-19T23:41:40: Sending PINGRESP to paho-client-01
2026-09-19T23:41:44: Received PUBLISH from esp32 (d0, q0, r0, m0, 'XP340/counter', ... (33 bytes))
2026-09-19T23:41:44: Sending PUBLISH to paho-client-01 (d0, q0, r0, m0, 'XP340/counter', ... (33 bytes))
2026-09-19T23:42:00: Received PUBLISH from esp32 (d0, q0, r0, m0, 'XP340/counter', ... (33 bytes))
2026-09-19T23:42:00: Sending PUBLISH to paho-client-01 (d0, q0, r0, m0, 'XP340/counter', ... (33 bytes))
2026-09-19T23:42:00: Received PUBLISH from esp32 (d0, q0, r0, m0, 'XP340/counter', ... (33 bytes))
2026-09-19T23:42:00: Sending PUBLISH to paho-client-01 (d0, q0, r0, m0, 'XP340/counter', ... (33 bytes))
2026-09-19T23:42:00: Received PUBLISH from esp32 (d0, q0, r0, m0, 'XP340/counter', ... (33 bytes))
2026-09-19T23:42:00: Sending PUBLISH to paho-client-01 (d0, q0, r0, m0, 'XP340/counter', ... (33 bytes))
2026-09-19T23:42:09: Received PUBLISH from esp32 (d0, q0, r0, m0, 'XP340/counter', ... (33 bytes))
2026-09-19T23:42:09: Sending PUBLISH to paho-client-01 (d0, q0, r0, m0, 'XP340/counter', ... (33 bytes))
2026-09-19T23:42:09: Received PUBLISH from esp32 (d0, q0, r0, m0, 'XP340/counter', ... (33 bytes))
2026-09-19T23:42:09: Sending PUBLISH to paho-client-01 (d0, q0, r0, m0, 'XP340/counter', ... (33 bytes))
2026-09-19T23:42:14: Received PUBLISH from esp32 (d0, q0, r0, m0, 'XP340/counter', ... (33 bytes))
2026-09-19T23:42:14: Sending PUBLISH to paho-client-01 (d0, q0, r0, m0, 'XP340/counter', ... (33 bytes))
2026-09-19T23:42:25: Received PUBLISH from esp32 (d0, q0, r0, m0, 'XP340/counter', ... (33 bytes))
2026-09-19T23:42:25: Sending PUBLISH to paho-client-01 (d0, q0, r0, m0, 'XP340/counter', ... (33 bytes))
2026-09-19T23:42:25: Received PUBLISH from esp32 (d0, q0, r0, m0, 'XP340/counter', ... (33 bytes))
2026-09-19T23:42:25: Sending PUBLISH to paho-client-01 (d0, q0, r0, m0, 'XP340/counter', ... (33 bytes))
2026-09-19T23:42:29: Received PUBLISH from esp32 (d0, q0, r0, m0, 'XP340/counter', ... (33 bytes))
2026-09-19T23:42:29: Sending PUBLISH to paho-client-01 (d0, q0, r0, m0, 'XP340/counter', ... (33 bytes))
2026-09-19T23:42:39: Received PUBLISH from esp32 (d0, q0, r0, m0, 'XP340/counter', ... (33 bytes))
2026-09-19T23:42:39: Sending PUBLISH to paho-client-01 (d0, q0, r0, m0, 'XP340/counter', ... (33 bytes))
2026-09-19T23:42:39: Received PUBLISH from esp32 (d0, q0, r0, m0, 'XP340/counter', ... (33 bytes))
2026-09-19T23:42:39: Sending PUBLISH to paho-client-01 (d0, q0, r0, m0, 'XP340/counter', ... (33 bytes))
2026-09-19T23:42:41: Received PINGREQ from paho-client-01
2026-09-19T23:42:41: Sending PINGRESP to paho-client-01
2026-09-19T23:42:44: Received PUBLISH from esp32 (d0, q0, r0, m0, 'XP340/counter', ... (33 bytes))
2026-09-19T23:42:44: Sending PUBLISH to paho-client-01 (d0, q0, r0, m0, 'XP340/counter', ... (33 bytes))
2026-09-19T23:43:01: Received PUBLISH from esp32 (d0, q0, r0, m0, 'XP340/counter', ... (33 bytes))
2026-09-19T23:43:01: Sending PUBLISH to paho-client-01 (d0, q0, r0, m0, 'XP340/counter', ... (33 bytes))
2026-09-19T23:43:01: Received PUBLISH from esp32 (d0, q0, r0, m0, 'XP340/counter', ... (33 bytes))
2026-09-19T23:43:01: Sending PUBLISH to paho-client-01 (d0, q0, r0, m0, 'XP340/counter', ... (33 bytes))
2026-09-19T23:43:01: Received PUBLISH from esp32 (d0, q0, r0, m0, 'XP340/counter', ... (33 bytes))
2026-09-19T23:43:01: Sending PUBLISH to paho-client-01 (d0, q0, r0, m0, 'XP340/counter', ... (33 bytes))
2026-09-19T23:43:04: Received PUBLISH from esp32 (d0, q0, r0, m0, 'XP340/counter', ... (33 bytes))
2026-09-19T23:43:04: Sending PUBLISH to paho-client-01 (d0, q0, r0, m0, 'XP340/counter', ... (33 bytes))
2026-09-19T23:43:09: Received PUBLISH from esp32 (d0, q0, r0, m0, 'XP340/counter', ... (33 bytes))
2026-09-19T23:43:09: Sending PUBLISH to paho-client-01 (d0, q0, r0, m0, 'XP340/counter', ... (33 bytes))
2026-09-19T23:43:14: Received PUBLISH from esp32 (d0, q0, r0, m0, 'XP340/counter', ... (33 bytes))
2026-09-19T23:43:14: Sending PUBLISH to paho-client-01 (d0, q0, r0, m0, 'XP340/counter', ... (33 bytes))
2026-09-19T23:43:19: Received PUBLISH from esp32 (d0, q0, r0, m0, 'XP340/counter', ... (33 bytes))
2026-09-19T23:43:19: Sending PUBLISH to paho-client-01 (d0, q0, r0, m0, 'XP340/counter', ... (33 bytes))
2026-09-19T23:43:24: Received PUBLISH from esp32 (d0, q0, r0, m0, 'XP340/counter', ... (33 bytes))
2026-09-19T23:43:24: Sending PUBLISH to paho-client-01 (d0, q0, r0, m0, 'XP340/counter', ... (33 bytes))
2026-09-19T23:43:29: Received PUBLISH from esp32 (d0, q0, r0, m0, 'XP340/counter', ... (33 bytes))
2026-09-19T23:43:29: Sending PUBLISH to paho-client-01 (d0, q0, r0, m0, 'XP340/counter', ... (33 bytes))
2026-09-19T23:43:34: Received PUBLISH from esp32 (d0, q0, r0, m0, 'XP340/counter', ... (33 bytes))
2026-09-19T23:43:34: Sending PUBLISH to paho-client-01 (d0, q0, r0, m0, 'XP340/counter', ... (33 bytes))
2026-09-19T23:43:40: Received PUBLISH from esp32 (d0, q0, r0, m0, 'XP340/counter', ... (33 bytes))
2026-09-19T23:43:40: Sending PUBLISH to paho-client-01 (d0, q0, r0, m0, 'XP340/counter', ... (33 bytes))
2026-09-19T23:43:42: Received PINGREQ from paho-client-01
2026-09-19T23:43:42: Sending PINGRESP to paho-client-01
2026-09-19T23:43:44: Received PUBLISH from esp32 (d0, q0, r0, m0, 'XP340/counter', ... (33 bytes))
2026-09-19T23:43:44: Sending PUBLISH to paho-client-01 (d0, q0, r0, m0, 'XP340/counter', ... (33 bytes))
2026-09-19T23:43:50: Received PUBLISH from esp32 (d0, q0, r0, m0, 'XP340/counter', ... (33 bytes))
2026-09-19T23:43:50: Sending PUBLISH to paho-client-01 (d0, q0, r0, m0, 'XP340/counter', ... (33 bytes))
2026-09-19T23:43:55: Received PUBLISH from esp32 (d0, q0, r0, m0, 'XP340/counter', ... (33 bytes))
2026-09-19T23:43:55: Sending PUBLISH to paho-client-01 (d0, q0, r0, m0, 'XP340/counter', ... (33 bytes))
2026-09-19T23:43:59: Received PUBLISH from esp32 (d0, q0, r0, m0, 'XP340/counter', ... (33 bytes))
2026-09-19T23:43:59: Sending PUBLISH to paho-client-01 (d0, q0, r0, m0, 'XP340/counter', ... (33 bytes))
2026-09-19T23:44:04: Received PUBLISH from esp32 (d0, q0, r0, m0, 'XP340/counter', ... (33 bytes))
2026-09-19T23:44:04: Sending PUBLISH to paho-client-01 (d0, q0, r0, m0, 'XP340/counter', ... (33 bytes))
2026-09-19T23:44:10: Received PUBLISH from esp32 (d0, q0, r0, m0, 'XP340/counter', ... (33 bytes))
2026-09-19T23:44:10: Sending PUBLISH to paho-client-01 (d0, q0, r0, m0, 'XP340/counter', ... (33 bytes))
2026-09-19T23:44:14: Received PUBLISH from esp32 (d0, q0, r0, m0, 'XP340/counter', ... (33 bytes))
2026-09-19T23:44:14: Sending PUBLISH to paho-client-01 (d0, q0, r0, m0, 'XP340/counter', ... (33 bytes))
2026-09-19T23:44:19: Received PUBLISH from esp32 (d0, q0, r0, m0, 'XP340/counter', ... (33 bytes))
2026-09-19T23:44:19: Sending PUBLISH to paho-client-01 (d0, q0, r0, m0, 'XP340/counter', ... (33 bytes))
2026-09-19T23:44:25: Received PUBLISH from esp32 (d0, q0, r0, m0, 'XP340/counter', ... (33 bytes))
2026-09-19T23:44:25: Sending PUBLISH to paho-client-01 (d0, q0, r0, m0, 'XP340/counter', ... (33 bytes))
2026-09-19T23:44:29: Received PUBLISH from esp32 (d0, q0, r0, m0, 'XP340/counter', ... (33 bytes))
2026-09-19T23:44:29: Sending PUBLISH to paho-client-01 (d0, q0, r0, m0, 'XP340/counter', ... (33 bytes))
2026-09-19T23:44:34: Received PUBLISH from esp32 (d0, q0, r0, m0, 'XP340/counter', ... (33 bytes))
2026-09-19T23:44:34: Sending PUBLISH to paho-client-01 (d0, q0, r0, m0, 'XP340/counter', ... (33 bytes))
2026-09-19T23:44:40: Received PUBLISH from esp32 (d0, q0, r0, m0, 'XP340/counter', ... (33 bytes))
2026-09-19T23:44:40: Sending PUBLISH to paho-client-01 (d0, q0, r0, m0, 'XP340/counter', ... (33 bytes))
2026-09-19T23:44:42: Received PINGREQ from paho-client-01
2026-09-19T23:44:42: Sending PINGRESP to paho-client-01
2026-09-19T23:44:44: Received PUBLISH from esp32 (d0, q0, r0, m0, 'XP340/counter', ... (33 bytes))
2026-09-19T23:44:44: Sending PUBLISH to paho-client-01 (d0, q0, r0, m0, 'XP340/counter', ... (33 bytes))
2026-09-19T23:44:49: Received PUBLISH from esp32 (d0, q0, r0, m0, 'XP340/counter', ... (33 bytes))
2026-09-19T23:44:49: Sending PUBLISH to paho-client-01 (d0, q0, r0, m0, 'XP340/counter', ... (33 bytes))
2026-09-19T23:44:56: Received PUBLISH from esp32 (d0, q0, r0, m0, 'XP340/counter', ... (33 bytes))
2026-09-19T23:44:56: Sending PUBLISH to paho-client-01 (d0, q0, r0, m0, 'XP340/counter', ... (33 bytes))
2026-09-19T23:45:00: Received PUBLISH from esp32 (d0, q0, r0, m0, 'XP340/counter', ... (33 bytes))
2026-09-19T23:45:00: Sending PUBLISH to paho-client-01 (d0, q0, r0, m0, 'XP340/counter', ... (33 bytes))
2026-09-19T23:45:06: Received PUBLISH from esp32 (d0, q0, r0, m0, 'XP340/counter', ... (33 bytes))
2026-09-19T23:45:06: Sending PUBLISH to paho-client-01 (d0, q0, r0, m0, 'XP340/counter', ... (33 bytes))
2026-09-19T23:45:10: Received PUBLISH from esp32 (d0, q0, r0, m0, 'XP340/counter', ... (33 bytes))
2026-09-19T23:45:10: Sending PUBLISH to paho-client-01 (d0, q0, r0, m0, 'XP340/counter', ... (33 bytes))
2026-09-19T23:45:15: Received PUBLISH from esp32 (d0, q0, r0, m0, 'XP340/counter', ... (33 bytes))
2026-09-19T23:45:15: Sending PUBLISH to paho-client-01 (d0, q0, r0, m0, 'XP340/counter', ... (33 bytes))
2026-09-19T23:45:19: Received PUBLISH from esp32 (d0, q0, r0, m0, 'XP340/counter', ... (33 bytes))
2026-09-19T23:45:19: Sending PUBLISH to paho-client-01 (d0, q0, r0, m0, 'XP340/counter', ... (33 bytes))
2026-09-19T23:45:28: Received PUBLISH from esp32 (d0, q0, r0, m0, 'XP340/counter', ... (33 bytes))
2026-09-19T23:45:28: Sending PUBLISH to paho-client-01 (d0, q0, r0, m0, 'XP340/counter', ... (33 bytes))
2026-09-19T23:45:29: Received PUBLISH from esp32 (d0, q0, r0, m0, 'XP340/counter', ... (33 bytes))
2026-09-19T23:45:29: Sending PUBLISH to paho-client-01 (d0, q0, r0, m0, 'XP340/counter', ... (33 bytes))
2026-09-19T23:45:34: Received PUBLISH from esp32 (d0, q0, r0, m0, 'XP340/counter', ... (33 bytes))
2026-09-19T23:45:34: Sending PUBLISH to paho-client-01 (d0, q0, r0, m0, 'XP340/counter', ... (33 bytes))
2026-09-19T23:45:40: Received PUBLISH from esp32 (d0, q0, r0, m0, 'XP340/counter', ... (33 bytes))
2026-09-19T23:45:40: Sending PUBLISH to paho-client-01 (d0, q0, r0, m0, 'XP340/counter', ... (33 bytes))
2026-09-19T23:45:42: Received PINGREQ from paho-client-01
2026-09-19T23:45:42: Sending PINGRESP to paho-client-01
2026-09-19T23:45:45: Received PUBLISH from esp32 (d0, q0, r0, m0, 'XP340/counter', ... (33 bytes))
2026-09-19T23:45:45: Sending PUBLISH to paho-client-01 (d0, q0, r0, m0, 'XP340/counter', ... (33 bytes))
2026-09-19T23:45:50: Received PUBLISH from esp32 (d0, q0, r0, m0, 'XP340/counter', ... (33 bytes))
2026-09-19T23:45:50: Sending PUBLISH to paho-client-01 (d0, q0, r0, m0, 'XP340/counter', ... (33 bytes))
2026-09-19T23:45:55: Received PUBLISH from esp32 (d0, q0, r0, m0, 'XP340/counter', ... (33 bytes))
2026-09-19T23:45:55: Sending PUBLISH to paho-client-01 (d0, q0, r0, m0, 'XP340/counter', ... (33 bytes))
2026-09-19T23:45:59: Received PUBLISH from esp32 (d0, q0, r0, m0, 'XP340/counter', ... (33 bytes))
2026-09-19T23:45:59: Sending PUBLISH to paho-client-01 (d0, q0, r0, m0, 'XP340/counter', ... (33 bytes))
2026-09-19T23:46:05: Received PUBLISH from esp32 (d0, q0, r0, m0, 'XP340/counter', ... (33 bytes))
2026-09-19T23:46:05: Sending PUBLISH to paho-client-01 (d0, q0, r0, m0, 'XP340/counter', ... (33 bytes))
2026-09-19T23:46:09: Received PUBLISH from esp32 (d0, q0, r0, m0, 'XP340/counter', ... (33 bytes))
2026-09-19T23:46:09: Sending PUBLISH to paho-client-01 (d0, q0, r0, m0, 'XP340/counter', ... (33 bytes))
2026-09-19T23:46:15: Received PUBLISH from esp32 (d0, q0, r0, m0, 'XP340/counter', ... (33 bytes))
2026-09-19T23:46:15: Sending PUBLISH to paho-client-01 (d0, q0, r0, m0, 'XP340/counter', ... (33 bytes))
2026-09-19T23:46:19: Received PUBLISH from esp32 (d0, q0, r0, m0, 'XP340/counter', ... (33 bytes))
2026-09-19T23:46:19: Sending PUBLISH to paho-client-01 (d0, q0, r0, m0, 'XP340/counter', ... (33 bytes))
2026-09-19T23:46:24: Received PUBLISH from esp32 (d0, q0, r0, m0, 'XP340/counter', ... (33 bytes))
2026-09-19T23:46:24: Sending PUBLISH to paho-client-01 (d0, q0, r0, m0, 'XP340/counter', ... (33 bytes))
2026-09-19T23:46:29: Received PUBLISH from esp32 (d0, q0, r0, m0, 'XP340/counter', ... (33 bytes))
2026-09-19T23:46:29: Sending PUBLISH to paho-client-01 (d0, q0, r0, m0, 'XP340/counter', ... (33 bytes))
2026-09-19T23:46:35: Received PUBLISH from esp32 (d0, q0, r0, m0, 'XP340/counter', ... (33 bytes))
2026-09-19T23:46:35: Sending PUBLISH to paho-client-01 (d0, q0, r0, m0, 'XP340/counter', ... (33 bytes))
2026-09-19T23:46:40: Received PUBLISH from esp32 (d0, q0, r0, m0, 'XP340/counter', ... (33 bytes))
2026-09-19T23:46:40: Sending PUBLISH to paho-client-01 (d0, q0, r0, m0, 'XP340/counter', ... (33 bytes))
2026-09-19T23:46:43: Received PINGREQ from paho-client-01
2026-09-19T23:46:43: Sending PINGRESP to paho-client-01
2026-09-19T23:46:44: Received PUBLISH from esp32 (d0, q0, r0, m0, 'XP340/counter', ... (33 bytes))
2026-09-19T23:46:44: Sending PUBLISH to paho-client-01 (d0, q0, r0, m0, 'XP340/counter', ... (33 bytes))
2026-09-19T23:46:49: Received PUBLISH from esp32 (d0, q0, r0, m0, 'XP340/counter', ... (33 bytes))
2026-09-19T23:46:49: Sending PUBLISH to paho-client-01 (d0, q0, r0, m0, 'XP340/counter', ... (33 bytes))
2026-09-19T23:46:55: Received PUBLISH from esp32 (d0, q0, r0, m0, 'XP340/counter', ... (33 bytes))
2026-09-19T23:46:55: Sending PUBLISH to paho-client-01 (d0, q0, r0, m0, 'XP340/counter', ... (33 bytes))
2026-09-19T23:47:00: Received PUBLISH from esp32 (d0, q0, r0, m0, 'XP340/counter', ... (33 bytes))
2026-09-19T23:47:00: Sending PUBLISH to paho-client-01 (d0, q0, r0, m0, 'XP340/counter', ... (33 bytes))
2026-09-19T23:47:05: Received PUBLISH from esp32 (d0, q0, r0, m0, 'XP340/counter', ... (33 bytes))
2026-09-19T23:47:05: Sending PUBLISH to paho-client-01 (d0, q0, r0, m0, 'XP340/counter', ... (33 bytes))
2026-09-19T23:47:09: Received PUBLISH from esp32 (d0, q0, r0, m0, 'XP340/counter', ... (33 bytes))
2026-09-19T23:47:09: Sending PUBLISH to paho-client-01 (d0, q0, r0, m0, 'XP340/counter', ... (33 bytes))
2026-09-19T23:47:14: Received PUBLISH from esp32 (d0, q0, r0, m0, 'XP340/counter', ... (33 bytes))
2026-09-19T23:47:14: Sending PUBLISH to paho-client-01 (d0, q0, r0, m0, 'XP340/counter', ... (33 bytes))
2026-09-19T23:47:20: Received PUBLISH from esp32 (d0, q0, r0, m0, 'XP340/counter', ... (33 bytes))
2026-09-19T23:47:20: Sending PUBLISH to paho-client-01 (d0, q0, r0, m0, 'XP340/counter', ... (33 bytes))
2026-09-19T23:47:25: Received PUBLISH from esp32 (d0, q0, r0, m0, 'XP340/counter', ... (33 bytes))
2026-09-19T23:47:25: Sending PUBLISH to paho-client-01 (d0, q0, r0, m0, 'XP340/counter', ... (33 bytes))
2026-09-19T23:47:29: Received PUBLISH from esp32 (d0, q0, r0, m0, 'XP340/counter', ... (33 bytes))
2026-09-19T23:47:29: Sending PUBLISH to paho-client-01 (d0, q0, r0, m0, 'XP340/counter', ... (33 bytes))
2026-09-19T23:47:35: Received PUBLISH from esp32 (d0, q0, r0, m0, 'XP340/counter', ... (33 bytes))
2026-09-19T23:47:35: Sending PUBLISH to paho-client-01 (d0, q0, r0, m0, 'XP340/counter', ... (33 bytes))
2026-09-19T23:47:40: Received PUBLISH from esp32 (d0, q0, r0, m0, 'XP340/counter', ... (33 bytes))
2026-09-19T23:47:40: Sending PUBLISH to paho-client-01 (d0, q0, r0, m0, 'XP340/counter', ... (33 bytes))
2026-09-19T23:47:43: Received PINGREQ from paho-client-01
2026-09-19T23:47:43: Sending PINGRESP to paho-client-01
2026-09-19T23:47:44: Received PUBLISH from esp32 (d0, q0, r0, m0, 'XP340/counter', ... (33 bytes))
2026-09-19T23:47:44: Sending PUBLISH to paho-client-01 (d0, q0, r0, m0, 'XP340/counter', ... (33 bytes))
2026-09-19T23:47:50: Received PUBLISH from esp32 (d0, q0, r0, m0, 'XP340/counter', ... (33 bytes))
2026-09-19T23:47:50: Sending PUBLISH to paho-client-01 (d0, q0, r0, m0, 'XP340/counter', ... (33 bytes))
2026-09-19T23:47:55: Received PUBLISH from esp32 (d0, q0, r0, m0, 'XP340/counter', ... (33 bytes))
2026-09-19T23:47:55: Sending PUBLISH to paho-client-01 (d0, q0, r0, m0, 'XP340/counter', ... (33 bytes))
2026-09-19T23:48:00: Received PUBLISH from esp32 (d0, q0, r0, m0, 'XP340/counter', ... (33 bytes))
2026-09-19T23:48:00: Sending PUBLISH to paho-client-01 (d0, q0, r0, m0, 'XP340/counter', ... (33 bytes))
2026-09-19T23:48:05: Received PUBLISH from esp32 (d0, q0, r0, m0, 'XP340/counter', ... (33 bytes))
2026-09-19T23:48:05: Sending PUBLISH to paho-client-01 (d0, q0, r0, m0, 'XP340/counter', ... (33 bytes))
2026-09-19T23:48:10: Received PUBLISH from esp32 (d0, q0, r0, m0, 'XP340/counter', ... (33 bytes))
2026-09-19T23:48:10: Sending PUBLISH to paho-client-01 (d0, q0, r0, m0, 'XP340/counter', ... (33 bytes))
2026-09-19T23:48:15: Received PUBLISH from esp32 (d0, q0, r0, m0, 'XP340/counter', ... (33 bytes))
2026-09-19T23:48:15: Sending PUBLISH to paho-client-01 (d0, q0, r0, m0, 'XP340/counter', ... (33 bytes))
2026-09-19T23:48:20: Received PUBLISH from esp32 (d0, q0, r0, m0, 'XP340/counter', ... (33 bytes))
2026-09-19T23:48:20: Sending PUBLISH to paho-client-01 (d0, q0, r0, m0, 'XP340/counter', ... (33 bytes))
2026-09-19T23:48:25: Received PUBLISH from esp32 (d0, q0, r0, m0, 'XP340/counter', ... (33 bytes))
2026-09-19T23:48:25: Sending PUBLISH to paho-client-01 (d0, q0, r0, m0, 'XP340/counter', ... (33 bytes))
2026-09-19T23:48:33: Received PUBLISH from esp32 (d0, q0, r0, m0, 'XP340/counter', ... (33 bytes))
2026-09-19T23:48:33: Sending PUBLISH to paho-client-01 (d0, q0, r0, m0, 'XP340/counter', ... (33 bytes))
2026-09-19T23:48:35: Received PUBLISH from esp32 (d0, q0, r0, m0, 'XP340/counter', ... (33 bytes))
2026-09-19T23:48:35: Sending PUBLISH to paho-client-01 (d0, q0, r0, m0, 'XP340/counter', ... (33 bytes))
2026-09-19T23:48:40: Received PUBLISH from esp32 (d0, q0, r0, m0, 'XP340/counter', ... (33 bytes))
2026-09-19T23:48:40: Sending PUBLISH to paho-client-01 (d0, q0, r0, m0, 'XP340/counter', ... (33 bytes))
2026-09-19T23:48:43: Received PINGREQ from paho-client-01
2026-09-19T23:48:43: Sending PINGRESP to paho-client-01
2026-09-19T23:48:45: Received PUBLISH from esp32 (d0, q0, r0, m0, 'XP340/counter', ... (33 bytes))
2026-09-19T23:48:45: Sending PUBLISH to paho-client-01 (d0, q0, r0, m0, 'XP340/counter', ... (33 bytes))
2026-09-19T23:48:50: Received PUBLISH from esp32 (d0, q0, r0, m0, 'XP340/counter', ... (33 bytes))
2026-09-19T23:48:50: Sending PUBLISH to paho-client-01 (d0, q0, r0, m0, 'XP340/counter', ... (33 bytes))
2026-09-19T23:48:55: Received PUBLISH from esp32 (d0, q0, r0, m0, 'XP340/counter', ... (33 bytes))
2026-09-19T23:48:55: Sending PUBLISH to paho-client-01 (d0, q0, r0, m0, 'XP340/counter', ... (33 bytes))
2026-09-19T23:49:00: Received PUBLISH from esp32 (d0, q0, r0, m0, 'XP340/counter', ... (33 bytes))
2026-09-19T23:49:00: Sending PUBLISH to paho-client-01 (d0, q0, r0, m0, 'XP340/counter', ... (33 bytes))
2026-09-19T23:49:05: Received PUBLISH from esp32 (d0, q0, r0, m0, 'XP340/counter', ... (33 bytes))
2026-09-19T23:49:05: Sending PUBLISH to paho-client-01 (d0, q0, r0, m0, 'XP340/counter', ... (33 bytes))
2026-09-19T23:49:10: Received PUBLISH from esp32 (d0, q0, r0, m0, 'XP340/counter', ... (33 bytes))
2026-09-19T23:49:10: Sending PUBLISH to paho-client-01 (d0, q0, r0, m0, 'XP340/counter', ... (33 bytes))
2026-09-19T23:49:15: Received PUBLISH from esp32 (d0, q0, r0, m0, 'XP340/counter', ... (33 bytes))
2026-09-19T23:49:15: Sending PUBLISH to paho-client-01 (d0, q0, r0, m0, 'XP340/counter', ... (33 bytes))
2026-09-19T23:49:20: Received PUBLISH from esp32 (d0, q0, r0, m0, 'XP340/counter', ... (33 bytes))
2026-09-19T23:49:20: Sending PUBLISH to paho-client-01 (d0, q0, r0, m0, 'XP340/counter', ... (33 bytes))
2026-09-19T23:49:25: Received PUBLISH from esp32 (d0, q0, r0, m0, 'XP340/counter', ... (33 bytes))
2026-09-19T23:49:25: Sending PUBLISH to paho-client-01 (d0, q0, r0, m0, 'XP340/counter', ... (33 bytes))
2026-09-19T23:49:30: Received PUBLISH from esp32 (d0, q0, r0, m0, 'XP340/counter', ... (33 bytes))
2026-09-19T23:49:30: Sending PUBLISH to paho-client-01 (d0, q0, r0, m0, 'XP340/counter', ... (33 bytes))
2026-09-19T23:49:35: Received PUBLISH from esp32 (d0, q0, r0, m0, 'XP340/counter', ... (33 bytes))
2026-09-19T23:49:35: Sending PUBLISH to paho-client-01 (d0, q0, r0, m0, 'XP340/counter', ... (33 bytes))
2026-09-19T23:49:40: Received PUBLISH from esp32 (d0, q0, r0, m0, 'XP340/counter', ... (33 bytes))
2026-09-19T23:49:40: Sending PUBLISH to paho-client-01 (d0, q0, r0, m0, 'XP340/counter', ... (33 bytes))
2026-09-19T23:49:43: Received PINGREQ from paho-client-01
2026-09-19T23:49:43: Sending PINGRESP to paho-client-01
2026-09-19T23:49:45: Received PUBLISH from esp32 (d0, q0, r0, m0, 'XP340/counter', ... (33 bytes))
2026-09-19T23:49:45: Sending PUBLISH to paho-client-01 (d0, q0, r0, m0, 'XP340/counter', ... (33 bytes))
2026-09-19T23:49:50: Received PUBLISH from esp32 (d0, q0, r0, m0, 'XP340/counter', ... (33 bytes))
2026-09-19T23:49:50: Sending PUBLISH to paho-client-01 (d0, q0, r0, m0, 'XP340/counter', ... (33 bytes))
2026-09-19T23:49:56: Received PUBLISH from esp32 (d0, q0, r0, m0, 'XP340/counter', ... (33 bytes))
2026-09-19T23:49:56: Sending PUBLISH to paho-client-01 (d0, q0, r0, m0, 'XP340/counter', ... (33 bytes))
2026-09-19T23:50:00: Received PUBLISH from esp32 (d0, q0, r0, m0, 'XP340/counter', ... (33 bytes))
2026-09-19T23:50:00: Sending PUBLISH to paho-client-01 (d0, q0, r0, m0, 'XP340/counter', ... (33 bytes))
2026-09-19T23:50:05: Received PUBLISH from esp32 (d0, q0, r0, m0, 'XP340/counter', ... (33 bytes))
2026-09-19T23:50:05: Sending PUBLISH to paho-client-01 (d0, q0, r0, m0, 'XP340/counter', ... (33 bytes))
2026-09-19T23:50:10: Received PUBLISH from esp32 (d0, q0, r0, m0, 'XP340/counter', ... (33 bytes))
2026-09-19T23:50:10: Sending PUBLISH to paho-client-01 (d0, q0, r0, m0, 'XP340/counter', ... (33 bytes))
2026-09-19T23:50:12: Received PUBLISH from paho-client-01 (d0, q0, r0, m0, 'XP340/I_00/cmd', ... (2 bytes))
2026-09-19T23:50:12: Sending PUBLISH to esp32 (d0, q0, r0, m0, 'XP340/I_00/cmd', ... (2 bytes))
2026-09-19T23:50:13: Received PUBLISH from paho-client-01 (d0, q0, r0, m0, 'XP340/I_00/cmd', ... (3 bytes))
2026-09-19T23:50:13: Sending PUBLISH to esp32 (d0, q0, r0, m0, 'XP340/I_00/cmd', ... (3 bytes))
2026-09-19T23:50:14: Received PUBLISH from paho-client-01 (d0, q0, r0, m0, 'XP340/I_00/cmd', ... (2 bytes))
2026-09-19T23:50:14: Sending PUBLISH to esp32 (d0, q0, r0, m0, 'XP340/I_00/cmd', ... (2 bytes))
2026-09-19T23:50:15: Received PUBLISH from esp32 (d0, q0, r0, m0, 'XP340/counter', ... (33 bytes))
2026-09-19T23:50:15: Sending PUBLISH to paho-client-01 (d0, q0, r0, m0, 'XP340/counter', ... (33 bytes))
2026-09-19T23:50:19: Received PUBLISH from paho-client-01 (d0, q0, r0, m0, 'XP340/I_00/cmd', ... (3 bytes))
2026-09-19T23:50:19: Sending PUBLISH to esp32 (d0, q0, r0, m0, 'XP340/I_00/cmd', ... (3 bytes))
2026-09-19T23:50:20: Received PUBLISH from esp32 (d0, q0, r0, m0, 'XP340/counter', ... (33 bytes))
2026-09-19T23:50:20: Sending PUBLISH to paho-client-01 (d0, q0, r0, m0, 'XP340/counter', ... (33 bytes))
2026-09-19T23:50:25: Received PUBLISH from esp32 (d0, q0, r0, m0, 'XP340/counter', ... (33 bytes))
2026-09-19T23:50:25: Sending PUBLISH to paho-client-01 (d0, q0, r0, m0, 'XP340/counter', ... (33 bytes))
2026-09-19T23:50:30: Received PUBLISH from esp32 (d0, q0, r0, m0, 'XP340/counter', ... (33 bytes))
2026-09-19T23:50:30: Sending PUBLISH to paho-client-01 (d0, q0, r0, m0, 'XP340/counter', ... (33 bytes))
2026-09-19T23:50:31: Received PUBLISH from paho-client-01 (d0, q0, r0, m0, 'XP340/I_01/cmd', ... (2 bytes))
2026-09-19T23:50:35: Received PUBLISH from paho-client-01 (d0, q0, r0, m0, 'XP340/I_01/cmd', ... (3 bytes))
2026-09-19T23:50:35: Received PUBLISH from esp32 (d0, q0, r0, m0, 'XP340/counter', ... (33 bytes))
2026-09-19T23:50:35: Sending PUBLISH to paho-client-01 (d0, q0, r0, m0, 'XP340/counter', ... (33 bytes))
2026-09-19T23:50:37: Received PUBLISH from paho-client-01 (d0, q0, r0, m0, 'XP340/I_00/cmd', ... (2 bytes))
2026-09-19T23:50:37: Sending PUBLISH to esp32 (d0, q0, r0, m0, 'XP340/I_00/cmd', ... (2 bytes))
2026-09-19T23:50:40: Received PUBLISH from esp32 (d0, q0, r0, m0, 'XP340/counter', ... (33 bytes))
2026-09-19T23:50:40: Sending PUBLISH to paho-client-01 (d0, q0, r0, m0, 'XP340/counter', ... (33 bytes))
2026-09-19T23:50:41: Received PUBLISH from paho-client-01 (d0, q0, r0, m0, 'XP340/I_00/cmd', ... (3 bytes))
2026-09-19T23:50:41: Sending PUBLISH to esp32 (d0, q0, r0, m0, 'XP340/I_00/cmd', ... (3 bytes))
2026-09-19T23:50:44: Received PINGREQ from paho-client-01
2026-09-19T23:50:44: Sending PINGRESP to paho-client-01
2026-09-19T23:50:45: Received PUBLISH from esp32 (d0, q0, r0, m0, 'XP340/counter', ... (33 bytes))
2026-09-19T23:50:45: Sending PUBLISH to paho-client-01 (d0, q0, r0, m0, 'XP340/counter', ... (33 bytes))
2026-09-19T23:50:50: Received PUBLISH from esp32 (d0, q0, r0, m0, 'XP340/counter', ... (33 bytes))
2026-09-19T23:50:50: Sending PUBLISH to paho-client-01 (d0, q0, r0, m0, 'XP340/counter', ... (33 bytes))
2026-09-19T23:50:55: Received PUBLISH from esp32 (d0, q0, r0, m0, 'XP340/counter', ... (33 bytes))
2026-09-19T23:50:55: Sending PUBLISH to paho-client-01 (d0, q0, r0, m0, 'XP340/counter', ... (33 bytes))
2026-09-19T23:51:00: Received PUBLISH from esp32 (d0, q0, r0, m0, 'XP340/counter', ... (33 bytes))
2026-09-19T23:51:00: Sending PUBLISH to paho-client-01 (d0, q0, r0, m0, 'XP340/counter', ... (33 bytes))
2026-09-19T23:51:05: Received PUBLISH from esp32 (d0, q0, r0, m0, 'XP340/counter', ... (33 bytes))
2026-09-19T23:51:05: Sending PUBLISH to paho-client-01 (d0, q0, r0, m0, 'XP340/counter', ... (33 bytes))
2026-09-19T23:51:10: Received PUBLISH from esp32 (d0, q0, r0, m0, 'XP340/counter', ... (33 bytes))
2026-09-19T23:51:10: Sending PUBLISH to paho-client-01 (d0, q0, r0, m0, 'XP340/counter', ... (33 bytes))
2026-09-19T23:51:15: Received PUBLISH from esp32 (d0, q0, r0, m0, 'XP340/counter', ... (33 bytes))
2026-09-19T23:51:15: Sending PUBLISH to paho-client-01 (d0, q0, r0, m0, 'XP340/counter', ... (33 bytes))
2026-09-19T23:51:20: Received PUBLISH from esp32 (d0, q0, r0, m0, 'XP340/counter', ... (33 bytes))
2026-09-19T23:51:20: Sending PUBLISH to paho-client-01 (d0, q0, r0, m0, 'XP340/counter', ... (33 bytes))
2026-09-19T23:51:25: Received PUBLISH from esp32 (d0, q0, r0, m0, 'XP340/counter', ... (33 bytes))
2026-09-19T23:51:25: Sending PUBLISH to paho-client-01 (d0, q0, r0, m0, 'XP340/counter', ... (33 bytes))
2026-09-19T23:51:30: Received PUBLISH from esp32 (d0, q0, r0, m0, 'XP340/counter', ... (33 bytes))
2026-09-19T23:51:30: Sending PUBLISH to paho-client-01 (d0, q0, r0, m0, 'XP340/counter', ... (33 bytes))
2026-09-19T23:51:35: Received PUBLISH from esp32 (d0, q0, r0, m0, 'XP340/counter', ... (33 bytes))
2026-09-19T23:51:35: Sending PUBLISH to paho-client-01 (d0, q0, r0, m0, 'XP340/counter', ... (33 bytes))
2026-09-19T23:51:40: Received PUBLISH from esp32 (d0, q0, r0, m0, 'XP340/counter', ... (33 bytes))
2026-09-19T23:51:40: Sending PUBLISH to paho-client-01 (d0, q0, r0, m0, 'XP340/counter', ... (33 bytes))
2026-09-19T23:51:44: Received PINGREQ from paho-client-01
2026-09-19T23:51:44: Sending PINGRESP to paho-client-01
2026-09-19T23:51:45: Received PUBLISH from esp32 (d0, q0, r0, m0, 'XP340/counter', ... (33 bytes))
2026-09-19T23:51:45: Sending PUBLISH to paho-client-01 (d0, q0, r0, m0, 'XP340/counter', ... (33 bytes))
2026-09-19T23:51:51: Received PUBLISH from esp32 (d0, q0, r0, m0, 'XP340/counter', ... (33 bytes))
2026-09-19T23:51:51: Sending PUBLISH to paho-client-01 (d0, q0, r0, m0, 'XP340/counter', ... (33 bytes))
2026-09-19T23:51:55: Received PUBLISH from esp32 (d0, q0, r0, m0, 'XP340/counter', ... (33 bytes))
2026-09-19T23:51:55: Sending PUBLISH to paho-client-01 (d0, q0, r0, m0, 'XP340/counter', ... (33 bytes))
2026-09-19T23:52:01: Received PUBLISH from esp32 (d0, q0, r0, m0, 'XP340/counter', ... (33 bytes))
2026-09-19T23:52:01: Sending PUBLISH to paho-client-01 (d0, q0, r0, m0, 'XP340/counter', ... (33 bytes))
2026-09-19T23:52:05: Received PUBLISH from esp32 (d0, q0, r0, m0, 'XP340/counter', ... (33 bytes))
2026-09-19T23:52:05: Sending PUBLISH to paho-client-01 (d0, q0, r0, m0, 'XP340/counter', ... (33 bytes))
2026-09-19T23:52:10: Received PUBLISH from esp32 (d0, q0, r0, m0, 'XP340/counter', ... (33 bytes))
2026-09-19T23:52:10: Sending PUBLISH to paho-client-01 (d0, q0, r0, m0, 'XP340/counter', ... (33 bytes))
2026-09-19T23:52:15: Received PUBLISH from esp32 (d0, q0, r0, m0, 'XP340/counter', ... (33 bytes))
2026-09-19T23:52:15: Sending PUBLISH to paho-client-01 (d0, q0, r0, m0, 'XP340/counter', ... (33 bytes))
2026-09-19T23:52:20: Received PUBLISH from esp32 (d0, q0, r0, m0, 'XP340/counter', ... (33 bytes))
2026-09-19T23:52:20: Sending PUBLISH to paho-client-01 (d0, q0, r0, m0, 'XP340/counter', ... (33 bytes))
2026-09-19T23:52:27: Received PUBLISH from esp32 (d0, q0, r0, m0, 'XP340/counter', ... (33 bytes))
2026-09-19T23:52:27: Sending PUBLISH to paho-client-01 (d0, q0, r0, m0, 'XP340/counter', ... (33 bytes))
2026-09-19T23:52:30: Received PUBLISH from esp32 (d0, q0, r0, m0, 'XP340/counter', ... (33 bytes))
2026-09-19T23:52:30: Sending PUBLISH to paho-client-01 (d0, q0, r0, m0, 'XP340/counter', ... (33 bytes))
2026-09-19T23:52:35: Received PUBLISH from esp32 (d0, q0, r0, m0, 'XP340/counter', ... (33 bytes))
2026-09-19T23:52:35: Sending PUBLISH to paho-client-01 (d0, q0, r0, m0, 'XP340/counter', ... (33 bytes))
2026-09-19T23:52:40: Received PUBLISH from esp32 (d0, q0, r0, m0, 'XP340/counter', ... (33 bytes))
2026-09-19T23:52:40: Sending PUBLISH to paho-client-01 (d0, q0, r0, m0, 'XP340/counter', ... (33 bytes))
2026-09-19T23:52:44: Received PINGREQ from paho-client-01
2026-09-19T23:52:44: Sending PINGRESP to paho-client-01
2026-09-19T23:52:46: Received PUBLISH from esp32 (d0, q0, r0, m0, 'XP340/counter', ... (33 bytes))
2026-09-19T23:52:46: Sending PUBLISH to paho-client-01 (d0, q0, r0, m0, 'XP340/counter', ... (33 bytes))
2026-09-19T23:52:52: Received PUBLISH from esp32 (d0, q0, r0, m0, 'XP340/counter', ... (33 bytes))
2026-09-19T23:52:52: Sending PUBLISH to paho-client-01 (d0, q0, r0, m0, 'XP340/counter', ... (33 bytes))
2026-09-19T23:52:55: Received PUBLISH from esp32 (d0, q0, r0, m0, 'XP340/counter', ... (33 bytes))
2026-09-19T23:52:55: Sending PUBLISH to paho-client-01 (d0, q0, r0, m0, 'XP340/counter', ... (33 bytes))
2026-09-19T23:53:00: Received PUBLISH from esp32 (d0, q0, r0, m0, 'XP340/counter', ... (33 bytes))
2026-09-19T23:53:00: Sending PUBLISH to paho-client-01 (d0, q0, r0, m0, 'XP340/counter', ... (33 bytes))
2026-09-19T23:53:05: Received PUBLISH from esp32 (d0, q0, r0, m0, 'XP340/counter', ... (33 bytes))
2026-09-19T23:53:05: Sending PUBLISH to paho-client-01 (d0, q0, r0, m0, 'XP340/counter', ... (33 bytes))
2026-09-19T23:53:10: Received PUBLISH from esp32 (d0, q0, r0, m0, 'XP340/counter', ... (33 bytes))
2026-09-19T23:53:10: Sending PUBLISH to paho-client-01 (d0, q0, r0, m0, 'XP340/counter', ... (33 bytes))
2026-09-19T23:53:16: Received PUBLISH from esp32 (d0, q0, r0, m0, 'XP340/counter', ... (33 bytes))
2026-09-19T23:53:16: Sending PUBLISH to paho-client-01 (d0, q0, r0, m0, 'XP340/counter', ... (33 bytes))
2026-09-19T23:53:21: Received PUBLISH from esp32 (d0, q0, r0, m0, 'XP340/counter', ... (33 bytes))
2026-09-19T23:53:21: Sending PUBLISH to paho-client-01 (d0, q0, r0, m0, 'XP340/counter', ... (33 bytes))
2026-09-19T23:53:25: Received PUBLISH from esp32 (d0, q0, r0, m0, 'XP340/counter', ... (33 bytes))
2026-09-19T23:53:25: Sending PUBLISH to paho-client-01 (d0, q0, r0, m0, 'XP340/counter', ... (33 bytes))
2026-09-19T23:53:30: Received PUBLISH from esp32 (d0, q0, r0, m0, 'XP340/counter', ... (33 bytes))
2026-09-19T23:53:30: Sending PUBLISH to paho-client-01 (d0, q0, r0, m0, 'XP340/counter', ... (33 bytes))
2026-09-19T23:53:36: Received PUBLISH from esp32 (d0, q0, r0, m0, 'XP340/counter', ... (33 bytes))
2026-09-19T23:53:36: Sending PUBLISH to paho-client-01 (d0, q0, r0, m0, 'XP340/counter', ... (33 bytes))
2026-09-19T23:53:40: Received PUBLISH from esp32 (d0, q0, r0, m0, 'XP340/counter', ... (33 bytes))
2026-09-19T23:53:40: Sending PUBLISH to paho-client-01 (d0, q0, r0, m0, 'XP340/counter', ... (33 bytes))
2026-09-19T23:53:44: Received PINGREQ from paho-client-01
2026-09-19T23:53:44: Sending PINGRESP to paho-client-01
2026-09-19T23:53:45: Received PUBLISH from esp32 (d0, q0, r0, m0, 'XP340/counter', ... (33 bytes))
2026-09-19T23:53:45: Sending PUBLISH to paho-client-01 (d0, q0, r0, m0, 'XP340/counter', ... (33 bytes))
2026-09-19T23:53:51: Received PUBLISH from esp32 (d0, q0, r0, m0, 'XP340/counter', ... (33 bytes))
2026-09-19T23:53:51: Sending PUBLISH to paho-client-01 (d0, q0, r0, m0, 'XP340/counter', ... (33 bytes))
2026-09-19T23:53:56: Received PUBLISH from esp32 (d0, q0, r0, m0, 'XP340/counter', ... (33 bytes))
2026-09-19T23:53:56: Sending PUBLISH to paho-client-01 (d0, q0, r0, m0, 'XP340/counter', ... (33 bytes))
2026-09-19T23:54:01: Received PUBLISH from esp32 (d0, q0, r0, m0, 'XP340/counter', ... (33 bytes))
2026-09-19T23:54:01: Sending PUBLISH to paho-client-01 (d0, q0, r0, m0, 'XP340/counter', ... (33 bytes))
2026-09-19T23:54:06: Received PUBLISH from esp32 (d0, q0, r0, m0, 'XP340/counter', ... (33 bytes))
2026-09-19T23:54:06: Sending PUBLISH to paho-client-01 (d0, q0, r0, m0, 'XP340/counter', ... (33 bytes))
2026-09-19T23:54:10: Received PUBLISH from esp32 (d0, q0, r0, m0, 'XP340/counter', ... (33 bytes))
2026-09-19T23:54:10: Sending PUBLISH to paho-client-01 (d0, q0, r0, m0, 'XP340/counter', ... (33 bytes))
2026-09-19T23:54:16: Received PUBLISH from esp32 (d0, q0, r0, m0, 'XP340/counter', ... (33 bytes))
2026-09-19T23:54:16: Sending PUBLISH to paho-client-01 (d0, q0, r0, m0, 'XP340/counter', ... (33 bytes))
2026-09-19T23:54:21: Received PUBLISH from esp32 (d0, q0, r0, m0, 'XP340/counter', ... (33 bytes))
2026-09-19T23:54:21: Sending PUBLISH to paho-client-01 (d0, q0, r0, m0, 'XP340/counter', ... (33 bytes))
2026-09-19T23:54:26: Received PUBLISH from esp32 (d0, q0, r0, m0, 'XP340/counter', ... (33 bytes))
2026-09-19T23:54:26: Sending PUBLISH to paho-client-01 (d0, q0, r0, m0, 'XP340/counter', ... (33 bytes))
2026-09-19T23:54:31: Received PUBLISH from esp32 (d0, q0, r0, m0, 'XP340/counter', ... (33 bytes))
2026-09-19T23:54:31: Sending PUBLISH to paho-client-01 (d0, q0, r0, m0, 'XP340/counter', ... (33 bytes))
2026-09-19T23:54:36: Received PUBLISH from esp32 (d0, q0, r0, m0, 'XP340/counter', ... (33 bytes))
2026-09-19T23:54:36: Sending PUBLISH to paho-client-01 (d0, q0, r0, m0, 'XP340/counter', ... (33 bytes))
2026-09-19T23:54:41: Received PUBLISH from esp32 (d0, q0, r0, m0, 'XP340/counter', ... (33 bytes))
2026-09-19T23:54:41: Sending PUBLISH to paho-client-01 (d0, q0, r0, m0, 'XP340/counter', ... (33 bytes))
2026-09-19T23:54:45: Received PINGREQ from paho-client-01
2026-09-19T23:54:45: Sending PINGRESP to paho-client-01
2026-09-19T23:54:46: Received PUBLISH from esp32 (d0, q0, r0, m0, 'XP340/counter', ... (33 bytes))
2026-09-19T23:54:46: Sending PUBLISH to paho-client-01 (d0, q0, r0, m0, 'XP340/counter', ... (33 bytes))
2026-09-19T23:54:51: Received PUBLISH from esp32 (d0, q0, r0, m0, 'XP340/counter', ... (33 bytes))
2026-09-19T23:54:51: Sending PUBLISH to paho-client-01 (d0, q0, r0, m0, 'XP340/counter', ... (33 bytes))
2026-09-19T23:54:56: Received PUBLISH from esp32 (d0, q0, r0, m0, 'XP340/counter', ... (33 bytes))
2026-09-19T23:54:56: Sending PUBLISH to paho-client-01 (d0, q0, r0, m0, 'XP340/counter', ... (33 bytes))
2026-09-19T23:55:01: Received PUBLISH from esp32 (d0, q0, r0, m0, 'XP340/counter', ... (33 bytes))
2026-09-19T23:55:01: Sending PUBLISH to paho-client-01 (d0, q0, r0, m0, 'XP340/counter', ... (33 bytes))
2026-09-19T23:55:06: Received PUBLISH from esp32 (d0, q0, r0, m0, 'XP340/counter', ... (33 bytes))
2026-09-19T23:55:06: Sending PUBLISH to paho-client-01 (d0, q0, r0, m0, 'XP340/counter', ... (33 bytes))
2026-09-19T23:55:11: Received PUBLISH from esp32 (d0, q0, r0, m0, 'XP340/counter', ... (33 bytes))
2026-09-19T23:55:11: Sending PUBLISH to paho-client-01 (d0, q0, r0, m0, 'XP340/counter', ... (33 bytes))
2026-09-19T23:55:16: Received PUBLISH from esp32 (d0, q0, r0, m0, 'XP340/counter', ... (33 bytes))
2026-09-19T23:55:16: Sending PUBLISH to paho-client-01 (d0, q0, r0, m0, 'XP340/counter', ... (33 bytes))
2026-09-19T23:55:21: Received PUBLISH from esp32 (d0, q0, r0, m0, 'XP340/counter', ... (33 bytes))
2026-09-19T23:55:21: Sending PUBLISH to paho-client-01 (d0, q0, r0, m0, 'XP340/counter', ... (33 bytes))
2026-09-19T23:55:26: Received PUBLISH from esp32 (d0, q0, r0, m0, 'XP340/counter', ... (33 bytes))
2026-09-19T23:55:26: Sending PUBLISH to paho-client-01 (d0, q0, r0, m0, 'XP340/counter', ... (33 bytes))
2026-09-19T23:55:31: Received PUBLISH from esp32 (d0, q0, r0, m0, 'XP340/counter', ... (33 bytes))
2026-09-19T23:55:31: Sending PUBLISH to paho-client-01 (d0, q0, r0, m0, 'XP340/counter', ... (33 bytes))
2026-09-19T23:55:36: Received PUBLISH from esp32 (d0, q0, r0, m0, 'XP340/counter', ... (33 bytes))
2026-09-19T23:55:36: Sending PUBLISH to paho-client-01 (d0, q0, r0, m0, 'XP340/counter', ... (33 bytes))
2026-09-19T23:55:43: Received PUBLISH from esp32 (d0, q0, r0, m0, 'XP340/counter', ... (33 bytes))
2026-09-19T23:55:43: Sending PUBLISH to paho-client-01 (d0, q0, r0, m0, 'XP340/counter', ... (33 bytes))
2026-09-19T23:55:45: Received PINGREQ from paho-client-01
2026-09-19T23:55:45: Sending PINGRESP to paho-client-01
2026-09-19T23:55:48: Received PUBLISH from esp32 (d0, q0, r0, m0, 'XP340/counter', ... (33 bytes))
2026-09-19T23:55:48: Sending PUBLISH to paho-client-01 (d0, q0, r0, m0, 'XP340/counter', ... (33 bytes))
2026-09-19T23:55:52: Received PUBLISH from esp32 (d0, q0, r0, m0, 'XP340/counter', ... (33 bytes))
2026-09-19T23:55:52: Sending PUBLISH to paho-client-01 (d0, q0, r0, m0, 'XP340/counter', ... (33 bytes))
2026-09-19T23:55:59: Received PUBLISH from esp32 (d0, q0, r0, m0, 'XP340/counter', ... (33 bytes))
2026-09-19T23:55:59: Sending PUBLISH to paho-client-01 (d0, q0, r0, m0, 'XP340/counter', ... (33 bytes))
2026-09-19T23:56:04: Received PUBLISH from esp32 (d0, q0, r0, m0, 'XP340/counter', ... (33 bytes))
2026-09-19T23:56:04: Sending PUBLISH to paho-client-01 (d0, q0, r0, m0, 'XP340/counter', ... (33 bytes))
2026-09-19T23:56:06: Received PUBLISH from esp32 (d0, q0, r0, m0, 'XP340/counter', ... (33 bytes))
2026-09-19T23:56:06: Sending PUBLISH to paho-client-01 (d0, q0, r0, m0, 'XP340/counter', ... (33 bytes))
2026-09-19T23:56:11: Received PUBLISH from esp32 (d0, q0, r0, m0, 'XP340/counter', ... (33 bytes))
2026-09-19T23:56:11: Sending PUBLISH to paho-client-01 (d0, q0, r0, m0, 'XP340/counter', ... (33 bytes))
2026-09-19T23:56:16: Received PUBLISH from esp32 (d0, q0, r0, m0, 'XP340/counter', ... (33 bytes))
2026-09-19T23:56:16: Sending PUBLISH to paho-client-01 (d0, q0, r0, m0, 'XP340/counter', ... (33 bytes))
2026-09-19T23:56:21: Received PUBLISH from esp32 (d0, q0, r0, m0, 'XP340/counter', ... (33 bytes))
2026-09-19T23:56:21: Sending PUBLISH to paho-client-01 (d0, q0, r0, m0, 'XP340/counter', ... (33 bytes))
2026-09-19T23:56:26: Received PUBLISH from esp32 (d0, q0, r0, m0, 'XP340/counter', ... (33 bytes))
2026-09-19T23:56:26: Sending PUBLISH to paho-client-01 (d0, q0, r0, m0, 'XP340/counter', ... (33 bytes))
2026-09-19T23:56:31: Received PUBLISH from esp32 (d0, q0, r0, m0, 'XP340/counter', ... (33 bytes))
2026-09-19T23:56:31: Sending PUBLISH to paho-client-01 (d0, q0, r0, m0, 'XP340/counter', ... (33 bytes))
2026-09-19T23:56:36: Received PUBLISH from esp32 (d0, q0, r0, m0, 'XP340/counter', ... (33 bytes))
2026-09-19T23:56:36: Sending PUBLISH to paho-client-01 (d0, q0, r0, m0, 'XP340/counter', ... (33 bytes))
2026-09-19T23:56:41: Received PUBLISH from esp32 (d0, q0, r0, m0, 'XP340/counter', ... (33 bytes))
2026-09-19T23:56:41: Sending PUBLISH to paho-client-01 (d0, q0, r0, m0, 'XP340/counter', ... (33 bytes))
2026-09-19T23:56:46: Received PINGREQ from paho-client-01
2026-09-19T23:56:46: Sending PINGRESP to paho-client-01
2026-09-19T23:56:46: Received PUBLISH from esp32 (d0, q0, r0, m0, 'XP340/counter', ... (33 bytes))
2026-09-19T23:56:46: Sending PUBLISH to paho-client-01 (d0, q0, r0, m0, 'XP340/counter', ... (33 bytes))
2026-09-19T23:56:51: Received PUBLISH from esp32 (d0, q0, r0, m0, 'XP340/counter', ... (33 bytes))
2026-09-19T23:56:51: Sending PUBLISH to paho-client-01 (d0, q0, r0, m0, 'XP340/counter', ... (33 bytes))
2026-09-19T23:56:56: Received PUBLISH from esp32 (d0, q0, r0, m0, 'XP340/counter', ... (33 bytes))
2026-09-19T23:56:56: Sending PUBLISH to paho-client-01 (d0, q0, r0, m0, 'XP340/counter', ... (33 bytes))
2026-09-19T23:57:01: Received PUBLISH from esp32 (d0, q0, r0, m0, 'XP340/counter', ... (33 bytes))
2026-09-19T23:57:01: Sending PUBLISH to paho-client-01 (d0, q0, r0, m0, 'XP340/counter', ... (33 bytes))
2026-09-19T23:57:06: Received PUBLISH from esp32 (d0, q0, r0, m0, 'XP340/counter', ... (33 bytes))
2026-09-19T23:57:06: Sending PUBLISH to paho-client-01 (d0, q0, r0, m0, 'XP340/counter', ... (33 bytes))
2026-09-19T23:57:12: Received PUBLISH from esp32 (d0, q0, r0, m0, 'XP340/counter', ... (33 bytes))
2026-09-19T23:57:12: Sending PUBLISH to paho-client-01 (d0, q0, r0, m0, 'XP340/counter', ... (33 bytes))
2026-09-19T23:57:16: Received PUBLISH from esp32 (d0, q0, r0, m0, 'XP340/counter', ... (33 bytes))
2026-09-19T23:57:16: Sending PUBLISH to paho-client-01 (d0, q0, r0, m0, 'XP340/counter', ... (33 bytes))
2026-09-19T23:57:21: Received PUBLISH from esp32 (d0, q0, r0, m0, 'XP340/counter', ... (33 bytes))
2026-09-19T23:57:21: Sending PUBLISH to paho-client-01 (d0, q0, r0, m0, 'XP340/counter', ... (33 bytes))
2026-09-19T23:57:26: Received PUBLISH from esp32 (d0, q0, r0, m0, 'XP340/counter', ... (33 bytes))
2026-09-19T23:57:26: Sending PUBLISH to paho-client-01 (d0, q0, r0, m0, 'XP340/counter', ... (33 bytes))
2026-09-19T23:57:31: Received PUBLISH from esp32 (d0, q0, r0, m0, 'XP340/counter', ... (33 bytes))
2026-09-19T23:57:31: Sending PUBLISH to paho-client-01 (d0, q0, r0, m0, 'XP340/counter', ... (33 bytes))
2026-09-19T23:57:36: Received PUBLISH from esp32 (d0, q0, r0, m0, 'XP340/counter', ... (33 bytes))
2026-09-19T23:57:36: Sending PUBLISH to paho-client-01 (d0, q0, r0, m0, 'XP340/counter', ... (33 bytes))
2026-09-19T23:57:41: Received PUBLISH from esp32 (d0, q0, r0, m0, 'XP340/counter', ... (33 bytes))
2026-09-19T23:57:41: Sending PUBLISH to paho-client-01 (d0, q0, r0, m0, 'XP340/counter', ... (33 bytes))
2026-09-19T23:57:46: Received PINGREQ from paho-client-01
2026-09-19T23:57:46: Sending PINGRESP to paho-client-01
2026-09-19T23:57:46: Received PUBLISH from esp32 (d0, q0, r0, m0, 'XP340/counter', ... (33 bytes))
2026-09-19T23:57:46: Sending PUBLISH to paho-client-01 (d0, q0, r0, m0, 'XP340/counter', ... (33 bytes))
2026-09-19T23:57:51: Received PUBLISH from esp32 (d0, q0, r0, m0, 'XP340/counter', ... (33 bytes))
2026-09-19T23:57:51: Sending PUBLISH to paho-client-01 (d0, q0, r0, m0, 'XP340/counter', ... (33 bytes))
2026-09-19T23:57:56: Received PUBLISH from esp32 (d0, q0, r0, m0, 'XP340/counter', ... (33 bytes))
2026-09-19T23:57:56: Sending PUBLISH to paho-client-01 (d0, q0, r0, m0, 'XP340/counter', ... (33 bytes))
2026-09-19T23:58:01: Received PUBLISH from esp32 (d0, q0, r0, m0, 'XP340/counter', ... (33 bytes))
2026-09-19T23:58:01: Sending PUBLISH to paho-client-01 (d0, q0, r0, m0, 'XP340/counter', ... (33 bytes))
2026-09-19T23:58:06: Received PUBLISH from esp32 (d0, q0, r0, m0, 'XP340/counter', ... (33 bytes))
2026-09-19T23:58:06: Sending PUBLISH to paho-client-01 (d0, q0, r0, m0, 'XP340/counter', ... (33 bytes))
2026-09-19T23:58:11: Received PUBLISH from esp32 (d0, q0, r0, m0, 'XP340/counter', ... (33 bytes))
2026-09-19T23:58:11: Sending PUBLISH to paho-client-01 (d0, q0, r0, m0, 'XP340/counter', ... (33 bytes))
2026-09-19T23:58:16: Received PUBLISH from esp32 (d0, q0, r0, m0, 'XP340/counter', ... (33 bytes))
2026-09-19T23:58:16: Sending PUBLISH to paho-client-01 (d0, q0, r0, m0, 'XP340/counter', ... (33 bytes))
2026-09-19T23:58:21: Received PUBLISH from esp32 (d0, q0, r0, m0, 'XP340/counter', ... (33 bytes))
2026-09-19T23:58:21: Sending PUBLISH to paho-client-01 (d0, q0, r0, m0, 'XP340/counter', ... (33 bytes))
2026-09-19T23:58:27: Received PUBLISH from esp32 (d0, q0, r0, m0, 'XP340/counter', ... (33 bytes))
2026-09-19T23:58:27: Sending PUBLISH to paho-client-01 (d0, q0, r0, m0, 'XP340/counter', ... (33 bytes))
2026-09-19T23:58:31: Received PUBLISH from esp32 (d0, q0, r0, m0, 'XP340/counter', ... (33 bytes))
2026-09-19T23:58:31: Sending PUBLISH to paho-client-01 (d0, q0, r0, m0, 'XP340/counter', ... (33 bytes))
2026-09-19T23:58:37: Received PUBLISH from esp32 (d0, q0, r0, m0, 'XP340/counter', ... (33 bytes))
2026-09-19T23:58:37: Sending PUBLISH to paho-client-01 (d0, q0, r0, m0, 'XP340/counter', ... (33 bytes))
2026-09-19T23:58:41: Received PUBLISH from esp32 (d0, q0, r0, m0, 'XP340/counter', ... (33 bytes))
2026-09-19T23:58:41: Sending PUBLISH to paho-client-01 (d0, q0, r0, m0, 'XP340/counter', ... (33 bytes))
2026-09-19T23:58:46: Received PINGREQ from paho-client-01
2026-09-19T23:58:46: Sending PINGRESP to paho-client-01
2026-09-19T23:58:46: Received PUBLISH from esp32 (d0, q0, r0, m0, 'XP340/counter', ... (33 bytes))
2026-09-19T23:58:46: Sending PUBLISH to paho-client-01 (d0, q0, r0, m0, 'XP340/counter', ... (33 bytes))
2026-09-19T23:58:51: Received PUBLISH from esp32 (d0, q0, r0, m0, 'XP340/counter', ... (33 bytes))
2026-09-19T23:58:51: Sending PUBLISH to paho-client-01 (d0, q0, r0, m0, 'XP340/counter', ... (33 bytes))
2026-09-19T23:58:56: Received PUBLISH from esp32 (d0, q0, r0, m0, 'XP340/counter', ... (33 bytes))
2026-09-19T23:58:56: Sending PUBLISH to paho-client-01 (d0, q0, r0, m0, 'XP340/counter', ... (33 bytes))
2026-09-19T23:59:01: Received PUBLISH from esp32 (d0, q0, r0, m0, 'XP340/counter', ... (33 bytes))
2026-09-19T23:59:01: Sending PUBLISH to paho-client-01 (d0, q0, r0, m0, 'XP340/counter', ... (33 bytes))
2026-09-19T23:59:07: Received PUBLISH from esp32 (d0, q0, r0, m0, 'XP340/counter', ... (33 bytes))
2026-09-19T23:59:07: Sending PUBLISH to paho-client-01 (d0, q0, r0, m0, 'XP340/counter', ... (33 bytes))
2026-09-19T23:59:12: Received PUBLISH from esp32 (d0, q0, r0, m0, 'XP340/counter', ... (33 bytes))
2026-09-19T23:59:12: Sending PUBLISH to paho-client-01 (d0, q0, r0, m0, 'XP340/counter', ... (33 bytes))
2026-09-19T23:59:17: Received PUBLISH from esp32 (d0, q0, r0, m0, 'XP340/counter', ... (33 bytes))
2026-09-19T23:59:17: Sending PUBLISH to paho-client-01 (d0, q0, r0, m0, 'XP340/counter', ... (33 bytes))
2026-09-19T23:59:21: Received PUBLISH from esp32 (d0, q0, r0, m0, 'XP340/counter', ... (33 bytes))
2026-09-19T23:59:21: Sending PUBLISH to paho-client-01 (d0, q0, r0, m0, 'XP340/counter', ... (33 bytes))
2026-09-19T23:59:26: Received PUBLISH from esp32 (d0, q0, r0, m0, 'XP340/counter', ... (33 bytes))
2026-09-19T23:59:26: Sending PUBLISH to paho-client-01 (d0, q0, r0, m0, 'XP340/counter', ... (33 bytes))
2026-09-19T23:59:32: Received PUBLISH from esp32 (d0, q0, r0, m0, 'XP340/counter', ... (33 bytes))
2026-09-19T23:59:32: Sending PUBLISH to paho-client-01 (d0, q0, r0, m0, 'XP340/counter', ... (33 bytes))
2026-09-19T23:59:37: Received PUBLISH from esp32 (d0, q0, r0, m0, 'XP340/counter', ... (33 bytes))
2026-09-19T23:59:37: Sending PUBLISH to paho-client-01 (d0, q0, r0, m0, 'XP340/counter', ... (33 bytes))
2026-09-19T23:59:41: Received PUBLISH from esp32 (d0, q0, r0, m0, 'XP340/counter', ... (33 bytes))
2026-09-19T23:59:41: Sending PUBLISH to paho-client-01 (d0, q0, r0, m0, 'XP340/counter', ... (33 bytes))
2026-09-19T23:59:46: Received PUBLISH from esp32 (d0, q0, r0, m0, 'XP340/counter', ... (33 bytes))
2026-09-19T23:59:46: Sending PUBLISH to paho-client-01 (d0, q0, r0, m0, 'XP340/counter', ... (33 bytes))
2026-09-19T23:59:46: Received PINGREQ from paho-client-01
2026-09-19T23:59:46: Sending PINGRESP to paho-client-01
2026-09-19T23:59:52: Received PUBLISH from esp32 (d0, q0, r0, m0, 'XP340/counter', ... (33 bytes))
2026-09-19T23:59:52: Sending PUBLISH to paho-client-01 (d0, q0, r0, m0, 'XP340/counter', ... (33 bytes))
2026-09-19T23:59:57: Received PUBLISH from esp32 (d0, q0, r0, m0, 'XP340/counter', ... (33 bytes))
2026-09-19T23:59:57: Sending PUBLISH to paho-client-01 (d0, q0, r0, m0, 'XP340/counter', ... (33 bytes))
2026-09-20T00:00:02: Received PUBLISH from esp32 (d0, q0, r0, m0, 'XP340/counter', ... (33 bytes))
2026-09-20T00:00:02: Sending PUBLISH to paho-client-01 (d0, q0, r0, m0, 'XP340/counter', ... (33 bytes))
2026-09-20T00:00:06: Received PUBLISH from esp32 (d0, q0, r0, m0, 'XP340/counter', ... (33 bytes))
2026-09-20T00:00:06: Sending PUBLISH to paho-client-01 (d0, q0, r0, m0, 'XP340/counter', ... (33 bytes))
2026-09-20T00:00:12: Received PUBLISH from esp32 (d0, q0, r0, m0, 'XP340/counter', ... (33 bytes))
2026-09-20T00:00:12: Sending PUBLISH to paho-client-01 (d0, q0, r0, m0, 'XP340/counter', ... (33 bytes))
2026-09-20T00:00:16: Received PUBLISH from esp32 (d0, q0, r0, m0, 'XP340/counter', ... (33 bytes))
2026-09-20T00:00:16: Sending PUBLISH to paho-client-01 (d0, q0, r0, m0, 'XP340/counter', ... (33 bytes))
2026-09-20T00:00:22: Received PUBLISH from esp32 (d0, q0, r0, m0, 'XP340/counter', ... (33 bytes))
2026-09-20T00:00:22: Sending PUBLISH to paho-client-01 (d0, q0, r0, m0, 'XP340/counter', ... (33 bytes))
2026-09-20T00:00:27: Received PUBLISH from esp32 (d0, q0, r0, m0, 'XP340/counter', ... (33 bytes))
2026-09-20T00:00:27: Sending PUBLISH to paho-client-01 (d0, q0, r0, m0, 'XP340/counter', ... (33 bytes))
2026-09-20T00:00:30: Saving in-memory database to /mosquitto/data//mosquitto.db.
2026-09-20T00:00:32: Received PUBLISH from esp32 (d0, q0, r0, m0, 'XP340/counter', ... (33 bytes))
2026-09-20T00:00:32: Sending PUBLISH to paho-client-01 (d0, q0, r0, m0, 'XP340/counter', ... (33 bytes))
2026-09-20T00:00:37: Received PUBLISH from esp32 (d0, q0, r0, m0, 'XP340/counter', ... (33 bytes))
2026-09-20T00:00:37: Sending PUBLISH to paho-client-01 (d0, q0, r0, m0, 'XP340/counter', ... (33 bytes))
2026-09-20T00:00:42: Received PUBLISH from esp32 (d0, q0, r0, m0, 'XP340/counter', ... (33 bytes))
2026-09-20T00:00:42: Sending PUBLISH to paho-client-01 (d0, q0, r0, m0, 'XP340/counter', ... (33 bytes))
2026-09-20T00:00:47: Received PUBLISH from esp32 (d0, q0, r0, m0, 'XP340/counter', ... (33 bytes))
2026-09-20T00:00:47: Sending PUBLISH to paho-client-01 (d0, q0, r0, m0, 'XP340/counter', ... (33 bytes))
2026-09-20T00:00:47: Received PINGREQ from paho-client-01
2026-09-20T00:00:47: Sending PINGRESP to paho-client-01
2026-09-20T00:00:52: Received PUBLISH from esp32 (d0, q0, r0, m0, 'XP340/counter', ... (33 bytes))
2026-09-20T00:00:52: Sending PUBLISH to paho-client-01 (d0, q0, r0, m0, 'XP340/counter', ... (33 bytes))
2026-09-20T00:00:57: Received PUBLISH from esp32 (d0, q0, r0, m0, 'XP340/counter', ... (33 bytes))
2026-09-20T00:00:57: Sending PUBLISH to paho-client-01 (d0, q0, r0, m0, 'XP340/counter', ... (33 bytes))
2026-09-20T00:01:03: Received PUBLISH from esp32 (d0, q0, r0, m0, 'XP340/counter', ... (33 bytes))
2026-09-20T00:01:03: Sending PUBLISH to paho-client-01 (d0, q0, r0, m0, 'XP340/counter', ... (33 bytes))
2026-09-20T00:01:07: Received PUBLISH from esp32 (d0, q0, r0, m0, 'XP340/counter', ... (33 bytes))
2026-09-20T00:01:07: Sending PUBLISH to paho-client-01 (d0, q0, r0, m0, 'XP340/counter', ... (33 bytes))
2026-09-20T00:01:12: Received PUBLISH from esp32 (d0, q0, r0, m0, 'XP340/counter', ... (33 bytes))
2026-09-20T00:01:12: Sending PUBLISH to paho-client-01 (d0, q0, r0, m0, 'XP340/counter', ... (33 bytes))
2026-09-20T00:01:17: Received PUBLISH from esp32 (d0, q0, r0, m0, 'XP340/counter', ... (33 bytes))
2026-09-20T00:01:17: Sending PUBLISH to paho-client-01 (d0, q0, r0, m0, 'XP340/counter', ... (33 bytes))
2026-09-20T00:01:23: Received PUBLISH from esp32 (d0, q0, r0, m0, 'XP340/counter', ... (33 bytes))
2026-09-20T00:01:23: Sending PUBLISH to paho-client-01 (d0, q0, r0, m0, 'XP340/counter', ... (33 bytes))
2026-09-20T00:01:27: Received PUBLISH from esp32 (d0, q0, r0, m0, 'XP340/counter', ... (33 bytes))
2026-09-20T00:01:27: Sending PUBLISH to paho-client-01 (d0, q0, r0, m0, 'XP340/counter', ... (33 bytes))
2026-09-20T00:01:34: Received PUBLISH from esp32 (d0, q0, r0, m0, 'XP340/counter', ... (33 bytes))
2026-09-20T00:01:34: Sending PUBLISH to paho-client-01 (d0, q0, r0, m0, 'XP340/counter', ... (33 bytes))
2026-09-20T00:01:37: Received PUBLISH from esp32 (d0, q0, r0, m0, 'XP340/counter', ... (33 bytes))
2026-09-20T00:01:37: Sending PUBLISH to paho-client-01 (d0, q0, r0, m0, 'XP340/counter', ... (33 bytes))
2026-09-20T00:01:42: Received PUBLISH from esp32 (d0, q0, r0, m0, 'XP340/counter', ... (33 bytes))
2026-09-20T00:01:42: Sending PUBLISH to paho-client-01 (d0, q0, r0, m0, 'XP340/counter', ... (33 bytes))
2026-09-20T00:01:47: Received PINGREQ from paho-client-01
2026-09-20T00:01:47: Sending PINGRESP to paho-client-01
2026-09-20T00:01:47: Received PUBLISH from esp32 (d0, q0, r0, m0, 'XP340/counter', ... (33 bytes))
2026-09-20T00:01:47: Sending PUBLISH to paho-client-01 (d0, q0, r0, m0, 'XP340/counter', ... (33 bytes))
2026-09-20T00:01:52: Received PUBLISH from esp32 (d0, q0, r0, m0, 'XP340/counter', ... (33 bytes))
2026-09-20T00:01:52: Sending PUBLISH to paho-client-01 (d0, q0, r0, m0, 'XP340/counter', ... (33 bytes))
2026-09-20T00:01:56: OpenSSL Error while trying to get the error[0]: error:0A000126:SSL routines::unexpected eof while reading
2026-09-20T00:01:56: Client paho-client-01 [10.0.0.90:54417] disconnected: connection closed by client.
2026-09-20T00:01:57: Received PUBLISH from esp32 (d0, q0, r0, m0, 'XP340/counter', ... (33 bytes))
2026-09-20T00:02:00: New connection from 10.0.0.90:56097 on port 8883.
2026-09-20T00:02:00: New client connected from 10.0.0.90:56097 as paho-client-01 (p4, c1, k60, u'Paho-Client').
2026-09-20T00:02:00: No will message specified.
2026-09-20T00:02:00: Client paho-client-01 negotiated TLSv1.3 cipher TLS_AES_256_GCM_SHA384
2026-09-20T00:02:00: Sending CONNACK to paho-client-01 (0, 0)
2026-09-20T00:02:00: Received SUBSCRIBE from paho-client-01
2026-09-20T00:02:00: 	XP340/counter (QoS 0)
2026-09-20T00:02:00: paho-client-01 0 XP340/counter
2026-09-20T00:02:00: 	XP340/Q_00/state (QoS 0)
2026-09-20T00:02:00: paho-client-01 0 XP340/Q_00/state
2026-09-20T00:02:00: 	XP340/Q_01/state (QoS 0)
2026-09-20T00:02:00: paho-client-01 0 XP340/Q_01/state
2026-09-20T00:02:00: Sending SUBACK to paho-client-01
2026-09-20T00:02:02: Received PUBLISH from esp32 (d0, q0, r0, m0, 'XP340/counter', ... (33 bytes))
2026-09-20T00:02:02: Sending PUBLISH to paho-client-01 (d0, q0, r0, m0, 'XP340/counter', ... (33 bytes))
2026-09-20T00:02:07: Received PUBLISH from esp32 (d0, q0, r0, m0, 'XP340/counter', ... (33 bytes))
2026-09-20T00:02:07: Sending PUBLISH to paho-client-01 (d0, q0, r0, m0, 'XP340/counter', ... (33 bytes))
2026-09-20T00:02:12: Received PUBLISH from esp32 (d0, q0, r0, m0, 'XP340/counter', ... (33 bytes))
2026-09-20T00:02:12: Sending PUBLISH to paho-client-01 (d0, q0, r0, m0, 'XP340/counter', ... (33 bytes))
2026-09-20T00:02:17: Received PUBLISH from esp32 (d0, q0, r0, m0, 'XP340/counter', ... (33 bytes))
2026-09-20T00:02:17: Sending PUBLISH to paho-client-01 (d0, q0, r0, m0, 'XP340/counter', ... (33 bytes))
2026-09-20T00:02:22: Received PUBLISH from esp32 (d0, q0, r0, m0, 'XP340/counter', ... (33 bytes))
2026-09-20T00:02:22: Sending PUBLISH to paho-client-01 (d0, q0, r0, m0, 'XP340/counter', ... (33 bytes))
2026-09-20T00:02:27: Received PUBLISH from esp32 (d0, q0, r0, m0, 'XP340/counter', ... (33 bytes))
2026-09-20T00:02:27: Sending PUBLISH to paho-client-01 (d0, q0, r0, m0, 'XP340/counter', ... (33 bytes))
2026-09-20T00:02:32: Received PUBLISH from esp32 (d0, q0, r0, m0, 'XP340/counter', ... (33 bytes))
2026-09-20T00:02:32: Sending PUBLISH to paho-client-01 (d0, q0, r0, m0, 'XP340/counter', ... (33 bytes))
2026-09-20T00:02:37: Received PUBLISH from esp32 (d0, q0, r0, m0, 'XP340/counter', ... (33 bytes))
2026-09-20T00:02:37: Sending PUBLISH to paho-client-01 (d0, q0, r0, m0, 'XP340/counter', ... (33 bytes))
2026-09-20T00:02:42: Received PUBLISH from esp32 (d0, q0, r0, m0, 'XP340/counter', ... (33 bytes))
2026-09-20T00:02:42: Sending PUBLISH to paho-client-01 (d0, q0, r0, m0, 'XP340/counter', ... (33 bytes))
2026-09-20T00:02:47: Received PUBLISH from esp32 (d0, q0, r0, m0, 'XP340/counter', ... (33 bytes))
2026-09-20T00:02:47: Sending PUBLISH to paho-client-01 (d0, q0, r0, m0, 'XP340/counter', ... (33 bytes))
2026-09-20T00:02:55: Received PUBLISH from esp32 (d0, q0, r0, m0, 'XP340/counter', ... (33 bytes))
2026-09-20T00:02:55: Sending PUBLISH to paho-client-01 (d0, q0, r0, m0, 'XP340/counter', ... (33 bytes))
2026-09-20T00:02:57: Received PUBLISH from esp32 (d0, q0, r0, m0, 'XP340/counter', ... (33 bytes))
2026-09-20T00:02:57: Sending PUBLISH to paho-client-01 (d0, q0, r0, m0, 'XP340/counter', ... (33 bytes))
2026-09-20T00:03:00: Received PINGREQ from paho-client-01
2026-09-20T00:03:00: Sending PINGRESP to paho-client-01
2026-09-20T00:03:02: Received PUBLISH from esp32 (d0, q0, r0, m0, 'XP340/counter', ... (33 bytes))
2026-09-20T00:03:02: Sending PUBLISH to paho-client-01 (d0, q0, r0, m0, 'XP340/counter', ... (33 bytes))
2026-09-20T00:03:05: OpenSSL Error while trying to get the error[0]: error:0A000126:SSL routines::unexpected eof while reading
2026-09-20T00:03:05: Client paho-client-01 [10.0.0.90:56097] disconnected: connection closed by client.
2026-09-20T00:03:07: Received PUBLISH from esp32 (d0, q0, r0, m0, 'XP340/counter', ... (33 bytes))
2026-09-20T00:03:12: Received PUBLISH from esp32 (d0, q0, r0, m0, 'XP340/counter', ... (33 bytes))
2026-09-20T00:03:17: Received PUBLISH from esp32 (d0, q0, r0, m0, 'XP340/counter', ... (33 bytes))
2026-09-20T00:03:22: Received PUBLISH from esp32 (d0, q0, r0, m0, 'XP340/counter', ... (33 bytes))
2026-09-20T00:03:27: Received PUBLISH from esp32 (d0, q0, r0, m0, 'XP340/counter', ... (33 bytes))
2026-09-20T00:03:32: Received PUBLISH from esp32 (d0, q0, r0, m0, 'XP340/counter', ... (33 bytes))
2026-09-20T00:03:37: Received PUBLISH from esp32 (d0, q0, r0, m0, 'XP340/counter', ... (33 bytes))
2026-09-20T00:03:42: Received PUBLISH from esp32 (d0, q0, r0, m0, 'XP340/counter', ... (33 bytes))
2026-09-20T00:03:47: Received PUBLISH from esp32 (d0, q0, r0, m0, 'XP340/counter', ... (33 bytes))
2026-09-20T00:03:52: Received PUBLISH from esp32 (d0, q0, r0, m0, 'XP340/counter', ... (33 bytes))
2026-09-20T00:03:57: Received PUBLISH from esp32 (d0, q0, r0, m0, 'XP340/counter', ... (33 bytes))
2026-09-20T00:04:02: Received PUBLISH from esp32 (d0, q0, r0, m0, 'XP340/counter', ... (33 bytes))
2026-09-20T00:04:07: Received PUBLISH from esp32 (d0, q0, r0, m0, 'XP340/counter', ... (33 bytes))
2026-09-20T00:04:12: Received PUBLISH from esp32 (d0, q0, r0, m0, 'XP340/counter', ... (33 bytes))
2026-09-20T00:04:18: Received PUBLISH from esp32 (d0, q0, r0, m0, 'XP340/counter', ... (33 bytes))
2026-09-20T00:04:24: Received PUBLISH from esp32 (d0, q0, r0, m0, 'XP340/counter', ... (33 bytes))
2026-09-20T00:04:29: Received PUBLISH from esp32 (d0, q0, r0, m0, 'XP340/counter', ... (33 bytes))
2026-09-20T00:04:32: Received PUBLISH from esp32 (d0, q0, r0, m0, 'XP340/counter', ... (33 bytes))
2026-09-20T00:04:42: Received PUBLISH from esp32 (d0, q0, r0, m0, 'XP340/counter', ... (33 bytes))
2026-09-20T00:04:44: Received PUBLISH from esp32 (d0, q0, r0, m0, 'XP340/counter', ... (33 bytes))
2026-09-20T00:04:47: Received PUBLISH from esp32 (d0, q0, r0, m0, 'XP340/counter', ... (33 bytes))
2026-09-20T00:04:53: Received PUBLISH from esp32 (d0, q0, r0, m0, 'XP340/counter', ... (33 bytes))
2026-09-20T00:04:58: Received PUBLISH from esp32 (d0, q0, r0, m0, 'XP340/counter', ... (33 bytes))
2026-09-20T00:05:03: Received PUBLISH from esp32 (d0, q0, r0, m0, 'XP340/counter', ... (33 bytes))
2026-09-20T00:05:08: Received PUBLISH from esp32 (d0, q0, r0, m0, 'XP340/counter', ... (33 bytes))
2026-09-20T00:05:12: Received PUBLISH from esp32 (d0, q0, r0, m0, 'XP340/counter', ... (33 bytes))
2026-09-20T00:05:18: Received PUBLISH from esp32 (d0, q0, r0, m0, 'XP340/counter', ... (33 bytes))
2026-09-20T00:05:23: Received PUBLISH from esp32 (d0, q0, r0, m0, 'XP340/counter', ... (33 bytes))
2026-09-20T00:05:27: Received PUBLISH from esp32 (d0, q0, r0, m0, 'XP340/counter', ... (33 bytes))
2026-09-20T00:05:32: Received PUBLISH from esp32 (d0, q0, r0, m0, 'XP340/counter', ... (33 bytes))
2026-09-20T00:05:38: Received PUBLISH from esp32 (d0, q0, r0, m0, 'XP340/counter', ... (33 bytes))
2026-09-20T00:05:42: Received PUBLISH from esp32 (d0, q0, r0, m0, 'XP340/counter', ... (33 bytes))
2026-09-20T00:05:48: Received PUBLISH from esp32 (d0, q0, r0, m0, 'XP340/counter', ... (33 bytes))
2026-09-20T00:05:53: Received PUBLISH from esp32 (d0, q0, r0, m0, 'XP340/counter', ... (33 bytes))
2026-09-20T00:05:57: Received PUBLISH from esp32 (d0, q0, r0, m0, 'XP340/counter', ... (33 bytes))
2026-09-20T00:06:02: Received PUBLISH from esp32 (d0, q0, r0, m0, 'XP340/counter', ... (33 bytes))
2026-09-20T00:06:10: Received PUBLISH from esp32 (d0, q0, r0, m0, 'XP340/counter', ... (33 bytes))
2026-09-20T00:06:12: Received PUBLISH from esp32 (d0, q0, r0, m0, 'XP340/counter', ... (33 bytes))
2026-09-20T00:06:18: Received PUBLISH from esp32 (d0, q0, r0, m0, 'XP340/counter', ... (33 bytes))
2026-09-20T00:06:24: Received PUBLISH from esp32 (d0, q0, r0, m0, 'XP340/counter', ... (33 bytes))
2026-09-20T00:06:27: Received PUBLISH from esp32 (d0, q0, r0, m0, 'XP340/counter', ... (33 bytes))
2026-09-20T00:06:33: Received PUBLISH from esp32 (d0, q0, r0, m0, 'XP340/counter', ... (33 bytes))
2026-09-20T00:06:38: Received PUBLISH from esp32 (d0, q0, r0, m0, 'XP340/counter', ... (33 bytes))
2026-09-20T00:06:43: Received PUBLISH from esp32 (d0, q0, r0, m0, 'XP340/counter', ... (33 bytes))
2026-09-20T00:06:48: Received PUBLISH from esp32 (d0, q0, r0, m0, 'XP340/counter', ... (33 bytes))
2026-09-20T00:06:53: Received PUBLISH from esp32 (d0, q0, r0, m0, 'XP340/counter', ... (33 bytes))
2026-09-20T00:06:58: Received PUBLISH from esp32 (d0, q0, r0, m0, 'XP340/counter', ... (33 bytes))
2026-09-20T00:07:03: Received PUBLISH from esp32 (d0, q0, r0, m0, 'XP340/counter', ... (33 bytes))
2026-09-20T00:07:08: Received PUBLISH from esp32 (d0, q0, r0, m0, 'XP340/counter', ... (33 bytes))
2026-09-20T00:07:13: Received PUBLISH from esp32 (d0, q0, r0, m0, 'XP340/counter', ... (33 bytes))
2026-09-20T00:07:18: Received PUBLISH from esp32 (d0, q0, r0, m0, 'XP340/counter', ... (33 bytes))
2026-09-20T00:07:23: Received PUBLISH from esp32 (d0, q0, r0, m0, 'XP340/counter', ... (33 bytes))
2026-09-20T00:07:28: Received PUBLISH from esp32 (d0, q0, r0, m0, 'XP340/counter', ... (33 bytes))
2026-09-20T00:07:33: Received PUBLISH from esp32 (d0, q0, r0, m0, 'XP340/counter', ... (33 bytes))
2026-09-20T00:07:38: Received PUBLISH from esp32 (d0, q0, r0, m0, 'XP340/counter', ... (33 bytes))
2026-09-20T00:07:43: Received PUBLISH from esp32 (d0, q0, r0, m0, 'XP340/counter', ... (33 bytes))
2026-09-20T00:07:48: Received PUBLISH from esp32 (d0, q0, r0, m0, 'XP340/counter', ... (33 bytes))
2026-09-20T00:07:53: Received PUBLISH from esp32 (d0, q0, r0, m0, 'XP340/counter', ... (33 bytes))
2026-09-20T00:07:58: Received PUBLISH from esp32 (d0, q0, r0, m0, 'XP340/counter', ... (33 bytes))
2026-09-20T00:08:03: Received PUBLISH from esp32 (d0, q0, r0, m0, 'XP340/counter', ... (33 bytes))
2026-09-20T00:08:08: Received PUBLISH from esp32 (d0, q0, r0, m0, 'XP340/counter', ... (33 bytes))
2026-09-20T00:08:13: Received PUBLISH from esp32 (d0, q0, r0, m0, 'XP340/counter', ... (33 bytes))
2026-09-20T00:08:18: Received PUBLISH from esp32 (d0, q0, r0, m0, 'XP340/counter', ... (33 bytes))
2026-09-20T00:08:23: Received PUBLISH from esp32 (d0, q0, r0, m0, 'XP340/counter', ... (33 bytes))
2026-09-20T00:08:28: Received PUBLISH from esp32 (d0, q0, r0, m0, 'XP340/counter', ... (33 bytes))
2026-09-20T00:08:33: Received PUBLISH from esp32 (d0, q0, r0, m0, 'XP340/counter', ... (33 bytes))
2026-09-20T00:08:38: Received PUBLISH from esp32 (d0, q0, r0, m0, 'XP340/counter', ... (33 bytes))
2026-09-20T00:08:43: Received PUBLISH from esp32 (d0, q0, r0, m0, 'XP340/counter', ... (33 bytes))
2026-09-20T00:08:49: Received PUBLISH from esp32 (d0, q0, r0, m0, 'XP340/counter', ... (33 bytes))
2026-09-20T00:08:53: Received PUBLISH from esp32 (d0, q0, r0, m0, 'XP340/counter', ... (33 bytes))
2026-09-20T00:08:58: Received PUBLISH from esp32 (d0, q0, r0, m0, 'XP340/counter', ... (33 bytes))
2026-09-20T00:09:04: Received PUBLISH from esp32 (d0, q0, r0, m0, 'XP340/counter', ... (33 bytes))
2026-09-20T00:09:08: Received PUBLISH from esp32 (d0, q0, r0, m0, 'XP340/counter', ... (33 bytes))
2026-09-20T00:09:13: Received PUBLISH from esp32 (d0, q0, r0, m0, 'XP340/counter', ... (33 bytes))
2026-09-20T00:09:18: Received PUBLISH from esp32 (d0, q0, r0, m0, 'XP340/counter', ... (33 bytes))
2026-09-20T00:09:23: Received PUBLISH from esp32 (d0, q0, r0, m0, 'XP340/counter', ... (33 bytes))
2026-09-20T00:09:28: Received PUBLISH from esp32 (d0, q0, r0, m0, 'XP340/counter', ... (33 bytes))
2026-09-20T00:09:33: Received PUBLISH from esp32 (d0, q0, r0, m0, 'XP340/counter', ... (33 bytes))
2026-09-20T00:09:38: Received PUBLISH from esp32 (d0, q0, r0, m0, 'XP340/counter', ... (33 bytes))
2026-09-20T00:09:43: Received PUBLISH from esp32 (d0, q0, r0, m0, 'XP340/counter', ... (33 bytes))
2026-09-20T00:09:48: Received PUBLISH from esp32 (d0, q0, r0, m0, 'XP340/counter', ... (33 bytes))
2026-09-20T00:09:53: Received PUBLISH from esp32 (d0, q0, r0, m0, 'XP340/counter', ... (33 bytes))
2026-09-20T00:09:58: Received PUBLISH from esp32 (d0, q0, r0, m0, 'XP340/counter', ... (33 bytes))
2026-09-20T00:10:03: Received PUBLISH from esp32 (d0, q0, r0, m0, 'XP340/counter', ... (33 bytes))
2026-09-20T00:10:08: Received PUBLISH from esp32 (d0, q0, r0, m0, 'XP340/counter', ... (33 bytes))
2026-09-20T00:10:13: Received PUBLISH from esp32 (d0, q0, r0, m0, 'XP340/counter', ... (33 bytes))
2026-09-20T00:10:18: Received PUBLISH from esp32 (d0, q0, r0, m0, 'XP340/counter', ... (33 bytes))
2026-09-20T00:10:23: Received PUBLISH from esp32 (d0, q0, r0, m0, 'XP340/counter', ... (33 bytes))
2026-09-20T00:10:30: Received PUBLISH from esp32 (d0, q0, r0, m0, 'XP340/counter', ... (33 bytes))
2026-09-20T00:10:34: Received PUBLISH from esp32 (d0, q0, r0, m0, 'XP340/counter', ... (33 bytes))
2026-09-20T00:10:38: Received PUBLISH from esp32 (d0, q0, r0, m0, 'XP340/counter', ... (33 bytes))
2026-09-20T00:10:43: Received PUBLISH from esp32 (d0, q0, r0, m0, 'XP340/counter', ... (33 bytes))
2026-09-20T00:10:48: Received PUBLISH from esp32 (d0, q0, r0, m0, 'XP340/counter', ... (33 bytes))
2026-09-20T00:10:54: Received PUBLISH from esp32 (d0, q0, r0, m0, 'XP340/counter', ... (33 bytes))
2026-09-20T00:10:58: Received PUBLISH from esp32 (d0, q0, r0, m0, 'XP340/counter', ... (33 bytes))
2026-09-20T00:11:03: Received PUBLISH from esp32 (d0, q0, r0, m0, 'XP340/counter', ... (33 bytes))
2026-09-20T00:11:08: Received PUBLISH from esp32 (d0, q0, r0, m0, 'XP340/counter', ... (33 bytes))
2026-09-20T00:11:14: Received PUBLISH from esp32 (d0, q0, r0, m0, 'XP340/counter', ... (33 bytes))
2026-09-20T00:11:19: Received PUBLISH from esp32 (d0, q0, r0, m0, 'XP340/counter', ... (33 bytes))
2026-09-20T00:11:23: Received PUBLISH from esp32 (d0, q0, r0, m0, 'XP340/counter', ... (33 bytes))
2026-09-20T00:11:29: Received PUBLISH from esp32 (d0, q0, r0, m0, 'XP340/counter', ... (33 bytes))
2026-09-20T00:11:33: Received PUBLISH from esp32 (d0, q0, r0, m0, 'XP340/counter', ... (33 bytes))
2026-09-20T00:11:40: Received PUBLISH from esp32 (d0, q0, r0, m0, 'XP340/counter', ... (33 bytes))
2026-09-20T00:11:43: Received PUBLISH from esp32 (d0, q0, r0, m0, 'XP340/counter', ... (33 bytes))
2026-09-20T00:11:49: Received PUBLISH from esp32 (d0, q0, r0, m0, 'XP340/counter', ... (33 bytes))
2026-09-20T00:11:54: Received PUBLISH from esp32 (d0, q0, r0, m0, 'XP340/counter', ... (33 bytes))
2026-09-20T00:11:57: New connection from 10.0.0.90:44445 on port 8883.
2026-09-20T00:11:57: New client connected from 10.0.0.90:44445 as paho-client-01 (p4, c1, k60, u'Paho-Client').
2026-09-20T00:11:57: No will message specified.
2026-09-20T00:11:57: Client paho-client-01 negotiated TLSv1.3 cipher TLS_AES_256_GCM_SHA384
2026-09-20T00:11:57: Sending CONNACK to paho-client-01 (0, 0)
2026-09-20T00:11:57: Received SUBSCRIBE from paho-client-01
2026-09-20T00:11:57: 	XP340/counter (QoS 0)
2026-09-20T00:11:57: paho-client-01 0 XP340/counter
2026-09-20T00:11:57: 	XP340/Q_00/state (QoS 0)
2026-09-20T00:11:57: paho-client-01 0 XP340/Q_00/state
2026-09-20T00:11:57: 	XP340/Q_01/state (QoS 0)
2026-09-20T00:11:57: paho-client-01 0 XP340/Q_01/state
2026-09-20T00:11:57: Sending SUBACK to paho-client-01
2026-09-20T00:11:58: Received PUBLISH from esp32 (d0, q0, r0, m0, 'XP340/counter', ... (33 bytes))
2026-09-20T00:11:58: Sending PUBLISH to paho-client-01 (d0, q0, r0, m0, 'XP340/counter', ... (33 bytes))
2026-09-20T00:12:04: Received PUBLISH from esp32 (d0, q0, r0, m0, 'XP340/counter', ... (33 bytes))
2026-09-20T00:12:04: Sending PUBLISH to paho-client-01 (d0, q0, r0, m0, 'XP340/counter', ... (33 bytes))
2026-09-20T00:12:13: Received PUBLISH from esp32 (d0, q0, r0, m0, 'XP340/counter', ... (33 bytes))
2026-09-20T00:12:13: Sending PUBLISH to paho-client-01 (d0, q0, r0, m0, 'XP340/counter', ... (33 bytes))
2026-09-20T00:12:15: Received PUBLISH from esp32 (d0, q0, r0, m0, 'XP340/counter', ... (33 bytes))
2026-09-20T00:12:15: Sending PUBLISH to paho-client-01 (d0, q0, r0, m0, 'XP340/counter', ... (33 bytes))
2026-09-20T00:12:19: Received PUBLISH from esp32 (d0, q0, r0, m0, 'XP340/counter', ... (33 bytes))
2026-09-20T00:12:19: Sending PUBLISH to paho-client-01 (d0, q0, r0, m0, 'XP340/counter', ... (33 bytes))
2026-09-20T00:12:24: Received PUBLISH from esp32 (d0, q0, r0, m0, 'XP340/counter', ... (33 bytes))
2026-09-20T00:12:24: Sending PUBLISH to paho-client-01 (d0, q0, r0, m0, 'XP340/counter', ... (33 bytes))
2026-09-20T00:12:29: Received PUBLISH from esp32 (d0, q0, r0, m0, 'XP340/counter', ... (33 bytes))
2026-09-20T00:12:29: Sending PUBLISH to paho-client-01 (d0, q0, r0, m0, 'XP340/counter', ... (33 bytes))
2026-09-20T00:12:34: Received PUBLISH from esp32 (d0, q0, r0, m0, 'XP340/counter', ... (33 bytes))
2026-09-20T00:12:34: Sending PUBLISH to paho-client-01 (d0, q0, r0, m0, 'XP340/counter', ... (33 bytes))
2026-09-20T00:12:34: OpenSSL Error while trying to get the error[0]: error:0A000126:SSL routines::unexpected eof while reading
2026-09-20T00:12:34: Client paho-client-01 [10.0.0.90:44445] disconnected: connection closed by client.
2026-09-20T00:12:41: Received PUBLISH from esp32 (d0, q0, r0, m0, 'XP340/counter', ... (33 bytes))
2026-09-20T00:12:44: Received PUBLISH from esp32 (d0, q0, r0, m0, 'XP340/counter', ... (33 bytes))
2026-09-20T00:12:49: Received PUBLISH from esp32 (d0, q0, r0, m0, 'XP340/counter', ... (33 bytes))
2026-09-20T00:12:54: Received PUBLISH from esp32 (d0, q0, r0, m0, 'XP340/counter', ... (33 bytes))
2026-09-20T00:12:59: Received PUBLISH from esp32 (d0, q0, r0, m0, 'XP340/counter', ... (33 bytes))
2026-09-20T00:13:04: Received PUBLISH from esp32 (d0, q0, r0, m0, 'XP340/counter', ... (33 bytes))
2026-09-20T00:13:09: Received PUBLISH from esp32 (d0, q0, r0, m0, 'XP340/counter', ... (33 bytes))
2026-09-20T00:13:14: Received PUBLISH from esp32 (d0, q0, r0, m0, 'XP340/counter', ... (33 bytes))
2026-09-20T00:13:20: Received PUBLISH from esp32 (d0, q0, r0, m0, 'XP340/counter', ... (33 bytes))
2026-09-20T00:13:26: Received PUBLISH from esp32 (d0, q0, r0, m0, 'XP340/counter', ... (33 bytes))
2026-09-20T00:13:29: Received PUBLISH from esp32 (d0, q0, r0, m0, 'XP340/counter', ... (33 bytes))
2026-09-20T00:13:34: Received PUBLISH from esp32 (d0, q0, r0, m0, 'XP340/counter', ... (33 bytes))
2026-09-20T00:13:40: Received PUBLISH from esp32 (d0, q0, r0, m0, 'XP340/counter', ... (33 bytes))
2026-09-20T00:13:44: Received PUBLISH from esp32 (d0, q0, r0, m0, 'XP340/counter', ... (33 bytes))
2026-09-20T00:13:49: Received PUBLISH from esp32 (d0, q0, r0, m0, 'XP340/counter', ... (33 bytes))
2026-09-20T00:13:55: Received PUBLISH from esp32 (d0, q0, r0, m0, 'XP340/counter', ... (33 bytes))
2026-09-20T00:13:59: Received PUBLISH from esp32 (d0, q0, r0, m0, 'XP340/counter', ... (33 bytes))
2026-09-20T00:14:04: Received PUBLISH from esp32 (d0, q0, r0, m0, 'XP340/counter', ... (33 bytes))
2026-09-20T00:14:10: Received PUBLISH from esp32 (d0, q0, r0, m0, 'XP340/counter', ... (33 bytes))
2026-09-20T00:14:14: Received PUBLISH from esp32 (d0, q0, r0, m0, 'XP340/counter', ... (33 bytes))
2026-09-20T00:14:20: Received PUBLISH from esp32 (d0, q0, r0, m0, 'XP340/counter', ... (33 bytes))
2026-09-20T00:14:24: Received PUBLISH from esp32 (d0, q0, r0, m0, 'XP340/counter', ... (33 bytes))
2026-09-20T00:14:29: Received PUBLISH from esp32 (d0, q0, r0, m0, 'XP340/counter', ... (33 bytes))
2026-09-20T00:14:34: Received PUBLISH from esp32 (d0, q0, r0, m0, 'XP340/counter', ... (33 bytes))
2026-09-20T00:14:39: Received PUBLISH from esp32 (d0, q0, r0, m0, 'XP340/counter', ... (33 bytes))
2026-09-20T00:14:44: Received PUBLISH from esp32 (d0, q0, r0, m0, 'XP340/counter', ... (33 bytes))
2026-09-20T00:14:49: Received PUBLISH from esp32 (d0, q0, r0, m0, 'XP340/counter', ... (33 bytes))
2026-09-20T00:14:54: Received PUBLISH from esp32 (d0, q0, r0, m0, 'XP340/counter', ... (33 bytes))
2026-09-20T00:14:59: Received PUBLISH from esp32 (d0, q0, r0, m0, 'XP340/counter', ... (33 bytes))
2026-09-20T00:15:04: Received PUBLISH from esp32 (d0, q0, r0, m0, 'XP340/counter', ... (33 bytes))
2026-09-20T00:15:09: Received PUBLISH from esp32 (d0, q0, r0, m0, 'XP340/counter', ... (33 bytes))
2026-09-20T00:15:14: Received PUBLISH from esp32 (d0, q0, r0, m0, 'XP340/counter', ... (33 bytes))
2026-09-20T00:15:17: New connection from 10.0.0.90:59293 on port 8883.
2026-09-20T00:15:17: New client connected from 10.0.0.90:59293 as paho-client-01 (p4, c1, k60, u'Paho-Client').
2026-09-20T00:15:17: No will message specified.
2026-09-20T00:15:17: Client paho-client-01 negotiated TLSv1.3 cipher TLS_AES_256_GCM_SHA384
2026-09-20T00:15:17: Sending CONNACK to paho-client-01 (0, 0)
2026-09-20T00:15:17: Received SUBSCRIBE from paho-client-01
2026-09-20T00:15:17: 	XP340/counter (QoS 0)
2026-09-20T00:15:17: paho-client-01 0 XP340/counter
2026-09-20T00:15:17: 	XP340/Q_00/state (QoS 0)
2026-09-20T00:15:17: paho-client-01 0 XP340/Q_00/state
2026-09-20T00:15:17: 	XP340/Q_01/state (QoS 0)
2026-09-20T00:15:17: paho-client-01 0 XP340/Q_01/state
2026-09-20T00:15:17: Sending SUBACK to paho-client-01
2026-09-20T00:15:19: Received PUBLISH from esp32 (d0, q0, r0, m0, 'XP340/counter', ... (33 bytes))
2026-09-20T00:15:19: Sending PUBLISH to paho-client-01 (d0, q0, r0, m0, 'XP340/counter', ... (33 bytes))
2026-09-20T00:15:24: Received PUBLISH from esp32 (d0, q0, r0, m0, 'XP340/counter', ... (33 bytes))
2026-09-20T00:15:24: Sending PUBLISH to paho-client-01 (d0, q0, r0, m0, 'XP340/counter', ... (33 bytes))
2026-09-20T00:15:29: Received PUBLISH from esp32 (d0, q0, r0, m0, 'XP340/counter', ... (33 bytes))
2026-09-20T00:15:29: Sending PUBLISH to paho-client-01 (d0, q0, r0, m0, 'XP340/counter', ... (33 bytes))
2026-09-20T00:15:30: OpenSSL Error while trying to get the error[0]: error:0A000126:SSL routines::unexpected eof while reading
2026-09-20T00:15:30: Client paho-client-01 [10.0.0.90:59293] disconnected: connection closed by client.
2026-09-20T00:15:34: Received PUBLISH from esp32 (d0, q0, r0, m0, 'XP340/counter', ... (33 bytes))
2026-09-20T00:15:39: Received PUBLISH from esp32 (d0, q0, r0, m0, 'XP340/counter', ... (33 bytes))
2026-09-20T00:15:44: Received PUBLISH from esp32 (d0, q0, r0, m0, 'XP340/counter', ... (33 bytes))
2026-09-20T00:15:49: Received PUBLISH from esp32 (d0, q0, r0, m0, 'XP340/counter', ... (33 bytes))
2026-09-20T00:15:54: Received PUBLISH from esp32 (d0, q0, r0, m0, 'XP340/counter', ... (33 bytes))
2026-09-20T00:15:59: Received PUBLISH from esp32 (d0, q0, r0, m0, 'XP340/counter', ... (33 bytes))
2026-09-20T00:16:04: Received PUBLISH from esp32 (d0, q0, r0, m0, 'XP340/counter', ... (33 bytes))
2026-09-20T00:16:09: Received PUBLISH from esp32 (d0, q0, r0, m0, 'XP340/counter', ... (33 bytes))
2026-09-20T00:16:14: Received PUBLISH from esp32 (d0, q0, r0, m0, 'XP340/counter', ... (33 bytes))
2026-09-20T00:16:20: Received PUBLISH from esp32 (d0, q0, r0, m0, 'XP340/counter', ... (33 bytes))
2026-09-20T00:16:25: Received PUBLISH from esp32 (d0, q0, r0, m0, 'XP340/counter', ... (33 bytes))
2026-09-20T00:16:29: Received PUBLISH from esp32 (d0, q0, r0, m0, 'XP340/counter', ... (33 bytes))
2026-09-20T00:16:36: Received PUBLISH from esp32 (d0, q0, r0, m0, 'XP340/counter', ... (33 bytes))
2026-09-20T00:16:40: Received PUBLISH from esp32 (d0, q0, r0, m0, 'XP340/counter', ... (33 bytes))
2026-09-20T00:16:44: Received PUBLISH from esp32 (d0, q0, r0, m0, 'XP340/counter', ... (33 bytes))
2026-09-20T00:16:49: Received PUBLISH from esp32 (d0, q0, r0, m0, 'XP340/counter', ... (33 bytes))
2026-09-20T00:16:54: Received PUBLISH from esp32 (d0, q0, r0, m0, 'XP340/counter', ... (33 bytes))
2026-09-20T00:16:59: Received PUBLISH from esp32 (d0, q0, r0, m0, 'XP340/counter', ... (33 bytes))
2026-09-20T00:17:05: Received PUBLISH from esp32 (d0, q0, r0, m0, 'XP340/counter', ... (33 bytes))
2026-09-20T00:17:09: Received PUBLISH from esp32 (d0, q0, r0, m0, 'XP340/counter', ... (33 bytes))
2026-09-20T00:17:14: Received PUBLISH from esp32 (d0, q0, r0, m0, 'XP340/counter', ... (33 bytes))
2026-09-20T00:17:20: Received PUBLISH from esp32 (d0, q0, r0, m0, 'XP340/counter', ... (33 bytes))
2026-09-20T00:17:25: Received PUBLISH from esp32 (d0, q0, r0, m0, 'XP340/counter', ... (33 bytes))
2026-09-20T00:17:29: Received PUBLISH from esp32 (d0, q0, r0, m0, 'XP340/counter', ... (33 bytes))
2026-09-20T00:17:35: Received PUBLISH from esp32 (d0, q0, r0, m0, 'XP340/counter', ... (33 bytes))
2026-09-20T00:17:39: Received PUBLISH from esp32 (d0, q0, r0, m0, 'XP340/counter', ... (33 bytes))
2026-09-20T00:17:45: Received PUBLISH from esp32 (d0, q0, r0, m0, 'XP340/counter', ... (33 bytes))
2026-09-20T00:17:50: Received PUBLISH from esp32 (d0, q0, r0, m0, 'XP340/counter', ... (33 bytes))
2026-09-20T00:17:55: Received PUBLISH from esp32 (d0, q0, r0, m0, 'XP340/counter', ... (33 bytes))
2026-09-20T00:17:59: Received PUBLISH from esp32 (d0, q0, r0, m0, 'XP340/counter', ... (33 bytes))
2026-09-20T00:18:04: Received PUBLISH from esp32 (d0, q0, r0, m0, 'XP340/counter', ... (33 bytes))
2026-09-20T00:18:09: Received PUBLISH from esp32 (d0, q0, r0, m0, 'XP340/counter', ... (33 bytes))
2026-09-20T00:18:15: Received PUBLISH from esp32 (d0, q0, r0, m0, 'XP340/counter', ... (33 bytes))
2026-09-20T00:18:23: Received PUBLISH from esp32 (d0, q0, r0, m0, 'XP340/counter', ... (33 bytes))
2026-09-20T00:18:25: Received PUBLISH from esp32 (d0, q0, r0, m0, 'XP340/counter', ... (33 bytes))
2026-09-20T00:18:30: Received PUBLISH from esp32 (d0, q0, r0, m0, 'XP340/counter', ... (33 bytes))
2026-09-20T00:18:35: Received PUBLISH from esp32 (d0, q0, r0, m0, 'XP340/counter', ... (33 bytes))
2026-09-20T00:18:40: Received PUBLISH from esp32 (d0, q0, r0, m0, 'XP340/counter', ... (33 bytes))
2026-09-20T00:18:45: Received PUBLISH from esp32 (d0, q0, r0, m0, 'XP340/counter', ... (33 bytes))
2026-09-20T00:18:50: Received PUBLISH from esp32 (d0, q0, r0, m0, 'XP340/counter', ... (33 bytes))
2026-09-20T00:18:55: Received PUBLISH from esp32 (d0, q0, r0, m0, 'XP340/counter', ... (33 bytes))
2026-09-20T00:19:00: Received PUBLISH from esp32 (d0, q0, r0, m0, 'XP340/counter', ... (33 bytes))
2026-09-20T00:19:05: Received PUBLISH from esp32 (d0, q0, r0, m0, 'XP340/counter', ... (33 bytes))
2026-09-20T00:19:10: Received PUBLISH from esp32 (d0, q0, r0, m0, 'XP340/counter', ... (33 bytes))
2026-09-20T00:19:15: Received PUBLISH from esp32 (d0, q0, r0, m0, 'XP340/counter', ... (33 bytes))
2026-09-20T00:19:20: Received PUBLISH from esp32 (d0, q0, r0, m0, 'XP340/counter', ... (33 bytes))
2026-09-20T00:19:25: Received PUBLISH from esp32 (d0, q0, r0, m0, 'XP340/counter', ... (33 bytes))
2026-09-20T00:19:30: Received PUBLISH from esp32 (d0, q0, r0, m0, 'XP340/counter', ... (33 bytes))
2026-09-20T00:19:35: Received PUBLISH from esp32 (d0, q0, r0, m0, 'XP340/counter', ... (33 bytes))
2026-09-20T00:19:40: Received PUBLISH from esp32 (d0, q0, r0, m0, 'XP340/counter', ... (33 bytes))
2026-09-20T00:19:45: Received PUBLISH from esp32 (d0, q0, r0, m0, 'XP340/counter', ... (33 bytes))
2026-09-20T00:19:50: Received PUBLISH from esp32 (d0, q0, r0, m0, 'XP340/counter', ... (33 bytes))
2026-09-20T00:19:55: Received PUBLISH from esp32 (d0, q0, r0, m0, 'XP340/counter', ... (33 bytes))
2026-09-20T00:20:00: Received PUBLISH from esp32 (d0, q0, r0, m0, 'XP340/counter', ... (33 bytes))
2026-09-20T00:20:06: Received PUBLISH from esp32 (d0, q0, r0, m0, 'XP340/counter', ... (33 bytes))
2026-09-20T00:20:10: Received PUBLISH from esp32 (d0, q0, r0, m0, 'XP340/counter', ... (33 bytes))
2026-09-20T00:20:15: Received PUBLISH from esp32 (d0, q0, r0, m0, 'XP340/counter', ... (33 bytes))
2026-09-20T00:20:20: Received PUBLISH from esp32 (d0, q0, r0, m0, 'XP340/counter', ... (33 bytes))
2026-09-20T00:20:25: Received PUBLISH from esp32 (d0, q0, r0, m0, 'XP340/counter', ... (33 bytes))
2026-09-20T00:20:30: Received PUBLISH from esp32 (d0, q0, r0, m0, 'XP340/counter', ... (33 bytes))
2026-09-20T00:20:35: Received PUBLISH from esp32 (d0, q0, r0, m0, 'XP340/counter', ... (33 bytes))
2026-09-20T00:20:40: Received PUBLISH from esp32 (d0, q0, r0, m0, 'XP340/counter', ... (33 bytes))
2026-09-20T00:20:45: Received PUBLISH from esp32 (d0, q0, r0, m0, 'XP340/counter', ... (33 bytes))
2026-09-20T00:20:50: Received PUBLISH from esp32 (d0, q0, r0, m0, 'XP340/counter', ... (33 bytes))
2026-09-20T00:20:55: Received PUBLISH from esp32 (d0, q0, r0, m0, 'XP340/counter', ... (33 bytes))
2026-09-20T00:21:00: Received PUBLISH from esp32 (d0, q0, r0, m0, 'XP340/counter', ... (33 bytes))
2026-09-20T00:21:05: Received PUBLISH from esp32 (d0, q0, r0, m0, 'XP340/counter', ... (33 bytes))
2026-09-20T00:21:10: Received PUBLISH from esp32 (d0, q0, r0, m0, 'XP340/counter', ... (33 bytes))
2026-09-20T00:21:15: Received PUBLISH from esp32 (d0, q0, r0, m0, 'XP340/counter', ... (33 bytes))
2026-09-20T00:21:21: Received PUBLISH from esp32 (d0, q0, r0, m0, 'XP340/counter', ... (33 bytes))
2026-09-20T00:21:25: Received PUBLISH from esp32 (d0, q0, r0, m0, 'XP340/counter', ... (33 bytes))
2026-09-20T00:21:30: Received PUBLISH from esp32 (d0, q0, r0, m0, 'XP340/counter', ... (33 bytes))
2026-09-20T00:21:35: Received PUBLISH from esp32 (d0, q0, r0, m0, 'XP340/counter', ... (33 bytes))
2026-09-20T00:21:40: Received PUBLISH from esp32 (d0, q0, r0, m0, 'XP340/counter', ... (33 bytes))
2026-09-20T00:21:45: Received PUBLISH from esp32 (d0, q0, r0, m0, 'XP340/counter', ... (33 bytes))
2026-09-20T00:21:51: Received PUBLISH from esp32 (d0, q0, r0, m0, 'XP340/counter', ... (33 bytes))
2026-09-20T00:21:55: Received PUBLISH from esp32 (d0, q0, r0, m0, 'XP340/counter', ... (33 bytes))
2026-09-20T00:22:00: Received PUBLISH from esp32 (d0, q0, r0, m0, 'XP340/counter', ... (33 bytes))
2026-09-20T00:22:06: Received PUBLISH from esp32 (d0, q0, r0, m0, 'XP340/counter', ... (33 bytes))
2026-09-20T00:22:10: Received PUBLISH from esp32 (d0, q0, r0, m0, 'XP340/counter', ... (33 bytes))
2026-09-20T00:22:15: Received PUBLISH from esp32 (d0, q0, r0, m0, 'XP340/counter', ... (33 bytes))
2026-09-20T00:22:20: Received PUBLISH from esp32 (d0, q0, r0, m0, 'XP340/counter', ... (33 bytes))
2026-09-20T00:22:25: Received PUBLISH from esp32 (d0, q0, r0, m0, 'XP340/counter', ... (33 bytes))
2026-09-20T00:22:30: Received PUBLISH from esp32 (d0, q0, r0, m0, 'XP340/counter', ... (33 bytes))
2026-09-20T00:22:35: Received PUBLISH from esp32 (d0, q0, r0, m0, 'XP340/counter', ... (33 bytes))
2026-09-20T00:22:40: Received PUBLISH from esp32 (d0, q0, r0, m0, 'XP340/counter', ... (33 bytes))
2026-09-20T00:22:45: Received PUBLISH from esp32 (d0, q0, r0, m0, 'XP340/counter', ... (33 bytes))
2026-09-20T00:22:51: Received PUBLISH from esp32 (d0, q0, r0, m0, 'XP340/counter', ... (33 bytes))
2026-09-20T00:22:56: Received PUBLISH from esp32 (d0, q0, r0, m0, 'XP340/counter', ... (33 bytes))
2026-09-20T00:23:00: Received PUBLISH from esp32 (d0, q0, r0, m0, 'XP340/counter', ... (33 bytes))
2026-09-20T00:23:05: Received PUBLISH from esp32 (d0, q0, r0, m0, 'XP340/counter', ... (33 bytes))
2026-09-20T00:23:10: Received PUBLISH from esp32 (d0, q0, r0, m0, 'XP340/counter', ... (33 bytes))
2026-09-20T00:23:15: Received PUBLISH from esp32 (d0, q0, r0, m0, 'XP340/counter', ... (33 bytes))
2026-09-20T00:23:21: Received PUBLISH from esp32 (d0, q0, r0, m0, 'XP340/counter', ... (33 bytes))
2026-09-20T00:23:26: Received PUBLISH from esp32 (d0, q0, r0, m0, 'XP340/counter', ... (33 bytes))
2026-09-20T00:23:31: Received PUBLISH from esp32 (d0, q0, r0, m0, 'XP340/counter', ... (33 bytes))
2026-09-20T00:23:36: Received PUBLISH from esp32 (d0, q0, r0, m0, 'XP340/counter', ... (33 bytes))
2026-09-20T00:23:40: Received PUBLISH from esp32 (d0, q0, r0, m0, 'XP340/counter', ... (33 bytes))
2026-09-20T00:23:45: Received PUBLISH from esp32 (d0, q0, r0, m0, 'XP340/counter', ... (33 bytes))
2026-09-20T00:23:50: Received PUBLISH from esp32 (d0, q0, r0, m0, 'XP340/counter', ... (33 bytes))
2026-09-20T00:23:55: Received PUBLISH from esp32 (d0, q0, r0, m0, 'XP340/counter', ... (33 bytes))
2026-09-20T00:24:00: Received PUBLISH from esp32 (d0, q0, r0, m0, 'XP340/counter', ... (33 bytes))
2026-09-20T00:24:05: Received PUBLISH from esp32 (d0, q0, r0, m0, 'XP340/counter', ... (33 bytes))
2026-09-20T00:24:11: Received PUBLISH from esp32 (d0, q0, r0, m0, 'XP340/counter', ... (33 bytes))
2026-09-20T00:24:16: Received PUBLISH from esp32 (d0, q0, r0, m0, 'XP340/counter', ... (33 bytes))
2026-09-20T00:24:21: Received PUBLISH from esp32 (d0, q0, r0, m0, 'XP340/counter', ... (33 bytes))
2026-09-20T00:24:26: Received PUBLISH from esp32 (d0, q0, r0, m0, 'XP340/counter', ... (33 bytes))
2026-09-20T00:24:31: Received PUBLISH from esp32 (d0, q0, r0, m0, 'XP340/counter', ... (33 bytes))
2026-09-20T00:24:36: Received PUBLISH from esp32 (d0, q0, r0, m0, 'XP340/counter', ... (33 bytes))
2026-09-20T00:24:41: Received PUBLISH from esp32 (d0, q0, r0, m0, 'XP340/counter', ... (33 bytes))
2026-09-20T00:24:46: Received PUBLISH from esp32 (d0, q0, r0, m0, 'XP340/counter', ... (33 bytes))
2026-09-20T00:24:51: Received PUBLISH from esp32 (d0, q0, r0, m0, 'XP340/counter', ... (33 bytes))
2026-09-20T00:24:56: Received PUBLISH from esp32 (d0, q0, r0, m0, 'XP340/counter', ... (33 bytes))
2026-09-20T00:25:01: Received PUBLISH from esp32 (d0, q0, r0, m0, 'XP340/counter', ... (33 bytes))
2026-09-20T00:25:06: Received PUBLISH from esp32 (d0, q0, r0, m0, 'XP340/counter', ... (33 bytes))
2026-09-20T00:25:11: Received PUBLISH from esp32 (d0, q0, r0, m0, 'XP340/counter', ... (33 bytes))
2026-09-20T00:25:16: Received PUBLISH from esp32 (d0, q0, r0, m0, 'XP340/counter', ... (33 bytes))
2026-09-20T00:25:21: Received PUBLISH from esp32 (d0, q0, r0, m0, 'XP340/counter', ... (33 bytes))
2026-09-20T00:25:26: Received PUBLISH from esp32 (d0, q0, r0, m0, 'XP340/counter', ... (33 bytes))
2026-09-20T00:25:31: Received PUBLISH from esp32 (d0, q0, r0, m0, 'XP340/counter', ... (33 bytes))
2026-09-20T00:25:36: Received PUBLISH from esp32 (d0, q0, r0, m0, 'XP340/counter', ... (33 bytes))
2026-09-20T00:25:41: Received PUBLISH from esp32 (d0, q0, r0, m0, 'XP340/counter', ... (33 bytes))
2026-09-20T00:25:46: Received PUBLISH from esp32 (d0, q0, r0, m0, 'XP340/counter', ... (33 bytes))
2026-09-20T00:25:51: Received PUBLISH from esp32 (d0, q0, r0, m0, 'XP340/counter', ... (33 bytes))
2026-09-20T00:25:56: Received PUBLISH from esp32 (d0, q0, r0, m0, 'XP340/counter', ... (33 bytes))
2026-09-20T00:26:01: Received PUBLISH from esp32 (d0, q0, r0, m0, 'XP340/counter', ... (33 bytes))
2026-09-20T00:26:06: Received PUBLISH from esp32 (d0, q0, r0, m0, 'XP340/counter', ... (33 bytes))
2026-09-20T00:26:11: Received PUBLISH from esp32 (d0, q0, r0, m0, 'XP340/counter', ... (33 bytes))
2026-09-20T00:26:16: Received PUBLISH from esp32 (d0, q0, r0, m0, 'XP340/counter', ... (33 bytes))
2026-09-20T00:26:21: Received PUBLISH from esp32 (d0, q0, r0, m0, 'XP340/counter', ... (33 bytes))
2026-09-20T00:26:26: Received PUBLISH from esp32 (d0, q0, r0, m0, 'XP340/counter', ... (33 bytes))
2026-09-20T00:26:31: Received PUBLISH from esp32 (d0, q0, r0, m0, 'XP340/counter', ... (33 bytes))
2026-09-20T00:26:36: Received PUBLISH from esp32 (d0, q0, r0, m0, 'XP340/counter', ... (33 bytes))
2026-09-20T00:26:41: Received PUBLISH from esp32 (d0, q0, r0, m0, 'XP340/counter', ... (33 bytes))
2026-09-20T00:26:46: Received PUBLISH from esp32 (d0, q0, r0, m0, 'XP340/counter', ... (33 bytes))
2026-09-20T00:26:51: Received PUBLISH from esp32 (d0, q0, r0, m0, 'XP340/counter', ... (33 bytes))
2026-09-20T00:26:56: Received PUBLISH from esp32 (d0, q0, r0, m0, 'XP340/counter', ... (33 bytes))
2026-09-20T00:27:01: Received PUBLISH from esp32 (d0, q0, r0, m0, 'XP340/counter', ... (33 bytes))
2026-09-20T00:27:07: Received PUBLISH from esp32 (d0, q0, r0, m0, 'XP340/counter', ... (33 bytes))
2026-09-20T00:27:11: Received PUBLISH from esp32 (d0, q0, r0, m0, 'XP340/counter', ... (33 bytes))
2026-09-20T00:27:21: Received PUBLISH from esp32 (d0, q0, r0, m0, 'XP340/counter', ... (33 bytes))
2026-09-20T00:27:22: Received PUBLISH from esp32 (d0, q0, r0, m0, 'XP340/counter', ... (33 bytes))
2026-09-20T00:27:27: Received PUBLISH from esp32 (d0, q0, r0, m0, 'XP340/counter', ... (33 bytes))
2026-09-20T00:27:34: Received PUBLISH from esp32 (d0, q0, r0, m0, 'XP340/counter', ... (33 bytes))
2026-09-20T00:27:37: Received PUBLISH from esp32 (d0, q0, r0, m0, 'XP340/counter', ... (33 bytes))
2026-09-20T00:27:41: Received PUBLISH from esp32 (d0, q0, r0, m0, 'XP340/counter', ... (33 bytes))
2026-09-20T00:27:50: Received PUBLISH from esp32 (d0, q0, r0, m0, 'XP340/counter', ... (33 bytes))
2026-09-20T00:27:51: Received PUBLISH from esp32 (d0, q0, r0, m0, 'XP340/counter', ... (33 bytes))
2026-09-20T00:27:56: Received PUBLISH from esp32 (d0, q0, r0, m0, 'XP340/counter', ... (33 bytes))
2026-09-20T00:28:01: Received PUBLISH from esp32 (d0, q0, r0, m0, 'XP340/counter', ... (33 bytes))
2026-09-20T00:28:06: Received PUBLISH from esp32 (d0, q0, r0, m0, 'XP340/counter', ... (33 bytes))
2026-09-20T00:28:11: Received PUBLISH from esp32 (d0, q0, r0, m0, 'XP340/counter', ... (33 bytes))
2026-09-20T00:28:16: Received PUBLISH from esp32 (d0, q0, r0, m0, 'XP340/counter', ... (33 bytes))
2026-09-20T00:28:22: Received PUBLISH from esp32 (d0, q0, r0, m0, 'XP340/counter', ... (33 bytes))
2026-09-20T00:28:26: Received PUBLISH from esp32 (d0, q0, r0, m0, 'XP340/counter', ... (33 bytes))
2026-09-20T00:28:31: Received PUBLISH from esp32 (d0, q0, r0, m0, 'XP340/counter', ... (33 bytes))
2026-09-20T00:28:36: Received PUBLISH from esp32 (d0, q0, r0, m0, 'XP340/counter', ... (33 bytes))
2026-09-20T00:28:41: Received PUBLISH from esp32 (d0, q0, r0, m0, 'XP340/counter', ... (33 bytes))
2026-09-20T00:28:46: Received PUBLISH from esp32 (d0, q0, r0, m0, 'XP340/counter', ... (33 bytes))
2026-09-20T00:28:51: Received PUBLISH from esp32 (d0, q0, r0, m0, 'XP340/counter', ... (33 bytes))
2026-09-20T00:28:56: Received PUBLISH from esp32 (d0, q0, r0, m0, 'XP340/counter', ... (33 bytes))
2026-09-20T00:29:02: Received PUBLISH from esp32 (d0, q0, r0, m0, 'XP340/counter', ... (33 bytes))
2026-09-20T00:29:07: Received PUBLISH from esp32 (d0, q0, r0, m0, 'XP340/counter', ... (33 bytes))
2026-09-20T00:29:14: Received PUBLISH from esp32 (d0, q0, r0, m0, 'XP340/counter', ... (33 bytes))
2026-09-20T00:29:16: Received PUBLISH from esp32 (d0, q0, r0, m0, 'XP340/counter', ... (33 bytes))
2026-09-20T00:29:22: Received PUBLISH from esp32 (d0, q0, r0, m0, 'XP340/counter', ... (33 bytes))
2026-09-20T00:29:27: Received PUBLISH from esp32 (d0, q0, r0, m0, 'XP340/counter', ... (33 bytes))
2026-09-20T00:29:31: Received PUBLISH from esp32 (d0, q0, r0, m0, 'XP340/counter', ... (33 bytes))
2026-09-20T00:29:37: Received PUBLISH from esp32 (d0, q0, r0, m0, 'XP340/counter', ... (33 bytes))
2026-09-20T00:29:41: Received PUBLISH from esp32 (d0, q0, r0, m0, 'XP340/counter', ... (33 bytes))
2026-09-20T00:29:46: Received PUBLISH from esp32 (d0, q0, r0, m0, 'XP340/counter', ... (33 bytes))
2026-09-20T00:29:51: Received PUBLISH from esp32 (d0, q0, r0, m0, 'XP340/counter', ... (33 bytes))
2026-09-20T00:29:56: Received PUBLISH from esp32 (d0, q0, r0, m0, 'XP340/counter', ... (33 bytes))
2026-09-20T00:30:01: Received PUBLISH from esp32 (d0, q0, r0, m0, 'XP340/counter', ... (33 bytes))
2026-09-20T00:30:07: Received PUBLISH from esp32 (d0, q0, r0, m0, 'XP340/counter', ... (33 bytes))
2026-09-20T00:30:12: Received PUBLISH from esp32 (d0, q0, r0, m0, 'XP340/counter', ... (33 bytes))
2026-09-20T00:30:17: Received PUBLISH from esp32 (d0, q0, r0, m0, 'XP340/counter', ... (33 bytes))
2026-09-20T00:30:22: Received PUBLISH from esp32 (d0, q0, r0, m0, 'XP340/counter', ... (33 bytes))
2026-09-20T00:30:27: Received PUBLISH from esp32 (d0, q0, r0, m0, 'XP340/counter', ... (33 bytes))
2026-09-20T00:30:31: Saving in-memory database to /mosquitto/data//mosquitto.db.
2026-09-20T00:30:32: Received PUBLISH from esp32 (d0, q0, r0, m0, 'XP340/counter', ... (33 bytes))
2026-09-20T00:30:37: Received PUBLISH from esp32 (d0, q0, r0, m0, 'XP340/counter', ... (33 bytes))
2026-09-20T00:30:42: Received PUBLISH from esp32 (d0, q0, r0, m0, 'XP340/counter', ... (33 bytes))
2026-09-20T00:30:48: Received PUBLISH from esp32 (d0, q0, r0, m0, 'XP340/counter', ... (33 bytes))
2026-09-20T00:30:53: Received PUBLISH from esp32 (d0, q0, r0, m0, 'XP340/counter', ... (33 bytes))
2026-09-20T00:30:57: Received PUBLISH from esp32 (d0, q0, r0, m0, 'XP340/counter', ... (33 bytes))
2026-09-20T00:31:02: Received PUBLISH from esp32 (d0, q0, r0, m0, 'XP340/counter', ... (33 bytes))
2026-09-20T00:31:08: Received PUBLISH from esp32 (d0, q0, r0, m0, 'XP340/counter', ... (33 bytes))
2026-09-20T00:31:12: Received PUBLISH from esp32 (d0, q0, r0, m0, 'XP340/counter', ... (33 bytes))
2026-09-20T00:31:17: Received PUBLISH from esp32 (d0, q0, r0, m0, 'XP340/counter', ... (33 bytes))
2026-09-20T00:31:22: Received PUBLISH from esp32 (d0, q0, r0, m0, 'XP340/counter', ... (33 bytes))
2026-09-20T00:31:27: Received PUBLISH from esp32 (d0, q0, r0, m0, 'XP340/counter', ... (33 bytes))
2026-09-20T00:31:32: Received PUBLISH from esp32 (d0, q0, r0, m0, 'XP340/counter', ... (33 bytes))
2026-09-20T00:31:37: Received PUBLISH from esp32 (d0, q0, r0, m0, 'XP340/counter', ... (33 bytes))
2026-09-20T00:31:42: Received PUBLISH from esp32 (d0, q0, r0, m0, 'XP340/counter', ... (33 bytes))
2026-09-20T00:31:47: Received PUBLISH from esp32 (d0, q0, r0, m0, 'XP340/counter', ... (33 bytes))
2026-09-20T00:31:53: Received PUBLISH from esp32 (d0, q0, r0, m0, 'XP340/counter', ... (33 bytes))
2026-09-20T00:31:58: Received PUBLISH from esp32 (d0, q0, r0, m0, 'XP340/counter', ... (33 bytes))
2026-09-20T00:32:03: Received PUBLISH from esp32 (d0, q0, r0, m0, 'XP340/counter', ... (33 bytes))
2026-09-20T00:32:09: Received PUBLISH from esp32 (d0, q0, r0, m0, 'XP340/counter', ... (33 bytes))
2026-09-20T00:32:12: Received PUBLISH from esp32 (d0, q0, r0, m0, 'XP340/counter', ... (33 bytes))
2026-09-20T00:32:17: Received PUBLISH from esp32 (d0, q0, r0, m0, 'XP340/counter', ... (33 bytes))
2026-09-20T00:32:28: Received PUBLISH from esp32 (d0, q0, r0, m0, 'XP340/counter', ... (33 bytes))
2026-09-20T00:32:28: Received PUBLISH from esp32 (d0, q0, r0, m0, 'XP340/counter', ... (33 bytes))
2026-09-20T00:32:33: Received PUBLISH from esp32 (d0, q0, r0, m0, 'XP340/counter', ... (33 bytes))
2026-09-20T00:32:41: Received PUBLISH from esp32 (d0, q0, r0, m0, 'XP340/counter', ... (33 bytes))
2026-09-20T00:32:45: Received PUBLISH from esp32 (d0, q0, r0, m0, 'XP340/counter', ... (33 bytes))
2026-09-20T00:32:49: Received PUBLISH from esp32 (d0, q0, r0, m0, 'XP340/counter', ... (33 bytes))
2026-09-20T00:32:53: Received PUBLISH from esp32 (d0, q0, r0, m0, 'XP340/counter', ... (33 bytes))
2026-09-20T00:32:59: Received PUBLISH from esp32 (d0, q0, r0, m0, 'XP340/counter', ... (33 bytes))
2026-09-20T00:33:02: Received PUBLISH from esp32 (d0, q0, r0, m0, 'XP340/counter', ... (33 bytes))
2026-09-20T00:33:07: Received PUBLISH from esp32 (d0, q0, r0, m0, 'XP340/counter', ... (33 bytes))
2026-09-20T00:33:12: Received PUBLISH from esp32 (d0, q0, r0, m0, 'XP340/counter', ... (33 bytes))
2026-09-20T00:33:17: Received PUBLISH from esp32 (d0, q0, r0, m0, 'XP340/counter', ... (33 bytes))
2026-09-20T00:33:23: Received PUBLISH from esp32 (d0, q0, r0, m0, 'XP340/counter', ... (33 bytes))
2026-09-20T00:33:27: Received PUBLISH from esp32 (d0, q0, r0, m0, 'XP340/counter', ... (33 bytes))
2026-09-20T00:33:32: Received PUBLISH from esp32 (d0, q0, r0, m0, 'XP340/counter', ... (33 bytes))
2026-09-20T00:33:37: Received PUBLISH from esp32 (d0, q0, r0, m0, 'XP340/counter', ... (33 bytes))
2026-09-20T00:33:42: Received PUBLISH from esp32 (d0, q0, r0, m0, 'XP340/counter', ... (33 bytes))
2026-09-20T00:33:47: Received PUBLISH from esp32 (d0, q0, r0, m0, 'XP340/counter', ... (33 bytes))
2026-09-20T00:33:52: Received PUBLISH from esp32 (d0, q0, r0, m0, 'XP340/counter', ... (33 bytes))
2026-09-20T00:33:57: Received PUBLISH from esp32 (d0, q0, r0, m0, 'XP340/counter', ... (33 bytes))
2026-09-20T00:34:02: Received PUBLISH from esp32 (d0, q0, r0, m0, 'XP340/counter', ... (33 bytes))
2026-09-20T00:34:07: Received PUBLISH from esp32 (d0, q0, r0, m0, 'XP340/counter', ... (33 bytes))
2026-09-20T00:34:12: Received PUBLISH from esp32 (d0, q0, r0, m0, 'XP340/counter', ... (33 bytes))
2026-09-20T00:34:17: Received PUBLISH from esp32 (d0, q0, r0, m0, 'XP340/counter', ... (33 bytes))
2026-09-20T00:34:24: Received PUBLISH from esp32 (d0, q0, r0, m0, 'XP340/counter', ... (33 bytes))
2026-09-20T00:34:27: Received PUBLISH from esp32 (d0, q0, r0, m0, 'XP340/counter', ... (33 bytes))
2026-09-20T00:34:32: Received PUBLISH from esp32 (d0, q0, r0, m0, 'XP340/counter', ... (33 bytes))
2026-09-20T00:34:37: Received PUBLISH from esp32 (d0, q0, r0, m0, 'XP340/counter', ... (33 bytes))
2026-09-20T00:34:42: Received PUBLISH from esp32 (d0, q0, r0, m0, 'XP340/counter', ... (33 bytes))
2026-09-20T00:34:47: Received PUBLISH from esp32 (d0, q0, r0, m0, 'XP340/counter', ... (33 bytes))
2026-09-20T00:34:52: Received PUBLISH from esp32 (d0, q0, r0, m0, 'XP340/counter', ... (33 bytes))
2026-09-20T00:34:57: Received PUBLISH from esp32 (d0, q0, r0, m0, 'XP340/counter', ... (33 bytes))
2026-09-20T00:35:02: Received PUBLISH from esp32 (d0, q0, r0, m0, 'XP340/counter', ... (33 bytes))
2026-09-20T00:35:08: Received PUBLISH from esp32 (d0, q0, r0, m0, 'XP340/counter', ... (33 bytes))
2026-09-20T00:35:12: Received PUBLISH from esp32 (d0, q0, r0, m0, 'XP340/counter', ... (33 bytes))
2026-09-20T00:35:17: Received PUBLISH from esp32 (d0, q0, r0, m0, 'XP340/counter', ... (33 bytes))
2026-09-20T00:35:23: Received PUBLISH from esp32 (d0, q0, r0, m0, 'XP340/counter', ... (33 bytes))
2026-09-20T00:35:31: Received PUBLISH from esp32 (d0, q0, r0, m0, 'XP340/counter', ... (33 bytes))
2026-09-20T00:35:32: Received PUBLISH from esp32 (d0, q0, r0, m0, 'XP340/counter', ... (33 bytes))
2026-09-20T00:35:38: Received PUBLISH from esp32 (d0, q0, r0, m0, 'XP340/counter', ... (33 bytes))
2026-09-20T00:35:43: Received PUBLISH from esp32 (d0, q0, r0, m0, 'XP340/counter', ... (33 bytes))
2026-09-20T00:35:47: Received PUBLISH from esp32 (d0, q0, r0, m0, 'XP340/counter', ... (33 bytes))
2026-09-20T00:35:53: Received PUBLISH from esp32 (d0, q0, r0, m0, 'XP340/counter', ... (33 bytes))
2026-09-20T00:35:57: Received PUBLISH from esp32 (d0, q0, r0, m0, 'XP340/counter', ... (33 bytes))
2026-09-20T00:36:03: Received PUBLISH from esp32 (d0, q0, r0, m0, 'XP340/counter', ... (33 bytes))
2026-09-20T00:36:08: Received PUBLISH from esp32 (d0, q0, r0, m0, 'XP340/counter', ... (33 bytes))
2026-09-20T00:36:13: Received PUBLISH from esp32 (d0, q0, r0, m0, 'XP340/counter', ... (33 bytes))
2026-09-20T00:36:18: Received PUBLISH from esp32 (d0, q0, r0, m0, 'XP340/counter', ... (33 bytes))
2026-09-20T00:36:23: Received PUBLISH from esp32 (d0, q0, r0, m0, 'XP340/counter', ... (33 bytes))
2026-09-20T00:36:28: Received PUBLISH from esp32 (d0, q0, r0, m0, 'XP340/counter', ... (33 bytes))
2026-09-20T00:36:33: Received PUBLISH from esp32 (d0, q0, r0, m0, 'XP340/counter', ... (33 bytes))
2026-09-20T00:36:38: Received PUBLISH from esp32 (d0, q0, r0, m0, 'XP340/counter', ... (33 bytes))
2026-09-20T00:36:42: Received PUBLISH from esp32 (d0, q0, r0, m0, 'XP340/counter', ... (33 bytes))
2026-09-20T00:36:48: Received PUBLISH from esp32 (d0, q0, r0, m0, 'XP340/counter', ... (33 bytes))
2026-09-20T00:36:53: Received PUBLISH from esp32 (d0, q0, r0, m0, 'XP340/counter', ... (33 bytes))
2026-09-20T00:36:58: Received PUBLISH from esp32 (d0, q0, r0, m0, 'XP340/counter', ... (33 bytes))
2026-09-20T00:37:03: Received PUBLISH from esp32 (d0, q0, r0, m0, 'XP340/counter', ... (33 bytes))
2026-09-20T00:37:08: Received PUBLISH from esp32 (d0, q0, r0, m0, 'XP340/counter', ... (33 bytes))
2026-09-20T00:37:13: Received PUBLISH from esp32 (d0, q0, r0, m0, 'XP340/counter', ... (33 bytes))
2026-09-20T00:37:18: Received PUBLISH from esp32 (d0, q0, r0, m0, 'XP340/counter', ... (33 bytes))
2026-09-20T00:37:23: Received PUBLISH from esp32 (d0, q0, r0, m0, 'XP340/counter', ... (33 bytes))
2026-09-20T00:37:28: Received PUBLISH from esp32 (d0, q0, r0, m0, 'XP340/counter', ... (33 bytes))
2026-09-20T00:37:33: Received PUBLISH from esp32 (d0, q0, r0, m0, 'XP340/counter', ... (33 bytes))
2026-09-20T00:37:38: Received PUBLISH from esp32 (d0, q0, r0, m0, 'XP340/counter', ... (33 bytes))
2026-09-20T00:37:43: Received PUBLISH from esp32 (d0, q0, r0, m0, 'XP340/counter', ... (33 bytes))
2026-09-20T00:37:49: Received PUBLISH from esp32 (d0, q0, r0, m0, 'XP340/counter', ... (33 bytes))
2026-09-20T00:37:56: Received PUBLISH from esp32 (d0, q0, r0, m0, 'XP340/counter', ... (33 bytes))
2026-09-20T00:37:58: Received PUBLISH from esp32 (d0, q0, r0, m0, 'XP340/counter', ... (33 bytes))
2026-09-20T00:38:04: Received PUBLISH from esp32 (d0, q0, r0, m0, 'XP340/counter', ... (33 bytes))
2026-09-20T00:38:08: Received PUBLISH from esp32 (d0, q0, r0, m0, 'XP340/counter', ... (33 bytes))
2026-09-20T00:38:13: Received PUBLISH from esp32 (d0, q0, r0, m0, 'XP340/counter', ... (33 bytes))
2026-09-20T00:38:18: Received PUBLISH from esp32 (d0, q0, r0, m0, 'XP340/counter', ... (33 bytes))
2026-09-20T00:38:23: Received PUBLISH from esp32 (d0, q0, r0, m0, 'XP340/counter', ... (33 bytes))
2026-09-20T00:38:28: Received PUBLISH from esp32 (d0, q0, r0, m0, 'XP340/counter', ... (33 bytes))
2026-09-20T00:38:33: Received PUBLISH from esp32 (d0, q0, r0, m0, 'XP340/counter', ... (33 bytes))
2026-09-20T00:38:38: Received PUBLISH from esp32 (d0, q0, r0, m0, 'XP340/counter', ... (33 bytes))
2026-09-20T00:38:43: Received PUBLISH from esp32 (d0, q0, r0, m0, 'XP340/counter', ... (33 bytes))
2026-09-20T00:38:48: Received PUBLISH from esp32 (d0, q0, r0, m0, 'XP340/counter', ... (33 bytes))
2026-09-20T00:38:53: Received PUBLISH from esp32 (d0, q0, r0, m0, 'XP340/counter', ... (33 bytes))
2026-09-20T00:38:59: Received PUBLISH from esp32 (d0, q0, r0, m0, 'XP340/counter', ... (33 bytes))
2026-09-20T00:39:03: Received PUBLISH from esp32 (d0, q0, r0, m0, 'XP340/counter', ... (33 bytes))
2026-09-20T00:39:08: Received PUBLISH from esp32 (d0, q0, r0, m0, 'XP340/counter', ... (33 bytes))
2026-09-20T00:39:13: Received PUBLISH from esp32 (d0, q0, r0, m0, 'XP340/counter', ... (33 bytes))
2026-09-20T00:39:18: Received PUBLISH from esp32 (d0, q0, r0, m0, 'XP340/counter', ... (33 bytes))
2026-09-20T00:39:24: Received PUBLISH from esp32 (d0, q0, r0, m0, 'XP340/counter', ... (33 bytes))
2026-09-20T00:39:28: Received PUBLISH from esp32 (d0, q0, r0, m0, 'XP340/counter', ... (33 bytes))
2026-09-20T00:39:33: Received PUBLISH from esp32 (d0, q0, r0, m0, 'XP340/counter', ... (33 bytes))
2026-09-20T00:39:38: Received PUBLISH from esp32 (d0, q0, r0, m0, 'XP340/counter', ... (33 bytes))
2026-09-20T00:39:43: Received PUBLISH from esp32 (d0, q0, r0, m0, 'XP340/counter', ... (33 bytes))
2026-09-20T00:39:48: Received PUBLISH from esp32 (d0, q0, r0, m0, 'XP340/counter', ... (33 bytes))
2026-09-20T00:39:54: Received PUBLISH from esp32 (d0, q0, r0, m0, 'XP340/counter', ... (33 bytes))
2026-09-20T00:39:58: Received PUBLISH from esp32 (d0, q0, r0, m0, 'XP340/counter', ... (33 bytes))
2026-09-20T00:40:03: Received PUBLISH from esp32 (d0, q0, r0, m0, 'XP340/counter', ... (33 bytes))
2026-09-20T00:40:08: Received PUBLISH from esp32 (d0, q0, r0, m0, 'XP340/counter', ... (33 bytes))
2026-09-20T00:40:13: Received PUBLISH from esp32 (d0, q0, r0, m0, 'XP340/counter', ... (33 bytes))
2026-09-20T00:40:18: Received PUBLISH from esp32 (d0, q0, r0, m0, 'XP340/counter', ... (33 bytes))
2026-09-20T00:40:23: Received PUBLISH from esp32 (d0, q0, r0, m0, 'XP340/counter', ... (33 bytes))
2026-09-20T00:40:28: Received PUBLISH from esp32 (d0, q0, r0, m0, 'XP340/counter', ... (33 bytes))
2026-09-20T00:40:34: Received PUBLISH from esp32 (d0, q0, r0, m0, 'XP340/counter', ... (33 bytes))
2026-09-20T00:40:38: Received PUBLISH from esp32 (d0, q0, r0, m0, 'XP340/counter', ... (33 bytes))
2026-09-20T00:40:43: Received PUBLISH from esp32 (d0, q0, r0, m0, 'XP340/counter', ... (33 bytes))
2026-09-20T00:40:49: Received PUBLISH from esp32 (d0, q0, r0, m0, 'XP340/counter', ... (33 bytes))
2026-09-20T00:40:55: Received PUBLISH from esp32 (d0, q0, r0, m0, 'XP340/counter', ... (33 bytes))
2026-09-20T00:40:58: Received PUBLISH from esp32 (d0, q0, r0, m0, 'XP340/counter', ... (33 bytes))
2026-09-20T00:41:06: Received PUBLISH from esp32 (d0, q0, r0, m0, 'XP340/counter', ... (33 bytes))
2026-09-20T00:41:08: Received PUBLISH from esp32 (d0, q0, r0, m0, 'XP340/counter', ... (33 bytes))
2026-09-20T00:41:13: Received PUBLISH from esp32 (d0, q0, r0, m0, 'XP340/counter', ... (33 bytes))
2026-09-20T00:41:19: Received PUBLISH from esp32 (d0, q0, r0, m0, 'XP340/counter', ... (33 bytes))
2026-09-20T00:41:25: Received PUBLISH from esp32 (d0, q0, r0, m0, 'XP340/counter', ... (33 bytes))
2026-09-20T00:41:28: Received PUBLISH from esp32 (d0, q0, r0, m0, 'XP340/counter', ... (33 bytes))
2026-09-20T00:41:33: Received PUBLISH from esp32 (d0, q0, r0, m0, 'XP340/counter', ... (33 bytes))
2026-09-20T00:41:38: Received PUBLISH from esp32 (d0, q0, r0, m0, 'XP340/counter', ... (33 bytes))
2026-09-20T00:41:43: Received PUBLISH from esp32 (d0, q0, r0, m0, 'XP340/counter', ... (33 bytes))
2026-09-20T00:41:49: Received PUBLISH from esp32 (d0, q0, r0, m0, 'XP340/counter', ... (33 bytes))
2026-09-20T00:41:54: Received PUBLISH from esp32 (d0, q0, r0, m0, 'XP340/counter', ... (33 bytes))
2026-09-20T00:41:58: Received PUBLISH from esp32 (d0, q0, r0, m0, 'XP340/counter', ... (33 bytes))
2026-09-20T00:42:03: Received PUBLISH from esp32 (d0, q0, r0, m0, 'XP340/counter', ... (33 bytes))
2026-09-20T00:42:09: Received PUBLISH from esp32 (d0, q0, r0, m0, 'XP340/counter', ... (33 bytes))
2026-09-20T00:42:14: Received PUBLISH from esp32 (d0, q0, r0, m0, 'XP340/counter', ... (33 bytes))
2026-09-20T00:42:19: Received PUBLISH from esp32 (d0, q0, r0, m0, 'XP340/counter', ... (33 bytes))
2026-09-20T00:42:25: Received PUBLISH from esp32 (d0, q0, r0, m0, 'XP340/counter', ... (33 bytes))
2026-09-20T00:42:28: Received PUBLISH from esp32 (d0, q0, r0, m0, 'XP340/counter', ... (33 bytes))
2026-09-20T00:42:34: Received PUBLISH from esp32 (d0, q0, r0, m0, 'XP340/counter', ... (33 bytes))
2026-09-20T00:42:39: Received PUBLISH from esp32 (d0, q0, r0, m0, 'XP340/counter', ... (33 bytes))
2026-09-20T00:42:44: Received PUBLISH from esp32 (d0, q0, r0, m0, 'XP340/counter', ... (33 bytes))
2026-09-20T00:42:49: Received PUBLISH from esp32 (d0, q0, r0, m0, 'XP340/counter', ... (33 bytes))
2026-09-20T00:42:54: Received PUBLISH from esp32 (d0, q0, r0, m0, 'XP340/counter', ... (33 bytes))
2026-09-20T00:42:59: Received PUBLISH from esp32 (d0, q0, r0, m0, 'XP340/counter', ... (33 bytes))
2026-09-20T00:43:05: Received PUBLISH from esp32 (d0, q0, r0, m0, 'XP340/counter', ... (33 bytes))
2026-09-20T00:43:09: Received PUBLISH from esp32 (d0, q0, r0, m0, 'XP340/counter', ... (33 bytes))
2026-09-20T00:43:14: Received PUBLISH from esp32 (d0, q0, r0, m0, 'XP340/counter', ... (33 bytes))
2026-09-20T00:43:19: Received PUBLISH from esp32 (d0, q0, r0, m0, 'XP340/counter', ... (33 bytes))
2026-09-20T00:43:24: Received PUBLISH from esp32 (d0, q0, r0, m0, 'XP340/counter', ... (33 bytes))
2026-09-20T00:43:29: Received PUBLISH from esp32 (d0, q0, r0, m0, 'XP340/counter', ... (33 bytes))
2026-09-20T00:43:34: Received PUBLISH from esp32 (d0, q0, r0, m0, 'XP340/counter', ... (33 bytes))
2026-09-20T00:43:39: Received PUBLISH from esp32 (d0, q0, r0, m0, 'XP340/counter', ... (33 bytes))
2026-09-20T00:43:44: Received PUBLISH from esp32 (d0, q0, r0, m0, 'XP340/counter', ... (33 bytes))
2026-09-20T00:43:49: Received PUBLISH from esp32 (d0, q0, r0, m0, 'XP340/counter', ... (33 bytes))
2026-09-20T00:43:54: Received PUBLISH from esp32 (d0, q0, r0, m0, 'XP340/counter', ... (33 bytes))
2026-09-20T00:43:59: Received PUBLISH from esp32 (d0, q0, r0, m0, 'XP340/counter', ... (33 bytes))
2026-09-20T00:44:04: Received PUBLISH from esp32 (d0, q0, r0, m0, 'XP340/counter', ... (33 bytes))
2026-09-20T00:44:09: Received PUBLISH from esp32 (d0, q0, r0, m0, 'XP340/counter', ... (33 bytes))
2026-09-20T00:44:14: Received PUBLISH from esp32 (d0, q0, r0, m0, 'XP340/counter', ... (33 bytes))
2026-09-20T00:44:19: Received PUBLISH from esp32 (d0, q0, r0, m0, 'XP340/counter', ... (33 bytes))
2026-09-20T00:44:24: Received PUBLISH from esp32 (d0, q0, r0, m0, 'XP340/counter', ... (33 bytes))
2026-09-20T00:44:29: Received PUBLISH from esp32 (d0, q0, r0, m0, 'XP340/counter', ... (33 bytes))
2026-09-20T00:44:34: Received PUBLISH from esp32 (d0, q0, r0, m0, 'XP340/counter', ... (33 bytes))
2026-09-20T00:44:40: Received PUBLISH from esp32 (d0, q0, r0, m0, 'XP340/counter', ... (33 bytes))
2026-09-20T00:44:44: Received PUBLISH from esp32 (d0, q0, r0, m0, 'XP340/counter', ... (33 bytes))
2026-09-20T00:44:49: Received PUBLISH from esp32 (d0, q0, r0, m0, 'XP340/counter', ... (33 bytes))
2026-09-20T00:44:54: Received PUBLISH from esp32 (d0, q0, r0, m0, 'XP340/counter', ... (33 bytes))
2026-09-20T00:44:59: Received PUBLISH from esp32 (d0, q0, r0, m0, 'XP340/counter', ... (33 bytes))
2026-09-20T00:45:04: Received PUBLISH from esp32 (d0, q0, r0, m0, 'XP340/counter', ... (33 bytes))
2026-09-20T00:45:09: Received PUBLISH from esp32 (d0, q0, r0, m0, 'XP340/counter', ... (33 bytes))
2026-09-20T00:45:14: Received PUBLISH from esp32 (d0, q0, r0, m0, 'XP340/counter', ... (33 bytes))
2026-09-20T00:45:19: Received PUBLISH from esp32 (d0, q0, r0, m0, 'XP340/counter', ... (33 bytes))
2026-09-20T00:45:24: Received PUBLISH from esp32 (d0, q0, r0, m0, 'XP340/counter', ... (33 bytes))
2026-09-20T00:45:29: Received PUBLISH from esp32 (d0, q0, r0, m0, 'XP340/counter', ... (33 bytes))
2026-09-20T00:45:34: Received PUBLISH from esp32 (d0, q0, r0, m0, 'XP340/counter', ... (33 bytes))
2026-09-20T00:45:39: Received PUBLISH from esp32 (d0, q0, r0, m0, 'XP340/counter', ... (33 bytes))
2026-09-20T00:45:44: Received PUBLISH from esp32 (d0, q0, r0, m0, 'XP340/counter', ... (33 bytes))
2026-09-20T00:45:49: Received PUBLISH from esp32 (d0, q0, r0, m0, 'XP340/counter', ... (33 bytes))
2026-09-20T00:45:54: Received PUBLISH from esp32 (d0, q0, r0, m0, 'XP340/counter', ... (33 bytes))
2026-09-20T00:45:59: Received PUBLISH from esp32 (d0, q0, r0, m0, 'XP340/counter', ... (33 bytes))
2026-09-20T00:46:06: Received PUBLISH from esp32 (d0, q0, r0, m0, 'XP340/counter', ... (33 bytes))
2026-09-20T00:46:09: Received PUBLISH from esp32 (d0, q0, r0, m0, 'XP340/counter', ... (33 bytes))
2026-09-20T00:46:14: Received PUBLISH from esp32 (d0, q0, r0, m0, 'XP340/counter', ... (33 bytes))
2026-09-20T00:46:19: Received PUBLISH from esp32 (d0, q0, r0, m0, 'XP340/counter', ... (33 bytes))
2026-09-20T00:46:24: Received PUBLISH from esp32 (d0, q0, r0, m0, 'XP340/counter', ... (33 bytes))
2026-09-20T00:46:29: Received PUBLISH from esp32 (d0, q0, r0, m0, 'XP340/counter', ... (33 bytes))
2026-09-20T00:46:35: Received PUBLISH from esp32 (d0, q0, r0, m0, 'XP340/counter', ... (33 bytes))
2026-09-20T00:46:40: Received PUBLISH from esp32 (d0, q0, r0, m0, 'XP340/counter', ... (33 bytes))
2026-09-20T00:46:45: Received PUBLISH from esp32 (d0, q0, r0, m0, 'XP340/counter', ... (33 bytes))
2026-09-20T00:46:50: Received PUBLISH from esp32 (d0, q0, r0, m0, 'XP340/counter', ... (33 bytes))
2026-09-20T00:46:55: Received PUBLISH from esp32 (d0, q0, r0, m0, 'XP340/counter', ... (33 bytes))
2026-09-20T00:46:59: Received PUBLISH from esp32 (d0, q0, r0, m0, 'XP340/counter', ... (33 bytes))
2026-09-20T00:47:04: Received PUBLISH from esp32 (d0, q0, r0, m0, 'XP340/counter', ... (33 bytes))
2026-09-20T00:47:10: Received PUBLISH from esp32 (d0, q0, r0, m0, 'XP340/counter', ... (33 bytes))
2026-09-20T00:47:15: Received PUBLISH from esp32 (d0, q0, r0, m0, 'XP340/counter', ... (33 bytes))
2026-09-20T00:47:20: Received PUBLISH from esp32 (d0, q0, r0, m0, 'XP340/counter', ... (33 bytes))
2026-09-20T00:47:24: Received PUBLISH from esp32 (d0, q0, r0, m0, 'XP340/counter', ... (33 bytes))
2026-09-20T00:47:30: Received PUBLISH from esp32 (d0, q0, r0, m0, 'XP340/counter', ... (33 bytes))
2026-09-20T00:47:36: Received PUBLISH from esp32 (d0, q0, r0, m0, 'XP340/counter', ... (33 bytes))
2026-09-20T00:47:40: Received PUBLISH from esp32 (d0, q0, r0, m0, 'XP340/counter', ... (33 bytes))
2026-09-20T00:47:44: Received PUBLISH from esp32 (d0, q0, r0, m0, 'XP340/counter', ... (33 bytes))
2026-09-20T00:47:50: Received PUBLISH from esp32 (d0, q0, r0, m0, 'XP340/counter', ... (33 bytes))
2026-09-20T00:47:55: Received PUBLISH from esp32 (d0, q0, r0, m0, 'XP340/counter', ... (33 bytes))
2026-09-20T00:48:00: Received PUBLISH from esp32 (d0, q0, r0, m0, 'XP340/counter', ... (33 bytes))
2026-09-20T00:48:05: Received PUBLISH from esp32 (d0, q0, r0, m0, 'XP340/counter', ... (33 bytes))
2026-09-20T00:48:10: Received PUBLISH from esp32 (d0, q0, r0, m0, 'XP340/counter', ... (33 bytes))
2026-09-20T00:48:15: Received PUBLISH from esp32 (d0, q0, r0, m0, 'XP340/counter', ... (33 bytes))
2026-09-20T00:48:20: Received PUBLISH from esp32 (d0, q0, r0, m0, 'XP340/counter', ... (33 bytes))
2026-09-20T00:48:25: Received PUBLISH from esp32 (d0, q0, r0, m0, 'XP340/counter', ... (33 bytes))
2026-09-20T00:48:30: Received PUBLISH from esp32 (d0, q0, r0, m0, 'XP340/counter', ... (33 bytes))
2026-09-20T00:48:35: Received PUBLISH from esp32 (d0, q0, r0, m0, 'XP340/counter', ... (33 bytes))
2026-09-20T00:48:40: Received PUBLISH from esp32 (d0, q0, r0, m0, 'XP340/counter', ... (33 bytes))
2026-09-20T00:48:45: Received PUBLISH from esp32 (d0, q0, r0, m0, 'XP340/counter', ... (33 bytes))
2026-09-20T00:48:50: Received PUBLISH from esp32 (d0, q0, r0, m0, 'XP340/counter', ... (33 bytes))
2026-09-20T00:48:55: Received PUBLISH from esp32 (d0, q0, r0, m0, 'XP340/counter', ... (33 bytes))
2026-09-20T00:49:00: Received PUBLISH from esp32 (d0, q0, r0, m0, 'XP340/counter', ... (33 bytes))
2026-09-20T00:49:05: Received PUBLISH from esp32 (d0, q0, r0, m0, 'XP340/counter', ... (33 bytes))
2026-09-20T00:49:10: Received PUBLISH from esp32 (d0, q0, r0, m0, 'XP340/counter', ... (33 bytes))
2026-09-20T00:49:15: Received PUBLISH from esp32 (d0, q0, r0, m0, 'XP340/counter', ... (33 bytes))
2026-09-20T00:49:20: Received PUBLISH from esp32 (d0, q0, r0, m0, 'XP340/counter', ... (33 bytes))
2026-09-20T00:49:25: Received PUBLISH from esp32 (d0, q0, r0, m0, 'XP340/counter', ... (33 bytes))
2026-09-20T00:49:30: Received PUBLISH from esp32 (d0, q0, r0, m0, 'XP340/counter', ... (33 bytes))
2026-09-20T00:49:35: Received PUBLISH from esp32 (d0, q0, r0, m0, 'XP340/counter', ... (33 bytes))
2026-09-20T00:49:40: Received PUBLISH from esp32 (d0, q0, r0, m0, 'XP340/counter', ... (33 bytes))
2026-09-20T00:49:45: Received PUBLISH from esp32 (d0, q0, r0, m0, 'XP340/counter', ... (33 bytes))
2026-09-20T00:49:50: Received PUBLISH from esp32 (d0, q0, r0, m0, 'XP340/counter', ... (33 bytes))
2026-09-20T00:49:55: Received PUBLISH from esp32 (d0, q0, r0, m0, 'XP340/counter', ... (33 bytes))
2026-09-20T00:50:00: Received PUBLISH from esp32 (d0, q0, r0, m0, 'XP340/counter', ... (33 bytes))
2026-09-20T00:50:05: Received PUBLISH from esp32 (d0, q0, r0, m0, 'XP340/counter', ... (33 bytes))
2026-09-20T00:50:10: Received PUBLISH from esp32 (d0, q0, r0, m0, 'XP340/counter', ... (33 bytes))
2026-09-20T00:50:15: Received PUBLISH from esp32 (d0, q0, r0, m0, 'XP340/counter', ... (33 bytes))
2026-09-20T00:50:22: Received PUBLISH from esp32 (d0, q0, r0, m0, 'XP340/counter', ... (33 bytes))
2026-09-20T00:50:25: Received PUBLISH from esp32 (d0, q0, r0, m0, 'XP340/counter', ... (33 bytes))
2026-09-20T00:50:30: Received PUBLISH from esp32 (d0, q0, r0, m0, 'XP340/counter', ... (33 bytes))
2026-09-20T00:50:35: Received PUBLISH from esp32 (d0, q0, r0, m0, 'XP340/counter', ... (33 bytes))
2026-09-20T00:50:40: Received PUBLISH from esp32 (d0, q0, r0, m0, 'XP340/counter', ... (33 bytes))
2026-09-20T00:50:45: Received PUBLISH from esp32 (d0, q0, r0, m0, 'XP340/counter', ... (33 bytes))
2026-09-20T00:50:50: Received PUBLISH from esp32 (d0, q0, r0, m0, 'XP340/counter', ... (33 bytes))
2026-09-20T00:50:55: Received PUBLISH from esp32 (d0, q0, r0, m0, 'XP340/counter', ... (33 bytes))
2026-09-20T00:51:00: Received PUBLISH from esp32 (d0, q0, r0, m0, 'XP340/counter', ... (33 bytes))
2026-09-20T00:51:05: Received PUBLISH from esp32 (d0, q0, r0, m0, 'XP340/counter', ... (33 bytes))
2026-09-20T00:51:10: Received PUBLISH from esp32 (d0, q0, r0, m0, 'XP340/counter', ... (33 bytes))
2026-09-20T00:51:15: Received PUBLISH from esp32 (d0, q0, r0, m0, 'XP340/counter', ... (33 bytes))
2026-09-20T00:51:20: Received PUBLISH from esp32 (d0, q0, r0, m0, 'XP340/counter', ... (33 bytes))
2026-09-20T00:51:25: Received PUBLISH from esp32 (d0, q0, r0, m0, 'XP340/counter', ... (33 bytes))
2026-09-20T00:51:30: Received PUBLISH from esp32 (d0, q0, r0, m0, 'XP340/counter', ... (33 bytes))
2026-09-20T00:51:37: Received PUBLISH from esp32 (d0, q0, r0, m0, 'XP340/counter', ... (33 bytes))
2026-09-20T00:51:40: Received PUBLISH from esp32 (d0, q0, r0, m0, 'XP340/counter', ... (33 bytes))
2026-09-20T00:51:45: Received PUBLISH from esp32 (d0, q0, r0, m0, 'XP340/counter', ... (33 bytes))
2026-09-20T00:51:50: Received PUBLISH from esp32 (d0, q0, r0, m0, 'XP340/counter', ... (33 bytes))
2026-09-20T00:51:55: Received PUBLISH from esp32 (d0, q0, r0, m0, 'XP340/counter', ... (33 bytes))
2026-09-20T00:52:00: Received PUBLISH from esp32 (d0, q0, r0, m0, 'XP340/counter', ... (33 bytes))
2026-09-20T00:52:05: Received PUBLISH from esp32 (d0, q0, r0, m0, 'XP340/counter', ... (33 bytes))
2026-09-20T00:52:10: Received PUBLISH from esp32 (d0, q0, r0, m0, 'XP340/counter', ... (33 bytes))
2026-09-20T00:52:15: Received PUBLISH from esp32 (d0, q0, r0, m0, 'XP340/counter', ... (33 bytes))
2026-09-20T00:52:20: Received PUBLISH from esp32 (d0, q0, r0, m0, 'XP340/counter', ... (33 bytes))
2026-09-20T00:52:25: Received PUBLISH from esp32 (d0, q0, r0, m0, 'XP340/counter', ... (33 bytes))
2026-09-20T00:52:30: Received PUBLISH from esp32 (d0, q0, r0, m0, 'XP340/counter', ... (33 bytes))
2026-09-20T00:52:35: Received PUBLISH from esp32 (d0, q0, r0, m0, 'XP340/counter', ... (33 bytes))
2026-09-20T00:52:40: Received PUBLISH from esp32 (d0, q0, r0, m0, 'XP340/counter', ... (33 bytes))
2026-09-20T00:54:11: Client esp32 [10.0.0.223:62307] disconnected: exceeded timeout.
2026-09-20T01:00:32: Saving in-memory database to /mosquitto/data//mosquitto.db.
2026-09-20T01:06:33: New connection from 10.0.0.223:62308 on port 8883.
2026-09-20T01:06:35: New client connected from 10.0.0.223:62308 as esp32 (p4, c1, k60, u'ESP32-Sensor-01').
2026-09-20T01:06:35: No will message specified.
2026-09-20T01:06:35: Client esp32 negotiated TLSv1.2 cipher ECDHE-RSA-AES256-GCM-SHA384
2026-09-20T01:06:35: Sending CONNACK to esp32 (0, 0)
2026-09-20T01:06:36: Received SUBSCRIBE from esp32
2026-09-20T01:06:36: 	XP340/I_00 (QoS 0)
2026-09-20T01:06:36: esp32 0 XP340/I_00
2026-09-20T01:06:36: Sending SUBACK to esp32
2026-09-20T01:06:36: Received SUBSCRIBE from esp32
2026-09-20T01:06:36: 	XP340/I_01 (QoS 0)
2026-09-20T01:06:36: esp32 0 XP340/I_01
2026-09-20T01:06:36: Sending SUBACK to esp32
2026-09-20T01:06:37: Received PUBLISH from esp32 (d0, q0, r0, m0, 'XP340/counter', ... (31 bytes))
2026-09-20T01:06:41: Received PUBLISH from esp32 (d0, q0, r0, m0, 'XP340/counter', ... (31 bytes))
2026-09-20T01:06:46: Received PUBLISH from esp32 (d0, q0, r0, m0, 'XP340/counter', ... (31 bytes))
2026-09-20T01:06:52: New connection from 10.0.0.90:54167 on port 8883.
2026-09-20T01:06:52: New client connected from 10.0.0.90:54167 as paho-client-01 (p4, c1, k60, u'Paho-Client').
2026-09-20T01:06:52: No will message specified.
2026-09-20T01:06:52: Client paho-client-01 negotiated TLSv1.3 cipher TLS_AES_256_GCM_SHA384
2026-09-20T01:06:52: Sending CONNACK to paho-client-01 (0, 0)
2026-09-20T01:06:52: Received SUBSCRIBE from paho-client-01
2026-09-20T01:06:52: 	XP340/counter (QoS 0)
2026-09-20T01:06:52: paho-client-01 0 XP340/counter
2026-09-20T01:06:52: 	XP340/Q_00 (QoS 0)
2026-09-20T01:06:52: paho-client-01 0 XP340/Q_00
2026-09-20T01:06:52: 	XP340/Q_01 (QoS 0)
2026-09-20T01:06:52: paho-client-01 0 XP340/Q_01
2026-09-20T01:06:52: Sending SUBACK to paho-client-01
2026-09-20T01:06:52: Received PUBLISH from esp32 (d0, q0, r0, m0, 'XP340/counter', ... (31 bytes))
2026-09-20T01:06:52: Sending PUBLISH to paho-client-01 (d0, q0, r0, m0, 'XP340/counter', ... (31 bytes))
2026-09-20T01:06:56: Received PUBLISH from esp32 (d0, q0, r0, m0, 'XP340/counter', ... (31 bytes))
2026-09-20T01:06:56: Sending PUBLISH to paho-client-01 (d0, q0, r0, m0, 'XP340/counter', ... (31 bytes))
2026-09-20T01:07:02: Received PUBLISH from esp32 (d0, q0, r0, m0, 'XP340/counter', ... (31 bytes))
2026-09-20T01:07:02: Sending PUBLISH to paho-client-01 (d0, q0, r0, m0, 'XP340/counter', ... (31 bytes))
2026-09-20T01:07:07: Received PUBLISH from esp32 (d0, q0, r0, m0, 'XP340/counter', ... (31 bytes))
2026-09-20T01:07:07: Sending PUBLISH to paho-client-01 (d0, q0, r0, m0, 'XP340/counter', ... (31 bytes))
2026-09-20T01:07:12: Received PUBLISH from esp32 (d0, q0, r0, m0, 'XP340/counter', ... (31 bytes))
2026-09-20T01:07:12: Sending PUBLISH to paho-client-01 (d0, q0, r0, m0, 'XP340/counter', ... (31 bytes))
2026-09-20T01:07:17: Received PUBLISH from esp32 (d0, q0, r0, m0, 'XP340/counter', ... (31 bytes))
2026-09-20T01:07:17: Sending PUBLISH to paho-client-01 (d0, q0, r0, m0, 'XP340/counter', ... (31 bytes))
2026-09-20T01:07:22: Received PUBLISH from esp32 (d0, q0, r0, m0, 'XP340/counter', ... (31 bytes))
2026-09-20T01:07:22: Sending PUBLISH to paho-client-01 (d0, q0, r0, m0, 'XP340/counter', ... (31 bytes))
2026-09-20T01:07:27: Received PUBLISH from esp32 (d0, q0, r0, m0, 'XP340/counter', ... (32 bytes))
2026-09-20T01:07:27: Sending PUBLISH to paho-client-01 (d0, q0, r0, m0, 'XP340/counter', ... (32 bytes))
2026-09-20T01:07:32: Received PUBLISH from esp32 (d0, q0, r0, m0, 'XP340/counter', ... (32 bytes))
2026-09-20T01:07:32: Sending PUBLISH to paho-client-01 (d0, q0, r0, m0, 'XP340/counter', ... (32 bytes))
2026-09-20T01:07:37: Received PUBLISH from esp32 (d0, q0, r0, m0, 'XP340/counter', ... (32 bytes))
2026-09-20T01:07:37: Sending PUBLISH to paho-client-01 (d0, q0, r0, m0, 'XP340/counter', ... (32 bytes))
2026-09-20T01:07:39: OpenSSL Error while trying to get the error[0]: error:0A000126:SSL routines::unexpected eof while reading
2026-09-20T01:07:39: Client paho-client-01 [10.0.0.90:54167] disconnected: connection closed by client.
2026-09-20T01:07:42: Received PUBLISH from esp32 (d0, q0, r0, m0, 'XP340/counter', ... (32 bytes))
2026-09-20T01:07:47: Received PUBLISH from esp32 (d0, q0, r0, m0, 'XP340/counter', ... (32 bytes))
2026-09-20T01:07:52: Received PUBLISH from esp32 (d0, q0, r0, m0, 'XP340/counter', ... (32 bytes))
2026-09-20T01:07:57: Received PUBLISH from esp32 (d0, q0, r0, m0, 'XP340/counter', ... (32 bytes))
2026-09-20T01:08:02: Received PUBLISH from esp32 (d0, q0, r0, m0, 'XP340/counter', ... (32 bytes))
2026-09-20T01:08:07: OpenSSL Error while trying to get the error[0]: error:0A000126:SSL routines::unexpected eof while reading
2026-09-20T01:08:07: Client esp32 [10.0.0.223:62308] disconnected: connection closed by client.
2026-09-20T01:08:08: New connection from 10.0.0.223:62309 on port 8883.
2026-09-20T01:08:10: New client connected from 10.0.0.223:62309 as esp32 (p4, c1, k60, u'ESP32-Sensor-01').
2026-09-20T01:08:10: No will message specified.
2026-09-20T01:08:10: Client esp32 negotiated TLSv1.2 cipher ECDHE-RSA-AES256-GCM-SHA384
2026-09-20T01:08:10: Sending CONNACK to esp32 (0, 0)
2026-09-20T01:08:10: Received SUBSCRIBE from esp32
2026-09-20T01:08:10: 	XP340/I_00 (QoS 0)
2026-09-20T01:08:10: esp32 0 XP340/I_00
2026-09-20T01:08:10: Sending SUBACK to esp32
2026-09-20T01:08:11: Received SUBSCRIBE from esp32
2026-09-20T01:08:11: 	XP340/I_01 (QoS 0)
2026-09-20T01:08:11: esp32 0 XP340/I_01
2026-09-20T01:08:11: Sending SUBACK to esp32
2026-09-20T01:08:11: Received PUBLISH from esp32 (d0, q0, r0, m0, 'XP340/counter', ... (30 bytes))
2026-09-20T01:08:16: Received PUBLISH from esp32 (d0, q0, r0, m0, 'XP340/counter', ... (30 bytes))
2026-09-20T01:08:20: New connection from 10.0.0.90:35911 on port 8883.
2026-09-20T01:08:20: New client connected from 10.0.0.90:35911 as paho-client-01 (p4, c1, k60, u'Paho-Client').
2026-09-20T01:08:20: No will message specified.
2026-09-20T01:08:20: Client paho-client-01 negotiated TLSv1.3 cipher TLS_AES_256_GCM_SHA384
2026-09-20T01:08:20: Sending CONNACK to paho-client-01 (0, 0)
2026-09-20T01:08:20: Received SUBSCRIBE from paho-client-01
2026-09-20T01:08:20: 	XP340/counter (QoS 0)
2026-09-20T01:08:20: paho-client-01 0 XP340/counter
2026-09-20T01:08:20: 	XP340/Q_00 (QoS 0)
2026-09-20T01:08:20: paho-client-01 0 XP340/Q_00
2026-09-20T01:08:20: 	XP340/Q_01 (QoS 0)
2026-09-20T01:08:20: paho-client-01 0 XP340/Q_01
2026-09-20T01:08:20: Sending SUBACK to paho-client-01
2026-09-20T01:08:21: Received PUBLISH from esp32 (d0, q0, r0, m0, 'XP340/counter', ... (30 bytes))
2026-09-20T01:08:21: Sending PUBLISH to paho-client-01 (d0, q0, r0, m0, 'XP340/counter', ... (30 bytes))
2026-09-20T01:08:26: Received PUBLISH from esp32 (d0, q0, r0, m0, 'XP340/counter', ... (30 bytes))
2026-09-20T01:08:26: Sending PUBLISH to paho-client-01 (d0, q0, r0, m0, 'XP340/counter', ... (30 bytes))
2026-09-20T01:08:31: Received PUBLISH from esp32 (d0, q0, r0, m0, 'XP340/counter', ... (30 bytes))
2026-09-20T01:08:31: Sending PUBLISH to paho-client-01 (d0, q0, r0, m0, 'XP340/counter', ... (30 bytes))
2026-09-20T01:08:36: Received PUBLISH from esp32 (d0, q0, r0, m0, 'XP340/counter', ... (30 bytes))
2026-09-20T01:08:36: Sending PUBLISH to paho-client-01 (d0, q0, r0, m0, 'XP340/counter', ... (30 bytes))
2026-09-20T01:08:41: Received PUBLISH from esp32 (d0, q0, r0, m0, 'XP340/counter', ... (30 bytes))
2026-09-20T01:08:41: Sending PUBLISH to paho-client-01 (d0, q0, r0, m0, 'XP340/counter', ... (30 bytes))
2026-09-20T01:08:46: Received PUBLISH from esp32 (d0, q0, r0, m0, 'XP340/counter', ... (30 bytes))
2026-09-20T01:08:46: Sending PUBLISH to paho-client-01 (d0, q0, r0, m0, 'XP340/counter', ... (30 bytes))
2026-09-20T01:08:51: Received PUBLISH from esp32 (d0, q0, r0, m0, 'XP340/counter', ... (30 bytes))
2026-09-20T01:08:51: Sending PUBLISH to paho-client-01 (d0, q0, r0, m0, 'XP340/counter', ... (30 bytes))
2026-09-20T01:08:56: Received PUBLISH from esp32 (d0, q0, r0, m0, 'XP340/counter', ... (30 bytes))
2026-09-20T01:08:56: Sending PUBLISH to paho-client-01 (d0, q0, r0, m0, 'XP340/counter', ... (30 bytes))
2026-09-20T01:08:56: OpenSSL Error while trying to get the error[0]: error:0A000126:SSL routines::unexpected eof while reading
2026-09-20T01:08:56: Client paho-client-01 [10.0.0.90:35911] disconnected: connection closed by client.
2026-09-20T01:09:01: Received PUBLISH from esp32 (d0, q0, r0, m0, 'XP340/counter', ... (31 bytes))
2026-09-20T01:09:06: Received PUBLISH from esp32 (d0, q0, r0, m0, 'XP340/counter', ... (31 bytes))
2026-09-20T01:09:11: Received PUBLISH from esp32 (d0, q0, r0, m0, 'XP340/counter', ... (31 bytes))
2026-09-20T01:09:16: Received PUBLISH from esp32 (d0, q0, r0, m0, 'XP340/counter', ... (31 bytes))
2026-09-20T01:09:21: Received PUBLISH from esp32 (d0, q0, r0, m0, 'XP340/counter', ... (31 bytes))
2026-09-20T01:09:26: Received PUBLISH from esp32 (d0, q0, r0, m0, 'XP340/counter', ... (31 bytes))
2026-09-20T01:09:28: New connection from 10.0.0.90:38981 on port 8883.
2026-09-20T01:09:28: New client connected from 10.0.0.90:38981 as paho-client-01 (p4, c1, k60, u'Paho-Client').
2026-09-20T01:09:28: No will message specified.
2026-09-20T01:09:28: Client paho-client-01 negotiated TLSv1.3 cipher TLS_AES_256_GCM_SHA384
2026-09-20T01:09:28: Sending CONNACK to paho-client-01 (0, 0)
2026-09-20T01:09:28: Received SUBSCRIBE from paho-client-01
2026-09-20T01:09:28: 	XP340/counter (QoS 0)
2026-09-20T01:09:28: paho-client-01 0 XP340/counter
2026-09-20T01:09:28: 	XP340/Q_00 (QoS 0)
2026-09-20T01:09:28: paho-client-01 0 XP340/Q_00
2026-09-20T01:09:28: 	XP340/Q_01 (QoS 0)
2026-09-20T01:09:28: paho-client-01 0 XP340/Q_01
2026-09-20T01:09:28: Sending SUBACK to paho-client-01
2026-09-20T01:09:31: Received PUBLISH from esp32 (d0, q0, r0, m0, 'XP340/counter', ... (31 bytes))
2026-09-20T01:09:31: Sending PUBLISH to paho-client-01 (d0, q0, r0, m0, 'XP340/counter', ... (31 bytes))
2026-09-20T01:09:31: Received PUBLISH from paho-client-01 (d0, q0, r0, m0, 'XP340/I_00', ... (3 bytes))
2026-09-20T01:09:31: Sending PUBLISH to esp32 (d0, q0, r0, m0, 'XP340/I_00', ... (3 bytes))
2026-09-20T01:09:33: Received PUBLISH from paho-client-01 (d0, q0, r0, m0, 'XP340/I_00', ... (3 bytes))
2026-09-20T01:09:33: Sending PUBLISH to esp32 (d0, q0, r0, m0, 'XP340/I_00', ... (3 bytes))
2026-09-20T01:09:38: Received PUBLISH from esp32 (d0, q0, r0, m0, 'XP340/counter', ... (31 bytes))
2026-09-20T01:09:38: Sending PUBLISH to paho-client-01 (d0, q0, r0, m0, 'XP340/counter', ... (31 bytes))
2026-09-20T01:09:42: Received PUBLISH from esp32 (d0, q0, r0, m0, 'XP340/counter', ... (31 bytes))
2026-09-20T01:09:42: Sending PUBLISH to paho-client-01 (d0, q0, r0, m0, 'XP340/counter', ... (31 bytes))
2026-09-20T01:09:55: Received PUBLISH from esp32 (d0, q0, r0, m0, 'XP340/counter', ... (31 bytes))
2026-09-20T01:09:55: Sending PUBLISH to paho-client-01 (d0, q0, r0, m0, 'XP340/counter', ... (31 bytes))
2026-09-20T01:09:55: Received PUBLISH from esp32 (d0, q0, r0, m0, 'XP340/counter', ... (31 bytes))
2026-09-20T01:09:55: Sending PUBLISH to paho-client-01 (d0, q0, r0, m0, 'XP340/counter', ... (31 bytes))
2026-09-20T01:09:57: Received PUBLISH from esp32 (d0, q0, r0, m0, 'XP340/counter', ... (31 bytes))
2026-09-20T01:09:57: Sending PUBLISH to paho-client-01 (d0, q0, r0, m0, 'XP340/counter', ... (31 bytes))
2026-09-20T01:10:01: Received PUBLISH from esp32 (d0, q0, r0, m0, 'XP340/counter', ... (31 bytes))
2026-09-20T01:10:01: Sending PUBLISH to paho-client-01 (d0, q0, r0, m0, 'XP340/counter', ... (31 bytes))
2026-09-20T01:10:09: Received PUBLISH from esp32 (d0, q0, r0, m0, 'XP340/counter', ... (31 bytes))
2026-09-20T01:10:09: Sending PUBLISH to paho-client-01 (d0, q0, r0, m0, 'XP340/counter', ... (31 bytes))
2026-09-20T01:10:11: Received PUBLISH from esp32 (d0, q0, r0, m0, 'XP340/counter', ... (31 bytes))
2026-09-20T01:10:11: Sending PUBLISH to paho-client-01 (d0, q0, r0, m0, 'XP340/counter', ... (31 bytes))
2026-09-20T01:10:13: Received PUBLISH from paho-client-01 (d0, q0, r0, m0, 'XP340/I_00', ... (3 bytes))
2026-09-20T01:10:13: Sending PUBLISH to esp32 (d0, q0, r0, m0, 'XP340/I_00', ... (3 bytes))
2026-09-20T01:10:16: Received PUBLISH from esp32 (d0, q0, r0, m0, 'XP340/counter', ... (31 bytes))
2026-09-20T01:10:16: Sending PUBLISH to paho-client-01 (d0, q0, r0, m0, 'XP340/counter', ... (31 bytes))
2026-09-20T01:10:19: Received PUBLISH from paho-client-01 (d0, q0, r0, m0, 'XP340/I_00', ... (3 bytes))
2026-09-20T01:10:19: Sending PUBLISH to esp32 (d0, q0, r0, m0, 'XP340/I_00', ... (3 bytes))
2026-09-20T01:10:21: Received PUBLISH from esp32 (d0, q0, r0, m0, 'XP340/counter', ... (31 bytes))
2026-09-20T01:10:21: Sending PUBLISH to paho-client-01 (d0, q0, r0, m0, 'XP340/counter', ... (31 bytes))
2026-09-20T01:10:26: Received PUBLISH from esp32 (d0, q0, r0, m0, 'XP340/counter', ... (31 bytes))
2026-09-20T01:10:26: Sending PUBLISH to paho-client-01 (d0, q0, r0, m0, 'XP340/counter', ... (31 bytes))
2026-09-20T01:10:28: Received PINGREQ from paho-client-01
2026-09-20T01:10:28: Sending PINGRESP to paho-client-01
2026-09-20T01:10:31: Received PUBLISH from esp32 (d0, q0, r0, m0, 'XP340/counter', ... (31 bytes))
2026-09-20T01:10:31: Sending PUBLISH to paho-client-01 (d0, q0, r0, m0, 'XP340/counter', ... (31 bytes))
2026-09-20T01:10:36: Received PUBLISH from esp32 (d0, q0, r0, m0, 'XP340/counter', ... (31 bytes))
2026-09-20T01:10:36: Sending PUBLISH to paho-client-01 (d0, q0, r0, m0, 'XP340/counter', ... (31 bytes))
2026-09-20T01:10:41: Received PUBLISH from esp32 (d0, q0, r0, m0, 'XP340/counter', ... (31 bytes))
2026-09-20T01:10:41: Sending PUBLISH to paho-client-01 (d0, q0, r0, m0, 'XP340/counter', ... (31 bytes))
2026-09-20T01:10:46: Received PUBLISH from esp32 (d0, q0, r0, m0, 'XP340/counter', ... (31 bytes))
2026-09-20T01:10:46: Sending PUBLISH to paho-client-01 (d0, q0, r0, m0, 'XP340/counter', ... (31 bytes))
2026-09-20T01:10:51: Received PUBLISH from esp32 (d0, q0, r0, m0, 'XP340/counter', ... (31 bytes))
2026-09-20T01:10:51: Sending PUBLISH to paho-client-01 (d0, q0, r0, m0, 'XP340/counter', ... (31 bytes))
2026-09-20T01:10:56: Received PUBLISH from esp32 (d0, q0, r0, m0, 'XP340/counter', ... (31 bytes))
2026-09-20T01:10:56: Sending PUBLISH to paho-client-01 (d0, q0, r0, m0, 'XP340/counter', ... (31 bytes))
2026-09-20T01:11:01: Received PUBLISH from esp32 (d0, q0, r0, m0, 'XP340/counter', ... (31 bytes))
2026-09-20T01:11:01: Sending PUBLISH to paho-client-01 (d0, q0, r0, m0, 'XP340/counter', ... (31 bytes))
2026-09-20T01:11:06: Received PUBLISH from esp32 (d0, q0, r0, m0, 'XP340/counter', ... (31 bytes))
2026-09-20T01:11:06: Sending PUBLISH to paho-client-01 (d0, q0, r0, m0, 'XP340/counter', ... (31 bytes))
2026-09-20T01:11:11: Received PUBLISH from esp32 (d0, q0, r0, m0, 'XP340/counter', ... (31 bytes))
2026-09-20T01:11:11: Sending PUBLISH to paho-client-01 (d0, q0, r0, m0, 'XP340/counter', ... (31 bytes))
2026-09-20T01:11:16: Received PUBLISH from esp32 (d0, q0, r0, m0, 'XP340/counter', ... (31 bytes))
2026-09-20T01:11:16: Sending PUBLISH to paho-client-01 (d0, q0, r0, m0, 'XP340/counter', ... (31 bytes))
2026-09-20T01:11:21: Received PUBLISH from esp32 (d0, q0, r0, m0, 'XP340/counter', ... (31 bytes))
2026-09-20T01:11:21: Sending PUBLISH to paho-client-01 (d0, q0, r0, m0, 'XP340/counter', ... (31 bytes))
2026-09-20T01:11:26: Received PUBLISH from esp32 (d0, q0, r0, m0, 'XP340/counter', ... (31 bytes))
2026-09-20T01:11:26: Sending PUBLISH to paho-client-01 (d0, q0, r0, m0, 'XP340/counter', ... (31 bytes))
2026-09-20T01:11:28: Received PINGREQ from paho-client-01
2026-09-20T01:11:28: Sending PINGRESP to paho-client-01
2026-09-20T01:11:31: Received PUBLISH from esp32 (d0, q0, r0, m0, 'XP340/counter', ... (31 bytes))
2026-09-20T01:11:31: Sending PUBLISH to paho-client-01 (d0, q0, r0, m0, 'XP340/counter', ... (31 bytes))
2026-09-20T01:11:36: Received PUBLISH from esp32 (d0, q0, r0, m0, 'XP340/counter', ... (31 bytes))
2026-09-20T01:11:36: Sending PUBLISH to paho-client-01 (d0, q0, r0, m0, 'XP340/counter', ... (31 bytes))
2026-09-20T01:11:41: Received PUBLISH from esp32 (d0, q0, r0, m0, 'XP340/counter', ... (31 bytes))
2026-09-20T01:11:41: Sending PUBLISH to paho-client-01 (d0, q0, r0, m0, 'XP340/counter', ... (31 bytes))
2026-09-20T01:11:46: Received PUBLISH from esp32 (d0, q0, r0, m0, 'XP340/counter', ... (31 bytes))
2026-09-20T01:11:46: Sending PUBLISH to paho-client-01 (d0, q0, r0, m0, 'XP340/counter', ... (31 bytes))
2026-09-20T01:11:51: Received PUBLISH from esp32 (d0, q0, r0, m0, 'XP340/counter', ... (31 bytes))
2026-09-20T01:11:51: Sending PUBLISH to paho-client-01 (d0, q0, r0, m0, 'XP340/counter', ... (31 bytes))
2026-09-20T01:11:56: Received PUBLISH from esp32 (d0, q0, r0, m0, 'XP340/counter', ... (31 bytes))
2026-09-20T01:11:56: Sending PUBLISH to paho-client-01 (d0, q0, r0, m0, 'XP340/counter', ... (31 bytes))
2026-09-20T01:12:01: Received PUBLISH from esp32 (d0, q0, r0, m0, 'XP340/counter', ... (31 bytes))
2026-09-20T01:12:01: Sending PUBLISH to paho-client-01 (d0, q0, r0, m0, 'XP340/counter', ... (31 bytes))
2026-09-20T01:12:07: Received PUBLISH from esp32 (d0, q0, r0, m0, 'XP340/counter', ... (31 bytes))
2026-09-20T01:12:07: Sending PUBLISH to paho-client-01 (d0, q0, r0, m0, 'XP340/counter', ... (31 bytes))
2026-09-20T01:12:11: Received PUBLISH from esp32 (d0, q0, r0, m0, 'XP340/counter', ... (31 bytes))
2026-09-20T01:12:11: Sending PUBLISH to paho-client-01 (d0, q0, r0, m0, 'XP340/counter', ... (31 bytes))
2026-09-20T01:12:16: Received PUBLISH from esp32 (d0, q0, r0, m0, 'XP340/counter', ... (31 bytes))
2026-09-20T01:12:16: Sending PUBLISH to paho-client-01 (d0, q0, r0, m0, 'XP340/counter', ... (31 bytes))
2026-09-20T01:12:26: Client esp32 [10.0.0.223:62309] disconnected: connection closed by client.
2026-09-20T01:12:27: New connection from 10.0.0.223:62310 on port 8883.
2026-09-20T01:12:28: New client connected from 10.0.0.223:62310 as esp32 (p4, c1, k60, u'ESP32-Sensor-01').
2026-09-20T01:12:28: No will message specified.
2026-09-20T01:12:28: Client esp32 negotiated TLSv1.2 cipher ECDHE-RSA-AES256-GCM-SHA384
2026-09-20T01:12:28: Sending CONNACK to esp32 (0, 0)
2026-09-20T01:12:29: Received PINGREQ from paho-client-01
2026-09-20T01:12:29: Sending PINGRESP to paho-client-01
2026-09-20T01:12:29: Received SUBSCRIBE from esp32
2026-09-20T01:12:29: 	XP340/I_00 (QoS 0)
2026-09-20T01:12:29: esp32 0 XP340/I_00
2026-09-20T01:12:29: Sending SUBACK to esp32
2026-09-20T01:12:29: Received SUBSCRIBE from esp32
2026-09-20T01:12:29: 	XP340/I_01 (QoS 0)
2026-09-20T01:12:29: esp32 0 XP340/I_01
2026-09-20T01:12:29: Sending SUBACK to esp32
2026-09-20T01:12:29: Received PUBLISH from esp32 (d0, q0, r0, m0, 'XP340/counter', ... (30 bytes))
2026-09-20T01:12:29: Sending PUBLISH to paho-client-01 (d0, q0, r0, m0, 'XP340/counter', ... (30 bytes))
2026-09-20T01:12:34: Received PUBLISH from esp32 (d0, q0, r0, m0, 'XP340/counter', ... (30 bytes))
2026-09-20T01:12:34: Sending PUBLISH to paho-client-01 (d0, q0, r0, m0, 'XP340/counter', ... (30 bytes))
2026-09-20T01:12:35: Received PUBLISH from paho-client-01 (d0, q0, r0, m0, 'XP340/I_00', ... (3 bytes))
2026-09-20T01:12:35: Sending PUBLISH to esp32 (d0, q0, r0, m0, 'XP340/I_00', ... (3 bytes))
2026-09-20T01:12:39: Received PUBLISH from esp32 (d0, q0, r0, m0, 'XP340/counter', ... (30 bytes))
2026-09-20T01:12:39: Sending PUBLISH to paho-client-01 (d0, q0, r0, m0, 'XP340/counter', ... (30 bytes))
2026-09-20T01:12:41: Received PUBLISH from paho-client-01 (d0, q0, r0, m0, 'XP340/I_00', ... (3 bytes))
2026-09-20T01:12:41: Sending PUBLISH to esp32 (d0, q0, r0, m0, 'XP340/I_00', ... (3 bytes))
2026-09-20T01:12:44: Received PUBLISH from esp32 (d0, q0, r0, m0, 'XP340/counter', ... (30 bytes))
2026-09-20T01:12:44: Sending PUBLISH to paho-client-01 (d0, q0, r0, m0, 'XP340/counter', ... (30 bytes))
2026-09-20T01:12:49: Received PUBLISH from esp32 (d0, q0, r0, m0, 'XP340/counter', ... (30 bytes))
2026-09-20T01:12:49: Sending PUBLISH to paho-client-01 (d0, q0, r0, m0, 'XP340/counter', ... (30 bytes))
2026-09-20T01:12:54: Received PUBLISH from esp32 (d0, q0, r0, m0, 'XP340/counter', ... (30 bytes))
2026-09-20T01:12:54: Sending PUBLISH to paho-client-01 (d0, q0, r0, m0, 'XP340/counter', ... (30 bytes))
2026-09-20T01:12:59: Received PUBLISH from esp32 (d0, q0, r0, m0, 'XP340/counter', ... (30 bytes))
2026-09-20T01:12:59: Sending PUBLISH to paho-client-01 (d0, q0, r0, m0, 'XP340/counter', ... (30 bytes))
2026-09-20T01:13:04: Received PUBLISH from esp32 (d0, q0, r0, m0, 'XP340/counter', ... (30 bytes))
2026-09-20T01:13:04: Sending PUBLISH to paho-client-01 (d0, q0, r0, m0, 'XP340/counter', ... (30 bytes))
2026-09-20T01:13:09: Received PUBLISH from esp32 (d0, q0, r0, m0, 'XP340/counter', ... (30 bytes))
2026-09-20T01:13:09: Sending PUBLISH to paho-client-01 (d0, q0, r0, m0, 'XP340/counter', ... (30 bytes))
2026-09-20T01:13:14: Received PUBLISH from esp32 (d0, q0, r0, m0, 'XP340/counter', ... (30 bytes))
2026-09-20T01:13:14: Sending PUBLISH to paho-client-01 (d0, q0, r0, m0, 'XP340/counter', ... (30 bytes))
2026-09-20T01:13:19: Received PUBLISH from esp32 (d0, q0, r0, m0, 'XP340/counter', ... (31 bytes))
2026-09-20T01:13:19: Sending PUBLISH to paho-client-01 (d0, q0, r0, m0, 'XP340/counter', ... (31 bytes))
2026-09-20T01:13:24: Received PUBLISH from esp32 (d0, q0, r0, m0, 'XP340/counter', ... (31 bytes))
2026-09-20T01:13:24: Sending PUBLISH to paho-client-01 (d0, q0, r0, m0, 'XP340/counter', ... (31 bytes))
2026-09-20T01:13:29: Received PUBLISH from esp32 (d0, q0, r0, m0, 'XP340/counter', ... (31 bytes))
2026-09-20T01:13:29: Sending PUBLISH to paho-client-01 (d0, q0, r0, m0, 'XP340/counter', ... (31 bytes))
2026-09-20T01:13:29: Received PINGREQ from paho-client-01
2026-09-20T01:13:29: Sending PINGRESP to paho-client-01
2026-09-20T01:13:34: Received PUBLISH from esp32 (d0, q0, r0, m0, 'XP340/counter', ... (31 bytes))
2026-09-20T01:13:34: Sending PUBLISH to paho-client-01 (d0, q0, r0, m0, 'XP340/counter', ... (31 bytes))
2026-09-20T01:13:39: Received PUBLISH from esp32 (d0, q0, r0, m0, 'XP340/counter', ... (31 bytes))
2026-09-20T01:13:39: Sending PUBLISH to paho-client-01 (d0, q0, r0, m0, 'XP340/counter', ... (31 bytes))
2026-09-20T01:13:44: Received PUBLISH from esp32 (d0, q0, r0, m0, 'XP340/counter', ... (31 bytes))
2026-09-20T01:13:44: Sending PUBLISH to paho-client-01 (d0, q0, r0, m0, 'XP340/counter', ... (31 bytes))
2026-09-20T01:13:49: Received PUBLISH from esp32 (d0, q0, r0, m0, 'XP340/counter', ... (31 bytes))
2026-09-20T01:13:49: Sending PUBLISH to paho-client-01 (d0, q0, r0, m0, 'XP340/counter', ... (31 bytes))
2026-09-20T01:13:54: Received PUBLISH from esp32 (d0, q0, r0, m0, 'XP340/counter', ... (31 bytes))
2026-09-20T01:13:54: Sending PUBLISH to paho-client-01 (d0, q0, r0, m0, 'XP340/counter', ... (31 bytes))
2026-09-20T01:14:05: OpenSSL Error while trying to get the error[0]: error:0A000126:SSL routines::unexpected eof while reading
2026-09-20T01:14:05: Client esp32 [10.0.0.223:62310] disconnected: connection closed by client.
2026-09-20T01:14:07: New connection from 10.0.0.223:62311 on port 8883.
2026-09-20T01:14:08: New client connected from 10.0.0.223:62311 as esp32 (p4, c1, k60, u'ESP32-Sensor-01').
2026-09-20T01:14:08: No will message specified.
2026-09-20T01:14:08: Client esp32 negotiated TLSv1.2 cipher ECDHE-RSA-AES256-GCM-SHA384
2026-09-20T01:14:08: Sending CONNACK to esp32 (0, 0)
2026-09-20T01:14:09: Received SUBSCRIBE from esp32
2026-09-20T01:14:09: 	XP340/I_00 (QoS 0)
2026-09-20T01:14:09: esp32 0 XP340/I_00
2026-09-20T01:14:09: Sending SUBACK to esp32
2026-09-20T01:14:09: Received SUBSCRIBE from esp32
2026-09-20T01:14:09: 	XP340/I_01 (QoS 0)
2026-09-20T01:14:09: esp32 0 XP340/I_01
2026-09-20T01:14:09: Sending SUBACK to esp32
2026-09-20T01:14:30: Received PINGREQ from paho-client-01
2026-09-20T01:14:30: Sending PINGRESP to paho-client-01
2026-09-20T01:14:57: OpenSSL Error while trying to get the error[0]: error:0A000126:SSL routines::unexpected eof while reading
2026-09-20T01:14:57: Client esp32 [10.0.0.223:62311] disconnected: connection closed by client.
2026-09-20T01:14:59: New connection from 10.0.0.223:62312 on port 8883.
2026-09-20T01:15:01: New client connected from 10.0.0.223:62312 as esp32 (p4, c1, k60, u'ESP32-Sensor-01').
2026-09-20T01:15:01: No will message specified.
2026-09-20T01:15:01: Client esp32 negotiated TLSv1.2 cipher ECDHE-RSA-AES256-GCM-SHA384
2026-09-20T01:15:01: Sending CONNACK to esp32 (0, 0)
2026-09-20T01:15:01: Received SUBSCRIBE from esp32
2026-09-20T01:15:01: 	XP340/I_00 (QoS 0)
2026-09-20T01:15:01: esp32 0 XP340/I_00
2026-09-20T01:15:01: Sending SUBACK to esp32
2026-09-20T01:15:01: Received SUBSCRIBE from esp32
2026-09-20T01:15:01: 	XP340/I_01 (QoS 0)
2026-09-20T01:15:01: esp32 0 XP340/I_01
2026-09-20T01:15:01: Sending SUBACK to esp32
2026-09-20T01:15:01: Received PUBLISH from esp32 (d0, q0, r0, m0, 'XP340/counter', ... (30 bytes))
2026-09-20T01:15:01: Sending PUBLISH to paho-client-01 (d0, q0, r0, m0, 'XP340/counter', ... (30 bytes))
2026-09-20T01:15:02: Received PUBLISH from paho-client-01 (d0, q0, r0, m0, 'XP340/I_00', ... (3 bytes))
2026-09-20T01:15:02: Sending PUBLISH to esp32 (d0, q0, r0, m0, 'XP340/I_00', ... (3 bytes))
2026-09-20T01:15:06: Received PUBLISH from esp32 (d0, q0, r0, m0, 'XP340/counter', ... (30 bytes))
2026-09-20T01:15:06: Sending PUBLISH to paho-client-01 (d0, q0, r0, m0, 'XP340/counter', ... (30 bytes))
2026-09-20T01:15:11: Received PUBLISH from esp32 (d0, q0, r0, m0, 'XP340/counter', ... (30 bytes))
2026-09-20T01:15:11: Sending PUBLISH to paho-client-01 (d0, q0, r0, m0, 'XP340/counter', ... (30 bytes))
2026-09-20T01:15:16: Received PUBLISH from esp32 (d0, q0, r0, m0, 'XP340/counter', ... (30 bytes))
2026-09-20T01:15:16: Sending PUBLISH to paho-client-01 (d0, q0, r0, m0, 'XP340/counter', ... (30 bytes))
2026-09-20T01:15:21: Received PUBLISH from esp32 (d0, q0, r0, m0, 'XP340/counter', ... (30 bytes))
2026-09-20T01:15:21: Sending PUBLISH to paho-client-01 (d0, q0, r0, m0, 'XP340/counter', ... (30 bytes))
2026-09-20T01:15:26: Received PUBLISH from esp32 (d0, q0, r0, m0, 'XP340/counter', ... (30 bytes))
2026-09-20T01:15:26: Sending PUBLISH to paho-client-01 (d0, q0, r0, m0, 'XP340/counter', ... (30 bytes))
2026-09-20T01:15:30: Received PINGREQ from paho-client-01
2026-09-20T01:15:30: Sending PINGRESP to paho-client-01
2026-09-20T01:15:41: Received PUBLISH from esp32 (d0, q0, r0, m0, 'XP340/counter', ... (30 bytes))
2026-09-20T01:15:41: Sending PUBLISH to paho-client-01 (d0, q0, r0, m0, 'XP340/counter', ... (30 bytes))
2026-09-20T01:15:41: Received PUBLISH from esp32 (d0, q0, r0, m0, 'XP340/counter', ... (30 bytes))
2026-09-20T01:15:41: Sending PUBLISH to paho-client-01 (d0, q0, r0, m0, 'XP340/counter', ... (30 bytes))
2026-09-20T01:15:41: Received PUBLISH from esp32 (d0, q0, r0, m0, 'XP340/counter', ... (30 bytes))
2026-09-20T01:15:41: Sending PUBLISH to paho-client-01 (d0, q0, r0, m0, 'XP340/counter', ... (30 bytes))
2026-09-20T01:15:46: Received PUBLISH from esp32 (d0, q0, r0, m0, 'XP340/counter', ... (30 bytes))
2026-09-20T01:15:46: Sending PUBLISH to paho-client-01 (d0, q0, r0, m0, 'XP340/counter', ... (30 bytes))
2026-09-20T01:15:52: Received PUBLISH from esp32 (d0, q0, r0, m0, 'XP340/counter', ... (31 bytes))
2026-09-20T01:15:52: Sending PUBLISH to paho-client-01 (d0, q0, r0, m0, 'XP340/counter', ... (31 bytes))
2026-09-20T01:15:56: Received PUBLISH from esp32 (d0, q0, r0, m0, 'XP340/counter', ... (31 bytes))
2026-09-20T01:15:56: Sending PUBLISH to paho-client-01 (d0, q0, r0, m0, 'XP340/counter', ... (31 bytes))
2026-09-20T01:16:05: OpenSSL Error while trying to get the error[0]: error:0A000126:SSL routines::unexpected eof while reading
2026-09-20T01:16:05: Client esp32 [10.0.0.223:62312] disconnected: connection closed by client.
2026-09-20T01:16:06: New connection from 10.0.0.223:62313 on port 8883.
2026-09-20T01:16:08: New client connected from 10.0.0.223:62313 as esp32 (p4, c1, k60, u'ESP32-Sensor-01').
2026-09-20T01:16:08: No will message specified.
2026-09-20T01:16:08: Client esp32 negotiated TLSv1.2 cipher ECDHE-RSA-AES256-GCM-SHA384
2026-09-20T01:16:08: Sending CONNACK to esp32 (0, 0)
2026-09-20T01:16:08: Received SUBSCRIBE from esp32
2026-09-20T01:16:08: 	XP340/I_00 (QoS 0)
2026-09-20T01:16:08: esp32 0 XP340/I_00
2026-09-20T01:16:08: Sending SUBACK to esp32
2026-09-20T01:16:09: Received SUBSCRIBE from esp32
2026-09-20T01:16:09: 	XP340/I_01 (QoS 0)
2026-09-20T01:16:09: esp32 0 XP340/I_01
2026-09-20T01:16:09: Sending SUBACK to esp32
2026-09-20T01:16:09: Received PUBLISH from esp32 (d0, q0, r0, m0, 'XP340/counter', ... (30 bytes))
2026-09-20T01:16:09: Sending PUBLISH to paho-client-01 (d0, q0, r0, m0, 'XP340/counter', ... (30 bytes))
2026-09-20T01:16:14: Received PUBLISH from esp32 (d0, q0, r0, m0, 'XP340/counter', ... (30 bytes))
2026-09-20T01:16:14: Sending PUBLISH to paho-client-01 (d0, q0, r0, m0, 'XP340/counter', ... (30 bytes))
2026-09-20T01:16:15: Received PUBLISH from paho-client-01 (d0, q0, r0, m0, 'XP340/I_00', ... (3 bytes))
2026-09-20T01:16:15: Sending PUBLISH to esp32 (d0, q0, r0, m0, 'XP340/I_00', ... (3 bytes))
2026-09-20T01:16:19: Received PUBLISH from esp32 (d0, q0, r0, m0, 'XP340/counter', ... (30 bytes))
2026-09-20T01:16:19: Sending PUBLISH to paho-client-01 (d0, q0, r0, m0, 'XP340/counter', ... (30 bytes))
2026-09-20T01:16:24: Received PUBLISH from esp32 (d0, q0, r0, m0, 'XP340/counter', ... (30 bytes))
2026-09-20T01:16:24: Sending PUBLISH to paho-client-01 (d0, q0, r0, m0, 'XP340/counter', ... (30 bytes))
2026-09-20T01:16:29: Received PUBLISH from esp32 (d0, q0, r0, m0, 'XP340/counter', ... (30 bytes))
2026-09-20T01:16:29: Sending PUBLISH to paho-client-01 (d0, q0, r0, m0, 'XP340/counter', ... (30 bytes))
2026-09-20T01:16:31: Received PINGREQ from paho-client-01
2026-09-20T01:16:31: Sending PINGRESP to paho-client-01
2026-09-20T01:16:34: Received PUBLISH from esp32 (d0, q0, r0, m0, 'XP340/counter', ... (30 bytes))
2026-09-20T01:16:34: Sending PUBLISH to paho-client-01 (d0, q0, r0, m0, 'XP340/counter', ... (30 bytes))
2026-09-20T01:16:39: Received PUBLISH from esp32 (d0, q0, r0, m0, 'XP340/counter', ... (30 bytes))
2026-09-20T01:16:39: Sending PUBLISH to paho-client-01 (d0, q0, r0, m0, 'XP340/counter', ... (30 bytes))
2026-09-20T01:16:44: Received PUBLISH from esp32 (d0, q0, r0, m0, 'XP340/counter', ... (30 bytes))
2026-09-20T01:16:44: Sending PUBLISH to paho-client-01 (d0, q0, r0, m0, 'XP340/counter', ... (30 bytes))
2026-09-20T01:16:49: Received PUBLISH from esp32 (d0, q0, r0, m0, 'XP340/counter', ... (30 bytes))
2026-09-20T01:16:49: Sending PUBLISH to paho-client-01 (d0, q0, r0, m0, 'XP340/counter', ... (30 bytes))
2026-09-20T01:16:54: Received PUBLISH from esp32 (d0, q0, r0, m0, 'XP340/counter', ... (30 bytes))
2026-09-20T01:16:54: Sending PUBLISH to paho-client-01 (d0, q0, r0, m0, 'XP340/counter', ... (30 bytes))
2026-09-20T01:16:59: Received PUBLISH from esp32 (d0, q0, r0, m0, 'XP340/counter', ... (31 bytes))
2026-09-20T01:16:59: Sending PUBLISH to paho-client-01 (d0, q0, r0, m0, 'XP340/counter', ... (31 bytes))
2026-09-20T01:17:04: Received PUBLISH from esp32 (d0, q0, r0, m0, 'XP340/counter', ... (31 bytes))
2026-09-20T01:17:04: Sending PUBLISH to paho-client-01 (d0, q0, r0, m0, 'XP340/counter', ... (31 bytes))
2026-09-20T01:17:09: Received PUBLISH from esp32 (d0, q0, r0, m0, 'XP340/counter', ... (31 bytes))
2026-09-20T01:17:09: Sending PUBLISH to paho-client-01 (d0, q0, r0, m0, 'XP340/counter', ... (31 bytes))
2026-09-20T01:17:17: OpenSSL Error while trying to get the error[0]: error:0A000126:SSL routines::unexpected eof while reading
2026-09-20T01:17:17: Client esp32 [10.0.0.223:62313] disconnected: connection closed by client.
2026-09-20T01:17:18: New connection from 10.0.0.223:62314 on port 8883.
2026-09-20T01:17:20: Received PUBLISH from paho-client-01 (d0, q0, r0, m0, 'XP340/I_00', ... (3 bytes))
2026-09-20T01:17:20: New client connected from 10.0.0.223:62314 as esp32 (p4, c1, k60, u'ESP32-Sensor-01').
2026-09-20T01:17:20: No will message specified.
2026-09-20T01:17:20: Client esp32 negotiated TLSv1.2 cipher ECDHE-RSA-AES256-GCM-SHA384
2026-09-20T01:17:20: Sending CONNACK to esp32 (0, 0)
2026-09-20T01:17:21: Received SUBSCRIBE from esp32
2026-09-20T01:17:21: 	XP340/I_00 (QoS 0)
2026-09-20T01:17:21: esp32 0 XP340/I_00
2026-09-20T01:17:21: Sending SUBACK to esp32
2026-09-20T01:17:21: Received SUBSCRIBE from esp32
2026-09-20T01:17:21: 	XP340/I_01 (QoS 0)
2026-09-20T01:17:21: esp32 0 XP340/I_01
2026-09-20T01:17:21: Sending SUBACK to esp32
2026-09-20T01:17:21: Received PUBLISH from esp32 (d0, q0, r0, m0, 'XP340/counter', ... (30 bytes))
2026-09-20T01:17:21: Sending PUBLISH to paho-client-01 (d0, q0, r0, m0, 'XP340/counter', ... (30 bytes))
2026-09-20T01:17:26: Received PUBLISH from esp32 (d0, q0, r0, m0, 'XP340/counter', ... (30 bytes))
2026-09-20T01:17:26: Sending PUBLISH to paho-client-01 (d0, q0, r0, m0, 'XP340/counter', ... (30 bytes))
2026-09-20T01:17:27: Received PUBLISH from paho-client-01 (d0, q0, r0, m0, 'XP340/I_00', ... (3 bytes))
2026-09-20T01:17:27: Sending PUBLISH to esp32 (d0, q0, r0, m0, 'XP340/I_00', ... (3 bytes))
2026-09-20T01:17:31: Received PUBLISH from esp32 (d0, q0, r0, m0, 'XP340/counter', ... (30 bytes))
2026-09-20T01:17:31: Sending PUBLISH to paho-client-01 (d0, q0, r0, m0, 'XP340/counter', ... (30 bytes))
2026-09-20T01:17:31: Received PINGREQ from paho-client-01
2026-09-20T01:17:31: Sending PINGRESP to paho-client-01
2026-09-20T01:17:36: Received PUBLISH from esp32 (d0, q0, r0, m0, 'XP340/counter', ... (30 bytes))
2026-09-20T01:17:36: Sending PUBLISH to paho-client-01 (d0, q0, r0, m0, 'XP340/counter', ... (30 bytes))
2026-09-20T01:17:41: Received PUBLISH from esp32 (d0, q0, r0, m0, 'XP340/counter', ... (30 bytes))
2026-09-20T01:17:41: Sending PUBLISH to paho-client-01 (d0, q0, r0, m0, 'XP340/counter', ... (30 bytes))
2026-09-20T01:17:46: Received PUBLISH from esp32 (d0, q0, r0, m0, 'XP340/counter', ... (30 bytes))
2026-09-20T01:17:46: Sending PUBLISH to paho-client-01 (d0, q0, r0, m0, 'XP340/counter', ... (30 bytes))
2026-09-20T01:17:57: Received PUBLISH from paho-client-01 (d0, q0, r0, m0, 'XP340/I_00', ... (3 bytes))
2026-09-20T01:17:57: Sending PUBLISH to esp32 (d0, q0, r0, m0, 'XP340/I_00', ... (3 bytes))
2026-09-20T01:17:59: Client esp32 [10.0.0.223:62314] disconnected: connection closed by client.
2026-09-20T01:18:00: New connection from 10.0.0.223:62315 on port 8883.
2026-09-20T01:18:01: New client connected from 10.0.0.223:62315 as esp32 (p4, c1, k60, u'ESP32-Sensor-01').
2026-09-20T01:18:01: No will message specified.
2026-09-20T01:18:01: Client esp32 negotiated TLSv1.2 cipher ECDHE-RSA-AES256-GCM-SHA384
2026-09-20T01:18:01: Sending CONNACK to esp32 (0, 0)
2026-09-20T01:18:01: Received SUBSCRIBE from esp32
2026-09-20T01:18:01: 	XP340/I_00 (QoS 0)
2026-09-20T01:18:01: esp32 0 XP340/I_00
2026-09-20T01:18:01: Sending SUBACK to esp32
2026-09-20T01:18:01: Received SUBSCRIBE from esp32
2026-09-20T01:18:01: 	XP340/I_01 (QoS 0)
2026-09-20T01:18:01: esp32 0 XP340/I_01
2026-09-20T01:18:01: Sending SUBACK to esp32
2026-09-20T01:18:02: Received PUBLISH from esp32 (d0, q0, r0, m0, 'XP340/counter', ... (30 bytes))
2026-09-20T01:18:02: Sending PUBLISH to paho-client-01 (d0, q0, r0, m0, 'XP340/counter', ... (30 bytes))
2026-09-20T01:18:07: Received PUBLISH from esp32 (d0, q0, r0, m0, 'XP340/counter', ... (30 bytes))
2026-09-20T01:18:07: Sending PUBLISH to paho-client-01 (d0, q0, r0, m0, 'XP340/counter', ... (30 bytes))
2026-09-20T01:18:11: Received PUBLISH from paho-client-01 (d0, q0, r0, m0, 'XP340/I_00', ... (3 bytes))
2026-09-20T01:18:11: Sending PUBLISH to esp32 (d0, q0, r0, m0, 'XP340/I_00', ... (3 bytes))
2026-09-20T01:18:11: Received PUBLISH from esp32 (d0, q0, r0, m0, 'XP340/counter', ... (30 bytes))
2026-09-20T01:18:11: Sending PUBLISH to paho-client-01 (d0, q0, r0, m0, 'XP340/counter', ... (30 bytes))
2026-09-20T01:18:17: Received PUBLISH from esp32 (d0, q0, r0, m0, 'XP340/counter', ... (30 bytes))
2026-09-20T01:18:17: Sending PUBLISH to paho-client-01 (d0, q0, r0, m0, 'XP340/counter', ... (30 bytes))
2026-09-20T01:18:22: Received PUBLISH from esp32 (d0, q0, r0, m0, 'XP340/counter', ... (30 bytes))
2026-09-20T01:18:22: Sending PUBLISH to paho-client-01 (d0, q0, r0, m0, 'XP340/counter', ... (30 bytes))
2026-09-20T01:18:27: Received PUBLISH from esp32 (d0, q0, r0, m0, 'XP340/counter', ... (30 bytes))
2026-09-20T01:18:27: Sending PUBLISH to paho-client-01 (d0, q0, r0, m0, 'XP340/counter', ... (30 bytes))
2026-09-20T01:18:32: Received PUBLISH from esp32 (d0, q0, r0, m0, 'XP340/counter', ... (30 bytes))
2026-09-20T01:18:32: Sending PUBLISH to paho-client-01 (d0, q0, r0, m0, 'XP340/counter', ... (30 bytes))
2026-09-20T01:18:32: Received PINGREQ from paho-client-01
2026-09-20T01:18:32: Sending PINGRESP to paho-client-01
2026-09-20T01:18:37: Received PUBLISH from esp32 (d0, q0, r0, m0, 'XP340/counter', ... (30 bytes))
2026-09-20T01:18:37: Sending PUBLISH to paho-client-01 (d0, q0, r0, m0, 'XP340/counter', ... (30 bytes))
2026-09-20T01:18:40: Received PUBLISH from paho-client-01 (d0, q0, r0, m0, 'XP340/I_00', ... (3 bytes))
2026-09-20T01:18:40: Sending PUBLISH to esp32 (d0, q0, r0, m0, 'XP340/I_00', ... (3 bytes))
2026-09-20T01:18:42: Received PUBLISH from esp32 (d0, q0, r0, m0, 'XP340/counter', ... (30 bytes))
2026-09-20T01:18:42: Sending PUBLISH to paho-client-01 (d0, q0, r0, m0, 'XP340/counter', ... (30 bytes))
2026-09-20T01:18:47: Received PUBLISH from esp32 (d0, q0, r0, m0, 'XP340/counter', ... (30 bytes))
2026-09-20T01:18:47: Sending PUBLISH to paho-client-01 (d0, q0, r0, m0, 'XP340/counter', ... (30 bytes))
2026-09-20T01:18:52: Received PUBLISH from esp32 (d0, q0, r0, m0, 'XP340/counter', ... (31 bytes))
2026-09-20T01:18:52: Sending PUBLISH to paho-client-01 (d0, q0, r0, m0, 'XP340/counter', ... (31 bytes))
2026-09-20T01:18:57: Received PUBLISH from esp32 (d0, q0, r0, m0, 'XP340/counter', ... (31 bytes))
2026-09-20T01:18:57: Sending PUBLISH to paho-client-01 (d0, q0, r0, m0, 'XP340/counter', ... (31 bytes))
2026-09-20T01:19:02: Received PUBLISH from esp32 (d0, q0, r0, m0, 'XP340/counter', ... (31 bytes))
2026-09-20T01:19:02: Sending PUBLISH to paho-client-01 (d0, q0, r0, m0, 'XP340/counter', ... (31 bytes))
2026-09-20T01:19:07: Received PUBLISH from esp32 (d0, q0, r0, m0, 'XP340/counter', ... (31 bytes))
2026-09-20T01:19:07: Sending PUBLISH to paho-client-01 (d0, q0, r0, m0, 'XP340/counter', ... (31 bytes))
2026-09-20T01:19:12: Received PUBLISH from esp32 (d0, q0, r0, m0, 'XP340/counter', ... (31 bytes))
2026-09-20T01:19:12: Sending PUBLISH to paho-client-01 (d0, q0, r0, m0, 'XP340/counter', ... (31 bytes))
2026-09-20T01:19:20: OpenSSL Error while trying to get the error[0]: error:0A000126:SSL routines::unexpected eof while reading
2026-09-20T01:19:20: Client esp32 [10.0.0.223:62315] disconnected: connection closed by client.
2026-09-20T01:19:22: New connection from 10.0.0.223:62316 on port 8883.
2026-09-20T01:19:24: New client connected from 10.0.0.223:62316 as esp32 (p4, c1, k60, u'ESP32-Sensor-01').
2026-09-20T01:19:24: No will message specified.
2026-09-20T01:19:24: Client esp32 negotiated TLSv1.2 cipher ECDHE-RSA-AES256-GCM-SHA384
2026-09-20T01:19:24: Sending CONNACK to esp32 (0, 0)
2026-09-20T01:19:24: Received SUBSCRIBE from esp32
2026-09-20T01:19:24: 	XP340/I_00 (QoS 0)
2026-09-20T01:19:24: esp32 0 XP340/I_00
2026-09-20T01:19:24: Sending SUBACK to esp32
2026-09-20T01:19:25: Received SUBSCRIBE from esp32
2026-09-20T01:19:25: 	XP340/I_01 (QoS 0)
2026-09-20T01:19:25: esp32 0 XP340/I_01
2026-09-20T01:19:25: Sending SUBACK to esp32
2026-09-20T01:19:25: Received PUBLISH from esp32 (d0, q0, r0, m0, 'XP340/counter', ... (30 bytes))
2026-09-20T01:19:25: Sending PUBLISH to paho-client-01 (d0, q0, r0, m0, 'XP340/counter', ... (30 bytes))
2026-09-20T01:19:27: Received PUBLISH from paho-client-01 (d0, q0, r0, m0, 'XP340/I_00', ... (3 bytes))
2026-09-20T01:19:27: Sending PUBLISH to esp32 (d0, q0, r0, m0, 'XP340/I_00', ... (3 bytes))
2026-09-20T01:19:30: Received PUBLISH from esp32 (d0, q0, r0, m0, 'XP340/counter', ... (30 bytes))
2026-09-20T01:19:30: Sending PUBLISH to paho-client-01 (d0, q0, r0, m0, 'XP340/counter', ... (30 bytes))
2026-09-20T01:19:32: Received PINGREQ from paho-client-01
2026-09-20T01:19:32: Sending PINGRESP to paho-client-01
2026-09-20T01:19:35: Received PUBLISH from esp32 (d0, q0, r0, m0, 'XP340/counter', ... (30 bytes))
2026-09-20T01:19:35: Sending PUBLISH to paho-client-01 (d0, q0, r0, m0, 'XP340/counter', ... (30 bytes))
2026-09-20T01:19:40: Received PUBLISH from esp32 (d0, q0, r0, m0, 'XP340/counter', ... (30 bytes))
2026-09-20T01:19:40: Sending PUBLISH to paho-client-01 (d0, q0, r0, m0, 'XP340/counter', ... (30 bytes))
2026-09-20T01:19:41: Received PUBLISH from paho-client-01 (d0, q0, r0, m0, 'XP340/I_00', ... (3 bytes))
2026-09-20T01:19:41: Sending PUBLISH to esp32 (d0, q0, r0, m0, 'XP340/I_00', ... (3 bytes))
2026-09-20T01:19:45: Received PUBLISH from esp32 (d0, q0, r0, m0, 'XP340/counter', ... (30 bytes))
2026-09-20T01:19:45: Sending PUBLISH to paho-client-01 (d0, q0, r0, m0, 'XP340/counter', ... (30 bytes))
2026-09-20T01:19:46: Received PUBLISH from paho-client-01 (d0, q0, r0, m0, 'XP340/I_00', ... (3 bytes))
2026-09-20T01:19:46: Sending PUBLISH to esp32 (d0, q0, r0, m0, 'XP340/I_00', ... (3 bytes))
2026-09-20T01:19:50: Received PUBLISH from esp32 (d0, q0, r0, m0, 'XP340/counter', ... (30 bytes))
2026-09-20T01:19:50: Sending PUBLISH to paho-client-01 (d0, q0, r0, m0, 'XP340/counter', ... (30 bytes))
2026-09-20T01:19:55: Received PUBLISH from esp32 (d0, q0, r0, m0, 'XP340/counter', ... (30 bytes))
2026-09-20T01:19:55: Sending PUBLISH to paho-client-01 (d0, q0, r0, m0, 'XP340/counter', ... (30 bytes))
2026-09-20T01:19:56: Received PUBLISH from paho-client-01 (d0, q0, r0, m0, 'XP340/I_01', ... (3 bytes))
2026-09-20T01:19:56: Sending PUBLISH to esp32 (d0, q0, r0, m0, 'XP340/I_01', ... (3 bytes))
2026-09-20T01:20:00: Received PUBLISH from esp32 (d0, q0, r0, m0, 'XP340/counter', ... (30 bytes))
2026-09-20T01:20:00: Sending PUBLISH to paho-client-01 (d0, q0, r0, m0, 'XP340/counter', ... (30 bytes))
2026-09-20T01:20:01: Received PUBLISH from paho-client-01 (d0, q0, r0, m0, 'XP340/I_01', ... (3 bytes))
2026-09-20T01:20:01: Sending PUBLISH to esp32 (d0, q0, r0, m0, 'XP340/I_01', ... (3 bytes))
2026-09-20T01:20:03: Received PUBLISH from paho-client-01 (d0, q0, r0, m0, 'XP340/I_00', ... (3 bytes))
2026-09-20T01:20:03: Sending PUBLISH to esp32 (d0, q0, r0, m0, 'XP340/I_00', ... (3 bytes))
2026-09-20T01:20:05: Received PUBLISH from esp32 (d0, q0, r0, m0, 'XP340/counter', ... (30 bytes))
2026-09-20T01:20:05: Sending PUBLISH to paho-client-01 (d0, q0, r0, m0, 'XP340/counter', ... (30 bytes))
2026-09-20T01:20:10: Received PUBLISH from esp32 (d0, q0, r0, m0, 'XP340/counter', ... (30 bytes))
2026-09-20T01:20:10: Sending PUBLISH to paho-client-01 (d0, q0, r0, m0, 'XP340/counter', ... (30 bytes))
2026-09-20T01:20:15: Received PUBLISH from esp32 (d0, q0, r0, m0, 'XP340/counter', ... (31 bytes))
2026-09-20T01:20:15: Sending PUBLISH to paho-client-01 (d0, q0, r0, m0, 'XP340/counter', ... (31 bytes))
2026-09-20T01:20:20: Received PUBLISH from esp32 (d0, q0, r0, m0, 'XP340/counter', ... (31 bytes))
2026-09-20T01:20:20: Sending PUBLISH to paho-client-01 (d0, q0, r0, m0, 'XP340/counter', ... (31 bytes))
2026-09-20T01:20:25: Received PUBLISH from esp32 (d0, q0, r0, m0, 'XP340/counter', ... (31 bytes))
2026-09-20T01:20:25: Sending PUBLISH to paho-client-01 (d0, q0, r0, m0, 'XP340/counter', ... (31 bytes))
2026-09-20T01:20:30: Received PUBLISH from esp32 (d0, q0, r0, m0, 'XP340/counter', ... (31 bytes))
2026-09-20T01:20:30: Sending PUBLISH to paho-client-01 (d0, q0, r0, m0, 'XP340/counter', ... (31 bytes))
2026-09-20T01:20:32: Received PINGREQ from paho-client-01
2026-09-20T01:20:32: Sending PINGRESP to paho-client-01
2026-09-20T01:20:35: Received PUBLISH from esp32 (d0, q0, r0, m0, 'XP340/counter', ... (31 bytes))
2026-09-20T01:20:35: Sending PUBLISH to paho-client-01 (d0, q0, r0, m0, 'XP340/counter', ... (31 bytes))
2026-09-20T01:20:40: Received PUBLISH from esp32 (d0, q0, r0, m0, 'XP340/counter', ... (31 bytes))
2026-09-20T01:20:40: Sending PUBLISH to paho-client-01 (d0, q0, r0, m0, 'XP340/counter', ... (31 bytes))
2026-09-20T01:20:42: OpenSSL Error while trying to get the error[0]: error:0A000126:SSL routines::unexpected eof while reading
2026-09-20T01:20:42: Client paho-client-01 [10.0.0.90:38981] disconnected: connection closed by client.
2026-09-20T01:20:45: Received PUBLISH from esp32 (d0, q0, r0, m0, 'XP340/counter', ... (31 bytes))
2026-09-20T01:20:47: New connection from 10.0.0.90:58557 on port 8883.
2026-09-20T01:20:47: New client connected from 10.0.0.90:58557 as paho-client-01 (p4, c1, k60, u'Paho-Client').
2026-09-20T01:20:47: No will message specified.
2026-09-20T01:20:47: Client paho-client-01 negotiated TLSv1.3 cipher TLS_AES_256_GCM_SHA384
2026-09-20T01:20:47: Sending CONNACK to paho-client-01 (0, 0)
2026-09-20T01:20:47: Received SUBSCRIBE from paho-client-01
2026-09-20T01:20:47: 	XP340/counter (QoS 0)
2026-09-20T01:20:47: paho-client-01 0 XP340/counter
2026-09-20T01:20:47: 	XP340/Q_00 (QoS 0)
2026-09-20T01:20:47: paho-client-01 0 XP340/Q_00
2026-09-20T01:20:47: 	XP340/Q_01 (QoS 0)
2026-09-20T01:20:47: paho-client-01 0 XP340/Q_01
2026-09-20T01:20:47: Sending SUBACK to paho-client-01
2026-09-20T01:20:49: Received PUBLISH from paho-client-01 (d0, q0, r0, m0, 'XP340/I_00', ... (3 bytes))
2026-09-20T01:20:49: Sending PUBLISH to esp32 (d0, q0, r0, m0, 'XP340/I_00', ... (3 bytes))
2026-09-20T01:20:49: Received PUBLISH from paho-client-01 (d0, q0, r0, m0, 'XP340/I_00', ... (2 bytes))
2026-09-20T01:20:49: Sending PUBLISH to esp32 (d0, q0, r0, m0, 'XP340/I_00', ... (2 bytes))
2026-09-20T01:20:49: Received PUBLISH from paho-client-01 (d0, q0, r0, m0, 'XP340/I_00', ... (3 bytes))
2026-09-20T01:20:49: Sending PUBLISH to esp32 (d0, q0, r0, m0, 'XP340/I_00', ... (3 bytes))
2026-09-20T01:20:50: Received PUBLISH from esp32 (d0, q0, r0, m0, 'XP340/counter', ... (31 bytes))
2026-09-20T01:20:50: Sending PUBLISH to paho-client-01 (d0, q0, r0, m0, 'XP340/counter', ... (31 bytes))
2026-09-20T01:20:51: Received PUBLISH from paho-client-01 (d0, q0, r0, m0, 'XP340/I_00', ... (3 bytes))
2026-09-20T01:20:51: Sending PUBLISH to esp32 (d0, q0, r0, m0, 'XP340/I_00', ... (3 bytes))
2026-09-20T01:20:53: Received PUBLISH from paho-client-01 (d0, q0, r0, m0, 'XP340/I_00', ... (3 bytes))
2026-09-20T01:20:53: Sending PUBLISH to esp32 (d0, q0, r0, m0, 'XP340/I_00', ... (3 bytes))
2026-09-20T01:20:53: Received PUBLISH from paho-client-01 (d0, q0, r0, m0, 'XP340/I_01', ... (3 bytes))
2026-09-20T01:20:53: Sending PUBLISH to esp32 (d0, q0, r0, m0, 'XP340/I_01', ... (3 bytes))
2026-09-20T01:20:53: Received PUBLISH from paho-client-01 (d0, q0, r0, m0, 'XP340/I_00', ... (3 bytes))
2026-09-20T01:20:53: Sending PUBLISH to esp32 (d0, q0, r0, m0, 'XP340/I_00', ... (3 bytes))
2026-09-20T01:20:56: Received PUBLISH from esp32 (d0, q0, r0, m0, 'XP340/counter', ... (31 bytes))
2026-09-20T01:20:56: Sending PUBLISH to paho-client-01 (d0, q0, r0, m0, 'XP340/counter', ... (31 bytes))
2026-09-20T01:20:56: Received PUBLISH from paho-client-01 (d0, q0, r0, m0, 'XP340/I_00', ... (2 bytes))
2026-09-20T01:20:56: Sending PUBLISH to esp32 (d0, q0, r0, m0, 'XP340/I_00', ... (2 bytes))
2026-09-20T01:21:00: Received PUBLISH from esp32 (d0, q0, r0, m0, 'XP340/counter', ... (31 bytes))
2026-09-20T01:21:00: Sending PUBLISH to paho-client-01 (d0, q0, r0, m0, 'XP340/counter', ... (31 bytes))
2026-09-20T01:21:01: Received PUBLISH from paho-client-01 (d0, q0, r0, m0, 'XP340/I_00', ... (3 bytes))
2026-09-20T01:21:01: Sending PUBLISH to esp32 (d0, q0, r0, m0, 'XP340/I_00', ... (3 bytes))
2026-09-20T01:21:06: Received PUBLISH from esp32 (d0, q0, r0, m0, 'XP340/counter', ... (31 bytes))
2026-09-20T01:21:06: Sending PUBLISH to paho-client-01 (d0, q0, r0, m0, 'XP340/counter', ... (31 bytes))
2026-09-20T01:21:10: Received PUBLISH from esp32 (d0, q0, r0, m0, 'XP340/counter', ... (31 bytes))
2026-09-20T01:21:10: Sending PUBLISH to paho-client-01 (d0, q0, r0, m0, 'XP340/counter', ... (31 bytes))
2026-09-20T01:21:11: Received PUBLISH from paho-client-01 (d0, q0, r0, m0, 'XP340/I_00', ... (2 bytes))
2026-09-20T01:21:11: Sending PUBLISH to esp32 (d0, q0, r0, m0, 'XP340/I_00', ... (2 bytes))
2026-09-20T01:21:13: Received PUBLISH from paho-client-01 (d0, q0, r0, m0, 'XP340/I_00', ... (3 bytes))
2026-09-20T01:21:13: Sending PUBLISH to esp32 (d0, q0, r0, m0, 'XP340/I_00', ... (3 bytes))
2026-09-20T01:21:14: Received PUBLISH from paho-client-01 (d0, q0, r0, m0, 'XP340/I_00', ... (2 bytes))
2026-09-20T01:21:14: Sending PUBLISH to esp32 (d0, q0, r0, m0, 'XP340/I_00', ... (2 bytes))
2026-09-20T01:21:15: Received PUBLISH from esp32 (d0, q0, r0, m0, 'XP340/counter', ... (31 bytes))
2026-09-20T01:21:15: Sending PUBLISH to paho-client-01 (d0, q0, r0, m0, 'XP340/counter', ... (31 bytes))
2026-09-20T01:21:16: Received PUBLISH from paho-client-01 (d0, q0, r0, m0, 'XP340/I_00', ... (3 bytes))
2026-09-20T01:21:16: Sending PUBLISH to esp32 (d0, q0, r0, m0, 'XP340/I_00', ... (3 bytes))
2026-09-20T01:21:20: Received PUBLISH from esp32 (d0, q0, r0, m0, 'XP340/counter', ... (31 bytes))
2026-09-20T01:21:20: Sending PUBLISH to paho-client-01 (d0, q0, r0, m0, 'XP340/counter', ... (31 bytes))
2026-09-20T01:21:25: Received PUBLISH from esp32 (d0, q0, r0, m0, 'XP340/counter', ... (31 bytes))
2026-09-20T01:21:25: Sending PUBLISH to paho-client-01 (d0, q0, r0, m0, 'XP340/counter', ... (31 bytes))
2026-09-20T01:21:30: Received PUBLISH from esp32 (d0, q0, r0, m0, 'XP340/counter', ... (31 bytes))
2026-09-20T01:21:30: Sending PUBLISH to paho-client-01 (d0, q0, r0, m0, 'XP340/counter', ... (31 bytes))
2026-09-20T01:21:37: Received PUBLISH from esp32 (d0, q0, r0, m0, 'XP340/counter', ... (31 bytes))
2026-09-20T01:21:37: Sending PUBLISH to paho-client-01 (d0, q0, r0, m0, 'XP340/counter', ... (31 bytes))
2026-09-20T01:21:41: Received PUBLISH from esp32 (d0, q0, r0, m0, 'XP340/counter', ... (31 bytes))
2026-09-20T01:21:41: Sending PUBLISH to paho-client-01 (d0, q0, r0, m0, 'XP340/counter', ... (31 bytes))
2026-09-20T01:21:45: Received PUBLISH from esp32 (d0, q0, r0, m0, 'XP340/counter', ... (31 bytes))
2026-09-20T01:21:45: Sending PUBLISH to paho-client-01 (d0, q0, r0, m0, 'XP340/counter', ... (31 bytes))
2026-09-20T01:21:47: Received PINGREQ from paho-client-01
2026-09-20T01:21:47: Sending PINGRESP to paho-client-01
2026-09-20T01:21:54: OpenSSL Error while trying to get the error[0]: error:0A000126:SSL routines::unexpected eof while reading
2026-09-20T01:21:54: Client paho-client-01 [10.0.0.90:58557] disconnected: connection closed by client.
2026-09-20T01:21:54: Received PUBLISH from esp32 (d0, q0, r0, m0, 'XP340/counter', ... (31 bytes))
2026-09-20T01:21:56: Received PUBLISH from esp32 (d0, q0, r0, m0, 'XP340/counter', ... (31 bytes))
2026-09-20T01:22:01: Received PUBLISH from esp32 (d0, q0, r0, m0, 'XP340/counter', ... (31 bytes))
2026-09-20T01:22:02: New connection from 10.0.0.90:53465 on port 8883.
2026-09-20T01:22:02: New client connected from 10.0.0.90:53465 as paho-client-01 (p4, c1, k60, u'Paho-Client').
2026-09-20T01:22:02: No will message specified.
2026-09-20T01:22:02: Client paho-client-01 negotiated TLSv1.3 cipher TLS_AES_256_GCM_SHA384
2026-09-20T01:22:02: Sending CONNACK to paho-client-01 (0, 0)
2026-09-20T01:22:02: Received SUBSCRIBE from paho-client-01
2026-09-20T01:22:02: 	XP340/counter (QoS 0)
2026-09-20T01:22:02: paho-client-01 0 XP340/counter
2026-09-20T01:22:02: 	XP340/Q_00 (QoS 0)
2026-09-20T01:22:02: paho-client-01 0 XP340/Q_00
2026-09-20T01:22:02: 	XP340/Q_01 (QoS 0)
2026-09-20T01:22:02: paho-client-01 0 XP340/Q_01
2026-09-20T01:22:02: Sending SUBACK to paho-client-01
2026-09-20T01:22:04: Received PUBLISH from paho-client-01 (d0, q0, r0, m0, 'XP340/I_00', ... (3 bytes))
2026-09-20T01:22:04: Sending PUBLISH to esp32 (d0, q0, r0, m0, 'XP340/I_00', ... (3 bytes))
2026-09-20T01:22:07: Received PUBLISH from esp32 (d0, q0, r0, m0, 'XP340/counter', ... (31 bytes))
2026-09-20T01:22:07: Sending PUBLISH to paho-client-01 (d0, q0, r0, m0, 'XP340/counter', ... (31 bytes))
2026-09-20T01:22:07: Received PUBLISH from paho-client-01 (d0, q0, r0, m0, 'XP340/I_00', ... (3 bytes))
2026-09-20T01:22:07: Sending PUBLISH to esp32 (d0, q0, r0, m0, 'XP340/I_00', ... (3 bytes))
2026-09-20T01:22:07: Received PUBLISH from paho-client-01 (d0, q0, r0, m0, 'XP340/I_01', ... (3 bytes))
2026-09-20T01:22:07: Sending PUBLISH to esp32 (d0, q0, r0, m0, 'XP340/I_01', ... (3 bytes))
2026-09-20T01:22:11: Received PUBLISH from esp32 (d0, q0, r0, m0, 'XP340/counter', ... (31 bytes))
2026-09-20T01:22:11: Sending PUBLISH to paho-client-01 (d0, q0, r0, m0, 'XP340/counter', ... (31 bytes))
2026-09-20T01:22:16: Received PUBLISH from esp32 (d0, q0, r0, m0, 'XP340/counter', ... (31 bytes))
2026-09-20T01:22:16: Sending PUBLISH to paho-client-01 (d0, q0, r0, m0, 'XP340/counter', ... (31 bytes))
2026-09-20T01:22:25: Received PUBLISH from esp32 (d0, q0, r0, m0, 'XP340/counter', ... (31 bytes))
2026-09-20T01:22:25: Sending PUBLISH to paho-client-01 (d0, q0, r0, m0, 'XP340/counter', ... (31 bytes))
2026-09-20T01:22:26: Received PUBLISH from esp32 (d0, q0, r0, m0, 'XP340/counter', ... (31 bytes))
2026-09-20T01:22:26: Sending PUBLISH to paho-client-01 (d0, q0, r0, m0, 'XP340/counter', ... (31 bytes))
2026-09-20T01:22:31: Received PUBLISH from esp32 (d0, q0, r0, m0, 'XP340/counter', ... (31 bytes))
2026-09-20T01:22:31: Sending PUBLISH to paho-client-01 (d0, q0, r0, m0, 'XP340/counter', ... (31 bytes))
2026-09-20T01:22:38: Received PUBLISH from esp32 (d0, q0, r0, m0, 'XP340/counter', ... (31 bytes))
2026-09-20T01:22:38: Sending PUBLISH to paho-client-01 (d0, q0, r0, m0, 'XP340/counter', ... (31 bytes))
2026-09-20T01:22:42: Received PUBLISH from esp32 (d0, q0, r0, m0, 'XP340/counter', ... (31 bytes))
2026-09-20T01:22:42: Sending PUBLISH to paho-client-01 (d0, q0, r0, m0, 'XP340/counter', ... (31 bytes))
2026-09-20T01:22:46: Received PUBLISH from esp32 (d0, q0, r0, m0, 'XP340/counter', ... (31 bytes))
2026-09-20T01:22:46: Sending PUBLISH to paho-client-01 (d0, q0, r0, m0, 'XP340/counter', ... (31 bytes))
2026-09-20T01:22:51: Received PUBLISH from esp32 (d0, q0, r0, m0, 'XP340/counter', ... (31 bytes))
2026-09-20T01:22:51: Sending PUBLISH to paho-client-01 (d0, q0, r0, m0, 'XP340/counter', ... (31 bytes))
2026-09-20T01:22:56: Received PUBLISH from esp32 (d0, q0, r0, m0, 'XP340/counter', ... (31 bytes))
2026-09-20T01:22:56: Sending PUBLISH to paho-client-01 (d0, q0, r0, m0, 'XP340/counter', ... (31 bytes))
2026-09-20T01:23:01: Received PUBLISH from esp32 (d0, q0, r0, m0, 'XP340/counter', ... (31 bytes))
2026-09-20T01:23:01: Sending PUBLISH to paho-client-01 (d0, q0, r0, m0, 'XP340/counter', ... (31 bytes))
2026-09-20T01:23:03: Received PINGREQ from paho-client-01
2026-09-20T01:23:03: Sending PINGRESP to paho-client-01
2026-09-20T01:23:07: Received PUBLISH from esp32 (d0, q0, r0, m0, 'XP340/counter', ... (31 bytes))
2026-09-20T01:23:07: Sending PUBLISH to paho-client-01 (d0, q0, r0, m0, 'XP340/counter', ... (31 bytes))
2026-09-20T01:23:11: Received PUBLISH from esp32 (d0, q0, r0, m0, 'XP340/counter', ... (31 bytes))
2026-09-20T01:23:11: Sending PUBLISH to paho-client-01 (d0, q0, r0, m0, 'XP340/counter', ... (31 bytes))
2026-09-20T01:23:15: Received PUBLISH from esp32 (d0, q0, r0, m0, 'XP340/counter', ... (31 bytes))
2026-09-20T01:23:15: Sending PUBLISH to paho-client-01 (d0, q0, r0, m0, 'XP340/counter', ... (31 bytes))
2026-09-20T01:23:22: Received PUBLISH from esp32 (d0, q0, r0, m0, 'XP340/counter', ... (31 bytes))
2026-09-20T01:23:22: Sending PUBLISH to paho-client-01 (d0, q0, r0, m0, 'XP340/counter', ... (31 bytes))
2026-09-20T01:23:26: Received PUBLISH from esp32 (d0, q0, r0, m0, 'XP340/counter', ... (31 bytes))
2026-09-20T01:23:26: Sending PUBLISH to paho-client-01 (d0, q0, r0, m0, 'XP340/counter', ... (31 bytes))
2026-09-20T01:23:32: Received PUBLISH from esp32 (d0, q0, r0, m0, 'XP340/counter', ... (31 bytes))
2026-09-20T01:23:32: Sending PUBLISH to paho-client-01 (d0, q0, r0, m0, 'XP340/counter', ... (31 bytes))
2026-09-20T01:23:38: Received PUBLISH from esp32 (d0, q0, r0, m0, 'XP340/counter', ... (31 bytes))
2026-09-20T01:23:38: Sending PUBLISH to paho-client-01 (d0, q0, r0, m0, 'XP340/counter', ... (31 bytes))
2026-09-20T01:23:39: Received PUBLISH from paho-client-01 (d0, q0, r0, m0, 'XP340/I_00', ... (2 bytes))
2026-09-20T01:23:39: Sending PUBLISH to esp32 (d0, q0, r0, m0, 'XP340/I_00', ... (2 bytes))
2026-09-20T01:23:41: Received PUBLISH from esp32 (d0, q0, r0, m0, 'XP340/counter', ... (31 bytes))
2026-09-20T01:23:41: Sending PUBLISH to paho-client-01 (d0, q0, r0, m0, 'XP340/counter', ... (31 bytes))
2026-09-20T01:23:41: Received PUBLISH from paho-client-01 (d0, q0, r0, m0, 'XP340/I_00', ... (3 bytes))
2026-09-20T01:23:41: Sending PUBLISH to esp32 (d0, q0, r0, m0, 'XP340/I_00', ... (3 bytes))
2026-09-20T01:23:44: Received PUBLISH from paho-client-01 (d0, q0, r0, m0, 'XP340/I_00', ... (2 bytes))
2026-09-20T01:23:44: Sending PUBLISH to esp32 (d0, q0, r0, m0, 'XP340/I_00', ... (2 bytes))
2026-09-20T01:23:45: Received PUBLISH from paho-client-01 (d0, q0, r0, m0, 'XP340/I_00', ... (3 bytes))
2026-09-20T01:23:45: Sending PUBLISH to esp32 (d0, q0, r0, m0, 'XP340/I_00', ... (3 bytes))
2026-09-20T01:23:46: Received PUBLISH from esp32 (d0, q0, r0, m0, 'XP340/counter', ... (31 bytes))
2026-09-20T01:23:46: Sending PUBLISH to paho-client-01 (d0, q0, r0, m0, 'XP340/counter', ... (31 bytes))
2026-09-20T01:23:51: Received PUBLISH from paho-client-01 (d0, q0, r0, m0, 'XP340/I_01', ... (2 bytes))
2026-09-20T01:23:51: Sending PUBLISH to esp32 (d0, q0, r0, m0, 'XP340/I_01', ... (2 bytes))
2026-09-20T01:23:52: Received PUBLISH from esp32 (d0, q0, r0, m0, 'XP340/counter', ... (31 bytes))
2026-09-20T01:23:52: Sending PUBLISH to paho-client-01 (d0, q0, r0, m0, 'XP340/counter', ... (31 bytes))
2026-09-20T01:23:53: Received PUBLISH from paho-client-01 (d0, q0, r0, m0, 'XP340/I_01', ... (3 bytes))
2026-09-20T01:23:53: Sending PUBLISH to esp32 (d0, q0, r0, m0, 'XP340/I_01', ... (3 bytes))
2026-09-20T01:23:55: Received PUBLISH from esp32 (d0, q0, r0, m0, 'XP340/counter', ... (31 bytes))
2026-09-20T01:23:55: Sending PUBLISH to paho-client-01 (d0, q0, r0, m0, 'XP340/counter', ... (31 bytes))
2026-09-20T01:23:59: Received PUBLISH from paho-client-01 (d0, q0, r0, m0, 'XP340/I_00', ... (2 bytes))
2026-09-20T01:23:59: Sending PUBLISH to esp32 (d0, q0, r0, m0, 'XP340/I_00', ... (2 bytes))
2026-09-20T01:24:01: Received PUBLISH from esp32 (d0, q0, r0, m0, 'XP340/counter', ... (31 bytes))
2026-09-20T01:24:01: Sending PUBLISH to paho-client-01 (d0, q0, r0, m0, 'XP340/counter', ... (31 bytes))
2026-09-20T01:24:02: Received PUBLISH from paho-client-01 (d0, q0, r0, m0, 'XP340/I_00', ... (3 bytes))
2026-09-20T01:24:02: Sending PUBLISH to esp32 (d0, q0, r0, m0, 'XP340/I_00', ... (3 bytes))
2026-09-20T01:24:03: Received PINGREQ from paho-client-01
2026-09-20T01:24:03: Sending PINGRESP to paho-client-01
2026-09-20T01:24:03: Received PUBLISH from paho-client-01 (d0, q0, r0, m0, 'XP340/I_00', ... (2 bytes))
2026-09-20T01:24:03: Sending PUBLISH to esp32 (d0, q0, r0, m0, 'XP340/I_00', ... (2 bytes))
2026-09-20T01:24:06: Received PUBLISH from esp32 (d0, q0, r0, m0, 'XP340/counter', ... (31 bytes))
2026-09-20T01:24:06: Sending PUBLISH to paho-client-01 (d0, q0, r0, m0, 'XP340/counter', ... (31 bytes))
2026-09-20T01:24:11: Received PUBLISH from esp32 (d0, q0, r0, m0, 'XP340/counter', ... (31 bytes))
2026-09-20T01:24:11: Sending PUBLISH to paho-client-01 (d0, q0, r0, m0, 'XP340/counter', ... (31 bytes))
2026-09-20T01:24:16: Received PUBLISH from esp32 (d0, q0, r0, m0, 'XP340/counter', ... (31 bytes))
2026-09-20T01:24:16: Sending PUBLISH to paho-client-01 (d0, q0, r0, m0, 'XP340/counter', ... (31 bytes))
2026-09-20T01:24:21: Received PUBLISH from esp32 (d0, q0, r0, m0, 'XP340/counter', ... (31 bytes))
2026-09-20T01:24:21: Sending PUBLISH to paho-client-01 (d0, q0, r0, m0, 'XP340/counter', ... (31 bytes))
2026-09-20T01:24:27: Received PUBLISH from esp32 (d0, q0, r0, m0, 'XP340/counter', ... (31 bytes))
2026-09-20T01:24:27: Sending PUBLISH to paho-client-01 (d0, q0, r0, m0, 'XP340/counter', ... (31 bytes))
2026-09-20T01:24:31: Received PUBLISH from esp32 (d0, q0, r0, m0, 'XP340/counter', ... (31 bytes))
2026-09-20T01:24:31: Sending PUBLISH to paho-client-01 (d0, q0, r0, m0, 'XP340/counter', ... (31 bytes))
2026-09-20T01:24:36: Received PUBLISH from esp32 (d0, q0, r0, m0, 'XP340/counter', ... (31 bytes))
2026-09-20T01:24:36: Sending PUBLISH to paho-client-01 (d0, q0, r0, m0, 'XP340/counter', ... (31 bytes))
2026-09-20T01:24:41: Received PUBLISH from esp32 (d0, q0, r0, m0, 'XP340/counter', ... (31 bytes))
2026-09-20T01:24:41: Sending PUBLISH to paho-client-01 (d0, q0, r0, m0, 'XP340/counter', ... (31 bytes))
2026-09-20T01:24:46: Received PUBLISH from esp32 (d0, q0, r0, m0, 'XP340/counter', ... (31 bytes))
2026-09-20T01:24:46: Sending PUBLISH to paho-client-01 (d0, q0, r0, m0, 'XP340/counter', ... (31 bytes))
2026-09-20T01:24:51: Received PUBLISH from esp32 (d0, q0, r0, m0, 'XP340/counter', ... (31 bytes))
2026-09-20T01:24:51: Sending PUBLISH to paho-client-01 (d0, q0, r0, m0, 'XP340/counter', ... (31 bytes))
2026-09-20T01:24:56: Received PUBLISH from esp32 (d0, q0, r0, m0, 'XP340/counter', ... (31 bytes))
2026-09-20T01:24:56: Sending PUBLISH to paho-client-01 (d0, q0, r0, m0, 'XP340/counter', ... (31 bytes))
2026-09-20T01:25:02: Received PUBLISH from esp32 (d0, q0, r0, m0, 'XP340/counter', ... (31 bytes))
2026-09-20T01:25:02: Sending PUBLISH to paho-client-01 (d0, q0, r0, m0, 'XP340/counter', ... (31 bytes))
2026-09-20T01:25:04: Received PINGREQ from paho-client-01
2026-09-20T01:25:04: Sending PINGRESP to paho-client-01
2026-09-20T01:25:04: Received PUBLISH from paho-client-01 (d0, q0, r0, m0, 'XP340/I_00', ... (3 bytes))
2026-09-20T01:25:04: Sending PUBLISH to esp32 (d0, q0, r0, m0, 'XP340/I_00', ... (3 bytes))
2026-09-20T01:25:06: Received PUBLISH from esp32 (d0, q0, r0, m0, 'XP340/counter', ... (31 bytes))
2026-09-20T01:25:06: Sending PUBLISH to paho-client-01 (d0, q0, r0, m0, 'XP340/counter', ... (31 bytes))
2026-09-20T01:25:11: Received PUBLISH from esp32 (d0, q0, r0, m0, 'XP340/counter', ... (31 bytes))
2026-09-20T01:25:11: Sending PUBLISH to paho-client-01 (d0, q0, r0, m0, 'XP340/counter', ... (31 bytes))
2026-09-20T01:25:16: Received PUBLISH from esp32 (d0, q0, r0, m0, 'XP340/counter', ... (31 bytes))
2026-09-20T01:25:16: Sending PUBLISH to paho-client-01 (d0, q0, r0, m0, 'XP340/counter', ... (31 bytes))
2026-09-20T01:25:21: Received PUBLISH from esp32 (d0, q0, r0, m0, 'XP340/counter', ... (31 bytes))
2026-09-20T01:25:21: Sending PUBLISH to paho-client-01 (d0, q0, r0, m0, 'XP340/counter', ... (31 bytes))
2026-09-20T01:25:27: Received PUBLISH from esp32 (d0, q0, r0, m0, 'XP340/counter', ... (31 bytes))
2026-09-20T01:25:27: Sending PUBLISH to paho-client-01 (d0, q0, r0, m0, 'XP340/counter', ... (31 bytes))
2026-09-20T01:25:31: Received PUBLISH from esp32 (d0, q0, r0, m0, 'XP340/counter', ... (31 bytes))
2026-09-20T01:25:31: Sending PUBLISH to paho-client-01 (d0, q0, r0, m0, 'XP340/counter', ... (31 bytes))
2026-09-20T01:25:36: Received PUBLISH from esp32 (d0, q0, r0, m0, 'XP340/counter', ... (31 bytes))
2026-09-20T01:25:36: Sending PUBLISH to paho-client-01 (d0, q0, r0, m0, 'XP340/counter', ... (31 bytes))
2026-09-20T01:25:41: Received PUBLISH from esp32 (d0, q0, r0, m0, 'XP340/counter', ... (31 bytes))
2026-09-20T01:25:41: Sending PUBLISH to paho-client-01 (d0, q0, r0, m0, 'XP340/counter', ... (31 bytes))
2026-09-20T01:25:46: Received PUBLISH from esp32 (d0, q0, r0, m0, 'XP340/counter', ... (31 bytes))
2026-09-20T01:25:46: Sending PUBLISH to paho-client-01 (d0, q0, r0, m0, 'XP340/counter', ... (31 bytes))
2026-09-20T01:25:51: Received PUBLISH from esp32 (d0, q0, r0, m0, 'XP340/counter', ... (31 bytes))
2026-09-20T01:25:51: Sending PUBLISH to paho-client-01 (d0, q0, r0, m0, 'XP340/counter', ... (31 bytes))
2026-09-20T01:25:56: Received PUBLISH from esp32 (d0, q0, r0, m0, 'XP340/counter', ... (31 bytes))
2026-09-20T01:25:56: Sending PUBLISH to paho-client-01 (d0, q0, r0, m0, 'XP340/counter', ... (31 bytes))
2026-09-20T01:26:01: Received PUBLISH from esp32 (d0, q0, r0, m0, 'XP340/counter', ... (31 bytes))
2026-09-20T01:26:01: Sending PUBLISH to paho-client-01 (d0, q0, r0, m0, 'XP340/counter', ... (31 bytes))
2026-09-20T01:26:04: Received PINGREQ from paho-client-01
2026-09-20T01:26:04: Sending PINGRESP to paho-client-01
2026-09-20T01:26:06: Received PUBLISH from esp32 (d0, q0, r0, m0, 'XP340/counter', ... (31 bytes))
2026-09-20T01:26:06: Sending PUBLISH to paho-client-01 (d0, q0, r0, m0, 'XP340/counter', ... (31 bytes))
2026-09-20T01:26:11: Received PUBLISH from esp32 (d0, q0, r0, m0, 'XP340/counter', ... (31 bytes))
2026-09-20T01:26:11: Sending PUBLISH to paho-client-01 (d0, q0, r0, m0, 'XP340/counter', ... (31 bytes))
2026-09-20T01:26:16: Received PUBLISH from esp32 (d0, q0, r0, m0, 'XP340/counter', ... (31 bytes))
2026-09-20T01:26:16: Sending PUBLISH to paho-client-01 (d0, q0, r0, m0, 'XP340/counter', ... (31 bytes))
2026-09-20T01:26:21: Received PUBLISH from esp32 (d0, q0, r0, m0, 'XP340/counter', ... (31 bytes))
2026-09-20T01:26:21: Sending PUBLISH to paho-client-01 (d0, q0, r0, m0, 'XP340/counter', ... (31 bytes))
2026-09-20T01:26:26: Received PUBLISH from esp32 (d0, q0, r0, m0, 'XP340/counter', ... (31 bytes))
2026-09-20T01:26:26: Sending PUBLISH to paho-client-01 (d0, q0, r0, m0, 'XP340/counter', ... (31 bytes))
2026-09-20T01:26:31: Received PUBLISH from esp32 (d0, q0, r0, m0, 'XP340/counter', ... (31 bytes))
2026-09-20T01:26:31: Sending PUBLISH to paho-client-01 (d0, q0, r0, m0, 'XP340/counter', ... (31 bytes))
2026-09-20T01:26:31: Client paho-client-01 [10.0.0.90:53465] disconnected: connection closed by client.
2026-09-20T01:26:36: Received PUBLISH from esp32 (d0, q0, r0, m0, 'XP340/counter', ... (31 bytes))
2026-09-20T01:26:39: New connection from 10.0.0.90:39151 on port 8883.
2026-09-20T01:26:39: New client connected from 10.0.0.90:39151 as paho-client-01 (p4, c1, k60, u'Paho-Client').
2026-09-20T01:26:39: No will message specified.
2026-09-20T01:26:39: Client paho-client-01 negotiated TLSv1.3 cipher TLS_AES_256_GCM_SHA384
2026-09-20T01:26:39: Sending CONNACK to paho-client-01 (0, 0)
2026-09-20T01:26:39: Received SUBSCRIBE from paho-client-01
2026-09-20T01:26:39: 	XP340/counter (QoS 0)
2026-09-20T01:26:39: paho-client-01 0 XP340/counter
2026-09-20T01:26:39: 	XP340/Q_00 (QoS 0)
2026-09-20T01:26:39: paho-client-01 0 XP340/Q_00
2026-09-20T01:26:39: 	XP340/Q_01 (QoS 0)
2026-09-20T01:26:39: paho-client-01 0 XP340/Q_01
2026-09-20T01:26:39: Sending SUBACK to paho-client-01
2026-09-20T01:26:41: Received PUBLISH from esp32 (d0, q0, r0, m0, 'XP340/counter', ... (31 bytes))
2026-09-20T01:26:41: Sending PUBLISH to paho-client-01 (d0, q0, r0, m0, 'XP340/counter', ... (31 bytes))
2026-09-20T01:26:43: Received PUBLISH from paho-client-01 (d0, q0, r0, m0, 'XP340/I_00', ... (2 bytes))
2026-09-20T01:26:43: Sending PUBLISH to esp32 (d0, q0, r0, m0, 'XP340/I_00', ... (2 bytes))
2026-09-20T01:26:44: Received PUBLISH from paho-client-01 (d0, q0, r0, m0, 'XP340/I_00', ... (3 bytes))
2026-09-20T01:26:44: Sending PUBLISH to esp32 (d0, q0, r0, m0, 'XP340/I_00', ... (3 bytes))
2026-09-20T01:26:45: Received PUBLISH from paho-client-01 (d0, q0, r0, m0, 'XP340/I_00', ... (2 bytes))
2026-09-20T01:26:45: Sending PUBLISH to esp32 (d0, q0, r0, m0, 'XP340/I_00', ... (2 bytes))
2026-09-20T01:26:46: Received PUBLISH from esp32 (d0, q0, r0, m0, 'XP340/counter', ... (31 bytes))
2026-09-20T01:26:46: Sending PUBLISH to paho-client-01 (d0, q0, r0, m0, 'XP340/counter', ... (31 bytes))
2026-09-20T01:26:47: Received PUBLISH from paho-client-01 (d0, q0, r0, m0, 'XP340/I_00', ... (3 bytes))
2026-09-20T01:26:47: Sending PUBLISH to esp32 (d0, q0, r0, m0, 'XP340/I_00', ... (3 bytes))
2026-09-20T01:26:47: Received PUBLISH from paho-client-01 (d0, q0, r0, m0, 'XP340/I_00', ... (2 bytes))
2026-09-20T01:26:47: Sending PUBLISH to esp32 (d0, q0, r0, m0, 'XP340/I_00', ... (2 bytes))
2026-09-20T01:26:49: Received PUBLISH from paho-client-01 (d0, q0, r0, m0, 'XP340/I_00', ... (3 bytes))
2026-09-20T01:26:49: Sending PUBLISH to esp32 (d0, q0, r0, m0, 'XP340/I_00', ... (3 bytes))
2026-09-20T01:26:50: Received PUBLISH from paho-client-01 (d0, q0, r0, m0, 'XP340/I_00', ... (2 bytes))
2026-09-20T01:26:50: Sending PUBLISH to esp32 (d0, q0, r0, m0, 'XP340/I_00', ... (2 bytes))
2026-09-20T01:26:51: Received PUBLISH from esp32 (d0, q0, r0, m0, 'XP340/counter', ... (31 bytes))
2026-09-20T01:26:51: Sending PUBLISH to paho-client-01 (d0, q0, r0, m0, 'XP340/counter', ... (31 bytes))
2026-09-20T01:26:56: Received PUBLISH from esp32 (d0, q0, r0, m0, 'XP340/counter', ... (31 bytes))
2026-09-20T01:26:56: Sending PUBLISH to paho-client-01 (d0, q0, r0, m0, 'XP340/counter', ... (31 bytes))
2026-09-20T01:27:01: Received PUBLISH from esp32 (d0, q0, r0, m0, 'XP340/counter', ... (31 bytes))
2026-09-20T01:27:01: Sending PUBLISH to paho-client-01 (d0, q0, r0, m0, 'XP340/counter', ... (31 bytes))
2026-09-20T01:27:03: Received PUBLISH from paho-client-01 (d0, q0, r0, m0, 'XP340/I_00', ... (3 bytes))
2026-09-20T01:27:03: Sending PUBLISH to esp32 (d0, q0, r0, m0, 'XP340/I_00', ... (3 bytes))
2026-09-20T01:27:06: Received PUBLISH from esp32 (d0, q0, r0, m0, 'XP340/counter', ... (31 bytes))
2026-09-20T01:27:06: Sending PUBLISH to paho-client-01 (d0, q0, r0, m0, 'XP340/counter', ... (31 bytes))
2026-09-20T01:27:11: Received PUBLISH from esp32 (d0, q0, r0, m0, 'XP340/counter', ... (31 bytes))
2026-09-20T01:27:11: Sending PUBLISH to paho-client-01 (d0, q0, r0, m0, 'XP340/counter', ... (31 bytes))
2026-09-20T01:27:16: Received PUBLISH from esp32 (d0, q0, r0, m0, 'XP340/counter', ... (31 bytes))
2026-09-20T01:27:16: Sending PUBLISH to paho-client-01 (d0, q0, r0, m0, 'XP340/counter', ... (31 bytes))
2026-09-20T01:27:22: Received PUBLISH from esp32 (d0, q0, r0, m0, 'XP340/counter', ... (31 bytes))
2026-09-20T01:27:22: Sending PUBLISH to paho-client-01 (d0, q0, r0, m0, 'XP340/counter', ... (31 bytes))
2026-09-20T01:27:27: Received PUBLISH from esp32 (d0, q0, r0, m0, 'XP340/counter', ... (31 bytes))
2026-09-20T01:27:27: Sending PUBLISH to paho-client-01 (d0, q0, r0, m0, 'XP340/counter', ... (31 bytes))
2026-09-20T01:27:31: Received PUBLISH from esp32 (d0, q0, r0, m0, 'XP340/counter', ... (31 bytes))
2026-09-20T01:27:31: Sending PUBLISH to paho-client-01 (d0, q0, r0, m0, 'XP340/counter', ... (31 bytes))
2026-09-20T01:27:36: Received PUBLISH from esp32 (d0, q0, r0, m0, 'XP340/counter', ... (31 bytes))
2026-09-20T01:27:36: Sending PUBLISH to paho-client-01 (d0, q0, r0, m0, 'XP340/counter', ... (31 bytes))
2026-09-20T01:27:39: Received PINGREQ from paho-client-01
2026-09-20T01:27:39: Sending PINGRESP to paho-client-01
2026-09-20T01:27:41: Received PUBLISH from esp32 (d0, q0, r0, m0, 'XP340/counter', ... (31 bytes))
2026-09-20T01:27:41: Sending PUBLISH to paho-client-01 (d0, q0, r0, m0, 'XP340/counter', ... (31 bytes))
2026-09-20T01:27:46: Received PUBLISH from esp32 (d0, q0, r0, m0, 'XP340/counter', ... (32 bytes))
2026-09-20T01:27:46: Sending PUBLISH to paho-client-01 (d0, q0, r0, m0, 'XP340/counter', ... (32 bytes))
2026-09-20T01:27:51: Received PUBLISH from esp32 (d0, q0, r0, m0, 'XP340/counter', ... (32 bytes))
2026-09-20T01:27:51: Sending PUBLISH to paho-client-01 (d0, q0, r0, m0, 'XP340/counter', ... (32 bytes))
2026-09-20T01:27:56: Received PUBLISH from esp32 (d0, q0, r0, m0, 'XP340/counter', ... (32 bytes))
2026-09-20T01:27:56: Sending PUBLISH to paho-client-01 (d0, q0, r0, m0, 'XP340/counter', ... (32 bytes))
2026-09-20T01:28:01: Received PUBLISH from esp32 (d0, q0, r0, m0, 'XP340/counter', ... (32 bytes))
2026-09-20T01:28:01: Sending PUBLISH to paho-client-01 (d0, q0, r0, m0, 'XP340/counter', ... (32 bytes))
2026-09-20T01:28:06: Received PUBLISH from esp32 (d0, q0, r0, m0, 'XP340/counter', ... (32 bytes))
2026-09-20T01:28:06: Sending PUBLISH to paho-client-01 (d0, q0, r0, m0, 'XP340/counter', ... (32 bytes))
2026-09-20T01:28:11: Received PUBLISH from esp32 (d0, q0, r0, m0, 'XP340/counter', ... (32 bytes))
2026-09-20T01:28:11: Sending PUBLISH to paho-client-01 (d0, q0, r0, m0, 'XP340/counter', ... (32 bytes))
2026-09-20T01:28:16: Received PUBLISH from esp32 (d0, q0, r0, m0, 'XP340/counter', ... (32 bytes))
2026-09-20T01:28:16: Sending PUBLISH to paho-client-01 (d0, q0, r0, m0, 'XP340/counter', ... (32 bytes))
2026-09-20T01:28:21: Received PUBLISH from esp32 (d0, q0, r0, m0, 'XP340/counter', ... (32 bytes))
2026-09-20T01:28:21: Sending PUBLISH to paho-client-01 (d0, q0, r0, m0, 'XP340/counter', ... (32 bytes))
2026-09-20T01:28:26: Received PUBLISH from esp32 (d0, q0, r0, m0, 'XP340/counter', ... (32 bytes))
2026-09-20T01:28:26: Sending PUBLISH to paho-client-01 (d0, q0, r0, m0, 'XP340/counter', ... (32 bytes))
2026-09-20T01:28:31: Received PUBLISH from esp32 (d0, q0, r0, m0, 'XP340/counter', ... (32 bytes))
2026-09-20T01:28:31: Sending PUBLISH to paho-client-01 (d0, q0, r0, m0, 'XP340/counter', ... (32 bytes))
2026-09-20T01:28:36: Received PUBLISH from esp32 (d0, q0, r0, m0, 'XP340/counter', ... (32 bytes))
2026-09-20T01:28:36: Sending PUBLISH to paho-client-01 (d0, q0, r0, m0, 'XP340/counter', ... (32 bytes))
2026-09-20T01:28:39: Received PINGREQ from paho-client-01
2026-09-20T01:28:39: Sending PINGRESP to paho-client-01
2026-09-20T01:28:41: Received PUBLISH from esp32 (d0, q0, r0, m0, 'XP340/counter', ... (32 bytes))
2026-09-20T01:28:41: Sending PUBLISH to paho-client-01 (d0, q0, r0, m0, 'XP340/counter', ... (32 bytes))
2026-09-20T01:28:46: Received PUBLISH from esp32 (d0, q0, r0, m0, 'XP340/counter', ... (32 bytes))
2026-09-20T01:28:46: Sending PUBLISH to paho-client-01 (d0, q0, r0, m0, 'XP340/counter', ... (32 bytes))
2026-09-20T01:28:51: Received PUBLISH from esp32 (d0, q0, r0, m0, 'XP340/counter', ... (32 bytes))
2026-09-20T01:28:51: Sending PUBLISH to paho-client-01 (d0, q0, r0, m0, 'XP340/counter', ... (32 bytes))
2026-09-20T01:28:56: Received PUBLISH from esp32 (d0, q0, r0, m0, 'XP340/counter', ... (32 bytes))
2026-09-20T01:28:56: Sending PUBLISH to paho-client-01 (d0, q0, r0, m0, 'XP340/counter', ... (32 bytes))
2026-09-20T01:29:01: Received PUBLISH from esp32 (d0, q0, r0, m0, 'XP340/counter', ... (32 bytes))
2026-09-20T01:29:01: Sending PUBLISH to paho-client-01 (d0, q0, r0, m0, 'XP340/counter', ... (32 bytes))
2026-09-20T01:29:07: Received PUBLISH from esp32 (d0, q0, r0, m0, 'XP340/counter', ... (32 bytes))
2026-09-20T01:29:07: Sending PUBLISH to paho-client-01 (d0, q0, r0, m0, 'XP340/counter', ... (32 bytes))
2026-09-20T01:29:11: Received PUBLISH from esp32 (d0, q0, r0, m0, 'XP340/counter', ... (32 bytes))
2026-09-20T01:29:11: Sending PUBLISH to paho-client-01 (d0, q0, r0, m0, 'XP340/counter', ... (32 bytes))
2026-09-20T01:29:17: Received PUBLISH from esp32 (d0, q0, r0, m0, 'XP340/counter', ... (32 bytes))
2026-09-20T01:29:17: Sending PUBLISH to paho-client-01 (d0, q0, r0, m0, 'XP340/counter', ... (32 bytes))
2026-09-20T01:29:22: Received PUBLISH from esp32 (d0, q0, r0, m0, 'XP340/counter', ... (32 bytes))
2026-09-20T01:29:22: Sending PUBLISH to paho-client-01 (d0, q0, r0, m0, 'XP340/counter', ... (32 bytes))
2026-09-20T01:29:26: Received PUBLISH from esp32 (d0, q0, r0, m0, 'XP340/counter', ... (32 bytes))
2026-09-20T01:29:26: Sending PUBLISH to paho-client-01 (d0, q0, r0, m0, 'XP340/counter', ... (32 bytes))
2026-09-20T01:29:31: Received PUBLISH from esp32 (d0, q0, r0, m0, 'XP340/counter', ... (32 bytes))
2026-09-20T01:29:31: Sending PUBLISH to paho-client-01 (d0, q0, r0, m0, 'XP340/counter', ... (32 bytes))
2026-09-20T01:29:37: Received PUBLISH from esp32 (d0, q0, r0, m0, 'XP340/counter', ... (32 bytes))
2026-09-20T01:29:37: Sending PUBLISH to paho-client-01 (d0, q0, r0, m0, 'XP340/counter', ... (32 bytes))
2026-09-20T01:29:40: Received PINGREQ from paho-client-01
2026-09-20T01:29:40: Sending PINGRESP to paho-client-01
2026-09-20T01:29:42: Received PUBLISH from esp32 (d0, q0, r0, m0, 'XP340/counter', ... (32 bytes))
2026-09-20T01:29:42: Sending PUBLISH to paho-client-01 (d0, q0, r0, m0, 'XP340/counter', ... (32 bytes))
2026-09-20T01:29:47: Received PUBLISH from esp32 (d0, q0, r0, m0, 'XP340/counter', ... (32 bytes))
2026-09-20T01:29:47: Sending PUBLISH to paho-client-01 (d0, q0, r0, m0, 'XP340/counter', ... (32 bytes))
2026-09-20T01:29:52: Received PUBLISH from esp32 (d0, q0, r0, m0, 'XP340/counter', ... (32 bytes))
2026-09-20T01:29:52: Sending PUBLISH to paho-client-01 (d0, q0, r0, m0, 'XP340/counter', ... (32 bytes))
2026-09-20T01:29:56: Received PUBLISH from esp32 (d0, q0, r0, m0, 'XP340/counter', ... (32 bytes))
2026-09-20T01:29:56: Sending PUBLISH to paho-client-01 (d0, q0, r0, m0, 'XP340/counter', ... (32 bytes))
2026-09-20T01:30:01: Received PUBLISH from paho-client-01 (d0, q0, r0, m0, 'XP340/I_00', ... (2 bytes))
2026-09-20T01:30:01: Sending PUBLISH to esp32 (d0, q0, r0, m0, 'XP340/I_00', ... (2 bytes))
2026-09-20T01:30:01: Received PUBLISH from esp32 (d0, q0, r0, m0, 'XP340/counter', ... (32 bytes))
2026-09-20T01:30:01: Sending PUBLISH to paho-client-01 (d0, q0, r0, m0, 'XP340/counter', ... (32 bytes))
2026-09-20T01:30:03: Received PUBLISH from paho-client-01 (d0, q0, r0, m0, 'XP340/I_00', ... (3 bytes))
2026-09-20T01:30:03: Sending PUBLISH to esp32 (d0, q0, r0, m0, 'XP340/I_00', ... (3 bytes))
2026-09-20T01:30:07: Received PUBLISH from esp32 (d0, q0, r0, m0, 'XP340/counter', ... (32 bytes))
2026-09-20T01:30:07: Sending PUBLISH to paho-client-01 (d0, q0, r0, m0, 'XP340/counter', ... (32 bytes))
2026-09-20T01:30:13: Received PUBLISH from esp32 (d0, q0, r0, m0, 'XP340/counter', ... (32 bytes))
2026-09-20T01:30:13: Sending PUBLISH to paho-client-01 (d0, q0, r0, m0, 'XP340/counter', ... (32 bytes))
2026-09-20T01:30:17: Received PUBLISH from esp32 (d0, q0, r0, m0, 'XP340/counter', ... (32 bytes))
2026-09-20T01:30:17: Sending PUBLISH to paho-client-01 (d0, q0, r0, m0, 'XP340/counter', ... (32 bytes))
2026-09-20T01:30:23: Received PUBLISH from esp32 (d0, q0, r0, m0, 'XP340/counter', ... (32 bytes))
2026-09-20T01:30:23: Sending PUBLISH to paho-client-01 (d0, q0, r0, m0, 'XP340/counter', ... (32 bytes))
2026-09-20T01:30:27: Received PUBLISH from esp32 (d0, q0, r0, m0, 'XP340/counter', ... (32 bytes))
2026-09-20T01:30:27: Sending PUBLISH to paho-client-01 (d0, q0, r0, m0, 'XP340/counter', ... (32 bytes))
2026-09-20T01:30:32: Received PUBLISH from esp32 (d0, q0, r0, m0, 'XP340/counter', ... (32 bytes))
2026-09-20T01:30:32: Sending PUBLISH to paho-client-01 (d0, q0, r0, m0, 'XP340/counter', ... (32 bytes))
2026-09-20T01:30:33: Saving in-memory database to /mosquitto/data//mosquitto.db.
2026-09-20T01:30:38: Received PUBLISH from esp32 (d0, q0, r0, m0, 'XP340/counter', ... (32 bytes))
2026-09-20T01:30:38: Sending PUBLISH to paho-client-01 (d0, q0, r0, m0, 'XP340/counter', ... (32 bytes))
2026-09-20T01:30:40: Received PINGREQ from paho-client-01
2026-09-20T01:30:40: Sending PINGRESP to paho-client-01
2026-09-20T01:30:42: Received PUBLISH from esp32 (d0, q0, r0, m0, 'XP340/counter', ... (32 bytes))
2026-09-20T01:30:42: Sending PUBLISH to paho-client-01 (d0, q0, r0, m0, 'XP340/counter', ... (32 bytes))
2026-09-20T01:30:47: Received PUBLISH from esp32 (d0, q0, r0, m0, 'XP340/counter', ... (32 bytes))
2026-09-20T01:30:47: Sending PUBLISH to paho-client-01 (d0, q0, r0, m0, 'XP340/counter', ... (32 bytes))
2026-09-20T01:30:56: Received PUBLISH from esp32 (d0, q0, r0, m0, 'XP340/counter', ... (32 bytes))
2026-09-20T01:30:56: Sending PUBLISH to paho-client-01 (d0, q0, r0, m0, 'XP340/counter', ... (32 bytes))
2026-09-20T01:30:57: Received PUBLISH from esp32 (d0, q0, r0, m0, 'XP340/counter', ... (32 bytes))
2026-09-20T01:30:57: Sending PUBLISH to paho-client-01 (d0, q0, r0, m0, 'XP340/counter', ... (32 bytes))
2026-09-20T01:31:02: Received PUBLISH from esp32 (d0, q0, r0, m0, 'XP340/counter', ... (32 bytes))
2026-09-20T01:31:02: Sending PUBLISH to paho-client-01 (d0, q0, r0, m0, 'XP340/counter', ... (32 bytes))
2026-09-20T01:31:07: Received PUBLISH from esp32 (d0, q0, r0, m0, 'XP340/counter', ... (32 bytes))
2026-09-20T01:31:07: Sending PUBLISH to paho-client-01 (d0, q0, r0, m0, 'XP340/counter', ... (32 bytes))
2026-09-20T01:31:12: Received PUBLISH from esp32 (d0, q0, r0, m0, 'XP340/counter', ... (32 bytes))
2026-09-20T01:31:12: Sending PUBLISH to paho-client-01 (d0, q0, r0, m0, 'XP340/counter', ... (32 bytes))
2026-09-20T01:31:17: Received PUBLISH from esp32 (d0, q0, r0, m0, 'XP340/counter', ... (32 bytes))
2026-09-20T01:31:17: Sending PUBLISH to paho-client-01 (d0, q0, r0, m0, 'XP340/counter', ... (32 bytes))
2026-09-20T01:31:22: Received PUBLISH from esp32 (d0, q0, r0, m0, 'XP340/counter', ... (32 bytes))
2026-09-20T01:31:22: Sending PUBLISH to paho-client-01 (d0, q0, r0, m0, 'XP340/counter', ... (32 bytes))
2026-09-20T01:31:27: Received PUBLISH from esp32 (d0, q0, r0, m0, 'XP340/counter', ... (32 bytes))
2026-09-20T01:31:27: Sending PUBLISH to paho-client-01 (d0, q0, r0, m0, 'XP340/counter', ... (32 bytes))
2026-09-20T01:31:32: Received PUBLISH from esp32 (d0, q0, r0, m0, 'XP340/counter', ... (32 bytes))
2026-09-20T01:31:32: Sending PUBLISH to paho-client-01 (d0, q0, r0, m0, 'XP340/counter', ... (32 bytes))
2026-09-20T01:31:37: Received PUBLISH from esp32 (d0, q0, r0, m0, 'XP340/counter', ... (32 bytes))
2026-09-20T01:31:37: Sending PUBLISH to paho-client-01 (d0, q0, r0, m0, 'XP340/counter', ... (32 bytes))
2026-09-20T01:31:41: Received PINGREQ from paho-client-01
2026-09-20T01:31:41: Sending PINGRESP to paho-client-01
2026-09-20T01:31:42: Received PUBLISH from esp32 (d0, q0, r0, m0, 'XP340/counter', ... (32 bytes))
2026-09-20T01:31:42: Sending PUBLISH to paho-client-01 (d0, q0, r0, m0, 'XP340/counter', ... (32 bytes))
2026-09-20T01:31:47: Received PUBLISH from esp32 (d0, q0, r0, m0, 'XP340/counter', ... (32 bytes))
2026-09-20T01:31:47: Sending PUBLISH to paho-client-01 (d0, q0, r0, m0, 'XP340/counter', ... (32 bytes))
2026-09-20T01:31:52: Received PUBLISH from esp32 (d0, q0, r0, m0, 'XP340/counter', ... (32 bytes))
2026-09-20T01:31:52: Sending PUBLISH to paho-client-01 (d0, q0, r0, m0, 'XP340/counter', ... (32 bytes))
2026-09-20T01:31:57: Received PUBLISH from esp32 (d0, q0, r0, m0, 'XP340/counter', ... (32 bytes))
2026-09-20T01:31:57: Sending PUBLISH to paho-client-01 (d0, q0, r0, m0, 'XP340/counter', ... (32 bytes))
2026-09-20T01:32:02: Received PUBLISH from esp32 (d0, q0, r0, m0, 'XP340/counter', ... (32 bytes))
2026-09-20T01:32:02: Sending PUBLISH to paho-client-01 (d0, q0, r0, m0, 'XP340/counter', ... (32 bytes))
2026-09-20T01:32:07: Received PUBLISH from esp32 (d0, q0, r0, m0, 'XP340/counter', ... (32 bytes))
2026-09-20T01:32:07: Sending PUBLISH to paho-client-01 (d0, q0, r0, m0, 'XP340/counter', ... (32 bytes))
2026-09-20T01:32:12: Received PUBLISH from esp32 (d0, q0, r0, m0, 'XP340/counter', ... (32 bytes))
2026-09-20T01:32:12: Sending PUBLISH to paho-client-01 (d0, q0, r0, m0, 'XP340/counter', ... (32 bytes))
2026-09-20T01:32:17: Received PUBLISH from esp32 (d0, q0, r0, m0, 'XP340/counter', ... (32 bytes))
2026-09-20T01:32:17: Sending PUBLISH to paho-client-01 (d0, q0, r0, m0, 'XP340/counter', ... (32 bytes))
2026-09-20T01:32:22: Received PUBLISH from esp32 (d0, q0, r0, m0, 'XP340/counter', ... (32 bytes))
2026-09-20T01:32:22: Sending PUBLISH to paho-client-01 (d0, q0, r0, m0, 'XP340/counter', ... (32 bytes))
2026-09-20T01:32:27: Received PUBLISH from esp32 (d0, q0, r0, m0, 'XP340/counter', ... (32 bytes))
2026-09-20T01:32:27: Sending PUBLISH to paho-client-01 (d0, q0, r0, m0, 'XP340/counter', ... (32 bytes))
2026-09-20T01:32:32: Received PUBLISH from esp32 (d0, q0, r0, m0, 'XP340/counter', ... (32 bytes))
2026-09-20T01:32:32: Sending PUBLISH to paho-client-01 (d0, q0, r0, m0, 'XP340/counter', ... (32 bytes))
2026-09-20T01:32:37: Received PUBLISH from esp32 (d0, q0, r0, m0, 'XP340/counter', ... (32 bytes))
2026-09-20T01:32:37: Sending PUBLISH to paho-client-01 (d0, q0, r0, m0, 'XP340/counter', ... (32 bytes))
2026-09-20T01:32:41: Received PINGREQ from paho-client-01
2026-09-20T01:32:41: Sending PINGRESP to paho-client-01
2026-09-20T01:32:42: Received PUBLISH from esp32 (d0, q0, r0, m0, 'XP340/counter', ... (32 bytes))
2026-09-20T01:32:42: Sending PUBLISH to paho-client-01 (d0, q0, r0, m0, 'XP340/counter', ... (32 bytes))
2026-09-20T01:32:48: Received PUBLISH from esp32 (d0, q0, r0, m0, 'XP340/counter', ... (32 bytes))
2026-09-20T01:32:48: Sending PUBLISH to paho-client-01 (d0, q0, r0, m0, 'XP340/counter', ... (32 bytes))
2026-09-20T01:32:52: Received PUBLISH from esp32 (d0, q0, r0, m0, 'XP340/counter', ... (32 bytes))
2026-09-20T01:32:52: Sending PUBLISH to paho-client-01 (d0, q0, r0, m0, 'XP340/counter', ... (32 bytes))
2026-09-20T01:32:57: Received PUBLISH from esp32 (d0, q0, r0, m0, 'XP340/counter', ... (32 bytes))
2026-09-20T01:32:57: Sending PUBLISH to paho-client-01 (d0, q0, r0, m0, 'XP340/counter', ... (32 bytes))
2026-09-20T01:33:02: Received PUBLISH from esp32 (d0, q0, r0, m0, 'XP340/counter', ... (32 bytes))
2026-09-20T01:33:02: Sending PUBLISH to paho-client-01 (d0, q0, r0, m0, 'XP340/counter', ... (32 bytes))
2026-09-20T01:33:07: Received PUBLISH from esp32 (d0, q0, r0, m0, 'XP340/counter', ... (32 bytes))
2026-09-20T01:33:07: Sending PUBLISH to paho-client-01 (d0, q0, r0, m0, 'XP340/counter', ... (32 bytes))
2026-09-20T01:33:12: Received PUBLISH from esp32 (d0, q0, r0, m0, 'XP340/counter', ... (32 bytes))
2026-09-20T01:33:12: Sending PUBLISH to paho-client-01 (d0, q0, r0, m0, 'XP340/counter', ... (32 bytes))
2026-09-20T01:33:17: Received PUBLISH from esp32 (d0, q0, r0, m0, 'XP340/counter', ... (32 bytes))
2026-09-20T01:33:17: Sending PUBLISH to paho-client-01 (d0, q0, r0, m0, 'XP340/counter', ... (32 bytes))
2026-09-20T01:33:22: Received PUBLISH from esp32 (d0, q0, r0, m0, 'XP340/counter', ... (32 bytes))
2026-09-20T01:33:22: Sending PUBLISH to paho-client-01 (d0, q0, r0, m0, 'XP340/counter', ... (32 bytes))
2026-09-20T01:33:27: Received PUBLISH from esp32 (d0, q0, r0, m0, 'XP340/counter', ... (32 bytes))
2026-09-20T01:33:27: Sending PUBLISH to paho-client-01 (d0, q0, r0, m0, 'XP340/counter', ... (32 bytes))
2026-09-20T01:33:32: Received PUBLISH from esp32 (d0, q0, r0, m0, 'XP340/counter', ... (32 bytes))
2026-09-20T01:33:32: Sending PUBLISH to paho-client-01 (d0, q0, r0, m0, 'XP340/counter', ... (32 bytes))
2026-09-20T01:33:38: Received PUBLISH from esp32 (d0, q0, r0, m0, 'XP340/counter', ... (32 bytes))
2026-09-20T01:33:38: Sending PUBLISH to paho-client-01 (d0, q0, r0, m0, 'XP340/counter', ... (32 bytes))
2026-09-20T01:33:41: Received PINGREQ from paho-client-01
2026-09-20T01:33:41: Sending PINGRESP to paho-client-01
2026-09-20T01:33:42: Received PUBLISH from esp32 (d0, q0, r0, m0, 'XP340/counter', ... (32 bytes))
2026-09-20T01:33:42: Sending PUBLISH to paho-client-01 (d0, q0, r0, m0, 'XP340/counter', ... (32 bytes))
2026-09-20T01:33:47: Received PUBLISH from esp32 (d0, q0, r0, m0, 'XP340/counter', ... (32 bytes))
2026-09-20T01:33:47: Sending PUBLISH to paho-client-01 (d0, q0, r0, m0, 'XP340/counter', ... (32 bytes))
2026-09-20T01:33:52: Received PUBLISH from esp32 (d0, q0, r0, m0, 'XP340/counter', ... (32 bytes))
2026-09-20T01:33:52: Sending PUBLISH to paho-client-01 (d0, q0, r0, m0, 'XP340/counter', ... (32 bytes))
2026-09-20T01:33:57: Received PUBLISH from esp32 (d0, q0, r0, m0, 'XP340/counter', ... (32 bytes))
2026-09-20T01:33:57: Sending PUBLISH to paho-client-01 (d0, q0, r0, m0, 'XP340/counter', ... (32 bytes))
2026-09-20T01:34:02: Received PUBLISH from esp32 (d0, q0, r0, m0, 'XP340/counter', ... (32 bytes))
2026-09-20T01:34:02: Sending PUBLISH to paho-client-01 (d0, q0, r0, m0, 'XP340/counter', ... (32 bytes))
2026-09-20T01:34:08: Received PUBLISH from esp32 (d0, q0, r0, m0, 'XP340/counter', ... (32 bytes))
2026-09-20T01:34:08: Sending PUBLISH to paho-client-01 (d0, q0, r0, m0, 'XP340/counter', ... (32 bytes))
2026-09-20T01:34:12: Received PUBLISH from esp32 (d0, q0, r0, m0, 'XP340/counter', ... (32 bytes))
2026-09-20T01:34:12: Sending PUBLISH to paho-client-01 (d0, q0, r0, m0, 'XP340/counter', ... (32 bytes))
2026-09-20T01:34:17: Received PUBLISH from esp32 (d0, q0, r0, m0, 'XP340/counter', ... (32 bytes))
2026-09-20T01:34:17: Sending PUBLISH to paho-client-01 (d0, q0, r0, m0, 'XP340/counter', ... (32 bytes))
2026-09-20T01:34:23: Received PUBLISH from esp32 (d0, q0, r0, m0, 'XP340/counter', ... (32 bytes))
2026-09-20T01:34:23: Sending PUBLISH to paho-client-01 (d0, q0, r0, m0, 'XP340/counter', ... (32 bytes))
2026-09-20T01:34:30: Received PUBLISH from esp32 (d0, q0, r0, m0, 'XP340/counter', ... (32 bytes))
2026-09-20T01:34:30: Sending PUBLISH to paho-client-01 (d0, q0, r0, m0, 'XP340/counter', ... (32 bytes))
2026-09-20T01:34:32: Received PUBLISH from esp32 (d0, q0, r0, m0, 'XP340/counter', ... (32 bytes))
2026-09-20T01:34:32: Sending PUBLISH to paho-client-01 (d0, q0, r0, m0, 'XP340/counter', ... (32 bytes))
2026-09-20T01:34:37: Received PUBLISH from esp32 (d0, q0, r0, m0, 'XP340/counter', ... (32 bytes))
2026-09-20T01:34:37: Sending PUBLISH to paho-client-01 (d0, q0, r0, m0, 'XP340/counter', ... (32 bytes))
2026-09-20T01:34:41: Received PINGREQ from paho-client-01
2026-09-20T01:34:41: Sending PINGRESP to paho-client-01
2026-09-20T01:34:42: Received PUBLISH from esp32 (d0, q0, r0, m0, 'XP340/counter', ... (32 bytes))
2026-09-20T01:34:42: Sending PUBLISH to paho-client-01 (d0, q0, r0, m0, 'XP340/counter', ... (32 bytes))
2026-09-20T01:34:47: Received PUBLISH from esp32 (d0, q0, r0, m0, 'XP340/counter', ... (32 bytes))
2026-09-20T01:34:47: Sending PUBLISH to paho-client-01 (d0, q0, r0, m0, 'XP340/counter', ... (32 bytes))
2026-09-20T01:34:53: Received PUBLISH from esp32 (d0, q0, r0, m0, 'XP340/counter', ... (32 bytes))
2026-09-20T01:34:53: Sending PUBLISH to paho-client-01 (d0, q0, r0, m0, 'XP340/counter', ... (32 bytes))
2026-09-20T01:34:57: Received PUBLISH from esp32 (d0, q0, r0, m0, 'XP340/counter', ... (32 bytes))
2026-09-20T01:34:57: Sending PUBLISH to paho-client-01 (d0, q0, r0, m0, 'XP340/counter', ... (32 bytes))
2026-09-20T01:35:02: Received PUBLISH from esp32 (d0, q0, r0, m0, 'XP340/counter', ... (32 bytes))
2026-09-20T01:35:02: Sending PUBLISH to paho-client-01 (d0, q0, r0, m0, 'XP340/counter', ... (32 bytes))
2026-09-20T01:35:07: Received PUBLISH from esp32 (d0, q0, r0, m0, 'XP340/counter', ... (32 bytes))
2026-09-20T01:35:07: Sending PUBLISH to paho-client-01 (d0, q0, r0, m0, 'XP340/counter', ... (32 bytes))
2026-09-20T01:35:12: Received PUBLISH from esp32 (d0, q0, r0, m0, 'XP340/counter', ... (32 bytes))
2026-09-20T01:35:12: Sending PUBLISH to paho-client-01 (d0, q0, r0, m0, 'XP340/counter', ... (32 bytes))
2026-09-20T01:35:17: Received PUBLISH from esp32 (d0, q0, r0, m0, 'XP340/counter', ... (32 bytes))
2026-09-20T01:35:17: Sending PUBLISH to paho-client-01 (d0, q0, r0, m0, 'XP340/counter', ... (32 bytes))
2026-09-20T01:35:23: Received PUBLISH from esp32 (d0, q0, r0, m0, 'XP340/counter', ... (32 bytes))
2026-09-20T01:35:23: Sending PUBLISH to paho-client-01 (d0, q0, r0, m0, 'XP340/counter', ... (32 bytes))
2026-09-20T01:35:27: Received PUBLISH from esp32 (d0, q0, r0, m0, 'XP340/counter', ... (32 bytes))
2026-09-20T01:35:27: Sending PUBLISH to paho-client-01 (d0, q0, r0, m0, 'XP340/counter', ... (32 bytes))
2026-09-20T01:35:33: Received PUBLISH from esp32 (d0, q0, r0, m0, 'XP340/counter', ... (32 bytes))
2026-09-20T01:35:33: Sending PUBLISH to paho-client-01 (d0, q0, r0, m0, 'XP340/counter', ... (32 bytes))
2026-09-20T01:35:38: Received PUBLISH from esp32 (d0, q0, r0, m0, 'XP340/counter', ... (32 bytes))
2026-09-20T01:35:38: Sending PUBLISH to paho-client-01 (d0, q0, r0, m0, 'XP340/counter', ... (32 bytes))
2026-09-20T01:35:41: Received PINGREQ from paho-client-01
2026-09-20T01:35:41: Sending PINGRESP to paho-client-01
2026-09-20T01:35:42: Received PUBLISH from esp32 (d0, q0, r0, m0, 'XP340/counter', ... (32 bytes))
2026-09-20T01:35:42: Sending PUBLISH to paho-client-01 (d0, q0, r0, m0, 'XP340/counter', ... (32 bytes))
2026-09-20T01:35:47: Received PUBLISH from esp32 (d0, q0, r0, m0, 'XP340/counter', ... (32 bytes))
2026-09-20T01:35:47: Sending PUBLISH to paho-client-01 (d0, q0, r0, m0, 'XP340/counter', ... (32 bytes))
2026-09-20T01:35:52: Received PUBLISH from esp32 (d0, q0, r0, m0, 'XP340/counter', ... (32 bytes))
2026-09-20T01:35:52: Sending PUBLISH to paho-client-01 (d0, q0, r0, m0, 'XP340/counter', ... (32 bytes))
2026-09-20T01:35:57: Received PUBLISH from esp32 (d0, q0, r0, m0, 'XP340/counter', ... (32 bytes))
2026-09-20T01:35:57: Sending PUBLISH to paho-client-01 (d0, q0, r0, m0, 'XP340/counter', ... (32 bytes))
2026-09-20T01:36:02: Received PUBLISH from esp32 (d0, q0, r0, m0, 'XP340/counter', ... (32 bytes))
2026-09-20T01:36:02: Sending PUBLISH to paho-client-01 (d0, q0, r0, m0, 'XP340/counter', ... (32 bytes))
2026-09-20T01:36:08: Received PUBLISH from esp32 (d0, q0, r0, m0, 'XP340/counter', ... (32 bytes))
2026-09-20T01:36:08: Sending PUBLISH to paho-client-01 (d0, q0, r0, m0, 'XP340/counter', ... (32 bytes))
2026-09-20T01:36:12: Received PUBLISH from esp32 (d0, q0, r0, m0, 'XP340/counter', ... (32 bytes))
2026-09-20T01:36:12: Sending PUBLISH to paho-client-01 (d0, q0, r0, m0, 'XP340/counter', ... (32 bytes))
2026-09-20T01:36:17: Received PUBLISH from esp32 (d0, q0, r0, m0, 'XP340/counter', ... (32 bytes))
2026-09-20T01:36:17: Sending PUBLISH to paho-client-01 (d0, q0, r0, m0, 'XP340/counter', ... (32 bytes))
2026-09-20T01:36:23: Received PUBLISH from esp32 (d0, q0, r0, m0, 'XP340/counter', ... (32 bytes))
2026-09-20T01:36:23: Sending PUBLISH to paho-client-01 (d0, q0, r0, m0, 'XP340/counter', ... (32 bytes))
2026-09-20T01:36:27: Received PUBLISH from esp32 (d0, q0, r0, m0, 'XP340/counter', ... (32 bytes))
2026-09-20T01:36:27: Sending PUBLISH to paho-client-01 (d0, q0, r0, m0, 'XP340/counter', ... (32 bytes))
2026-09-20T01:36:33: Received PUBLISH from esp32 (d0, q0, r0, m0, 'XP340/counter', ... (32 bytes))
2026-09-20T01:36:33: Sending PUBLISH to paho-client-01 (d0, q0, r0, m0, 'XP340/counter', ... (32 bytes))
2026-09-20T01:36:38: Received PUBLISH from esp32 (d0, q0, r0, m0, 'XP340/counter', ... (32 bytes))
2026-09-20T01:36:38: Sending PUBLISH to paho-client-01 (d0, q0, r0, m0, 'XP340/counter', ... (32 bytes))
2026-09-20T01:36:42: Received PINGREQ from paho-client-01
2026-09-20T01:36:42: Sending PINGRESP to paho-client-01
2026-09-20T01:36:42: Received PUBLISH from esp32 (d0, q0, r0, m0, 'XP340/counter', ... (32 bytes))
2026-09-20T01:36:42: Sending PUBLISH to paho-client-01 (d0, q0, r0, m0, 'XP340/counter', ... (32 bytes))
2026-09-20T01:36:47: Received PUBLISH from esp32 (d0, q0, r0, m0, 'XP340/counter', ... (32 bytes))
2026-09-20T01:36:47: Sending PUBLISH to paho-client-01 (d0, q0, r0, m0, 'XP340/counter', ... (32 bytes))
2026-09-20T01:36:52: Received PUBLISH from esp32 (d0, q0, r0, m0, 'XP340/counter', ... (32 bytes))
2026-09-20T01:36:52: Sending PUBLISH to paho-client-01 (d0, q0, r0, m0, 'XP340/counter', ... (32 bytes))
2026-09-20T01:36:58: Received PUBLISH from esp32 (d0, q0, r0, m0, 'XP340/counter', ... (32 bytes))
2026-09-20T01:36:58: Sending PUBLISH to paho-client-01 (d0, q0, r0, m0, 'XP340/counter', ... (32 bytes))
2026-09-20T01:37:03: Received PUBLISH from esp32 (d0, q0, r0, m0, 'XP340/counter', ... (32 bytes))
2026-09-20T01:37:03: Sending PUBLISH to paho-client-01 (d0, q0, r0, m0, 'XP340/counter', ... (32 bytes))
2026-09-20T01:37:08: Received PUBLISH from esp32 (d0, q0, r0, m0, 'XP340/counter', ... (32 bytes))
2026-09-20T01:37:08: Sending PUBLISH to paho-client-01 (d0, q0, r0, m0, 'XP340/counter', ... (32 bytes))
2026-09-20T01:37:13: Received PUBLISH from esp32 (d0, q0, r0, m0, 'XP340/counter', ... (32 bytes))
2026-09-20T01:37:13: Sending PUBLISH to paho-client-01 (d0, q0, r0, m0, 'XP340/counter', ... (32 bytes))
2026-09-20T01:37:18: Received PUBLISH from esp32 (d0, q0, r0, m0, 'XP340/counter', ... (32 bytes))
2026-09-20T01:37:18: Sending PUBLISH to paho-client-01 (d0, q0, r0, m0, 'XP340/counter', ... (32 bytes))
2026-09-20T01:37:23: Received PUBLISH from esp32 (d0, q0, r0, m0, 'XP340/counter', ... (32 bytes))
2026-09-20T01:37:23: Sending PUBLISH to paho-client-01 (d0, q0, r0, m0, 'XP340/counter', ... (32 bytes))
2026-09-20T01:37:28: Received PUBLISH from esp32 (d0, q0, r0, m0, 'XP340/counter', ... (32 bytes))
2026-09-20T01:37:28: Sending PUBLISH to paho-client-01 (d0, q0, r0, m0, 'XP340/counter', ... (32 bytes))
2026-09-20T01:37:33: Received PUBLISH from esp32 (d0, q0, r0, m0, 'XP340/counter', ... (32 bytes))
2026-09-20T01:37:33: Sending PUBLISH to paho-client-01 (d0, q0, r0, m0, 'XP340/counter', ... (32 bytes))
2026-09-20T01:37:38: Received PUBLISH from esp32 (d0, q0, r0, m0, 'XP340/counter', ... (32 bytes))
2026-09-20T01:37:38: Sending PUBLISH to paho-client-01 (d0, q0, r0, m0, 'XP340/counter', ... (32 bytes))
2026-09-20T01:37:42: Received PINGREQ from paho-client-01
2026-09-20T01:37:42: Sending PINGRESP to paho-client-01
2026-09-20T01:37:43: Received PUBLISH from esp32 (d0, q0, r0, m0, 'XP340/counter', ... (32 bytes))
2026-09-20T01:37:43: Sending PUBLISH to paho-client-01 (d0, q0, r0, m0, 'XP340/counter', ... (32 bytes))
2026-09-20T01:37:48: Received PUBLISH from esp32 (d0, q0, r0, m0, 'XP340/counter', ... (32 bytes))
2026-09-20T01:37:48: Sending PUBLISH to paho-client-01 (d0, q0, r0, m0, 'XP340/counter', ... (32 bytes))
2026-09-20T01:37:53: Received PUBLISH from esp32 (d0, q0, r0, m0, 'XP340/counter', ... (32 bytes))
2026-09-20T01:37:53: Sending PUBLISH to paho-client-01 (d0, q0, r0, m0, 'XP340/counter', ... (32 bytes))
2026-09-20T01:37:58: Received PUBLISH from esp32 (d0, q0, r0, m0, 'XP340/counter', ... (32 bytes))
2026-09-20T01:37:58: Sending PUBLISH to paho-client-01 (d0, q0, r0, m0, 'XP340/counter', ... (32 bytes))
2026-09-20T01:38:03: Received PUBLISH from esp32 (d0, q0, r0, m0, 'XP340/counter', ... (32 bytes))
2026-09-20T01:38:03: Sending PUBLISH to paho-client-01 (d0, q0, r0, m0, 'XP340/counter', ... (32 bytes))
2026-09-20T01:38:08: Received PUBLISH from esp32 (d0, q0, r0, m0, 'XP340/counter', ... (32 bytes))
2026-09-20T01:38:08: Sending PUBLISH to paho-client-01 (d0, q0, r0, m0, 'XP340/counter', ... (32 bytes))
2026-09-20T01:38:13: Received PUBLISH from esp32 (d0, q0, r0, m0, 'XP340/counter', ... (32 bytes))
2026-09-20T01:38:13: Sending PUBLISH to paho-client-01 (d0, q0, r0, m0, 'XP340/counter', ... (32 bytes))
2026-09-20T01:38:18: Received PUBLISH from esp32 (d0, q0, r0, m0, 'XP340/counter', ... (32 bytes))
2026-09-20T01:38:18: Sending PUBLISH to paho-client-01 (d0, q0, r0, m0, 'XP340/counter', ... (32 bytes))
2026-09-20T01:38:24: Received PUBLISH from esp32 (d0, q0, r0, m0, 'XP340/counter', ... (32 bytes))
2026-09-20T01:38:24: Sending PUBLISH to paho-client-01 (d0, q0, r0, m0, 'XP340/counter', ... (32 bytes))
2026-09-20T01:38:28: Received PUBLISH from esp32 (d0, q0, r0, m0, 'XP340/counter', ... (32 bytes))
2026-09-20T01:38:28: Sending PUBLISH to paho-client-01 (d0, q0, r0, m0, 'XP340/counter', ... (32 bytes))
2026-09-20T01:38:33: Received PUBLISH from esp32 (d0, q0, r0, m0, 'XP340/counter', ... (32 bytes))
2026-09-20T01:38:33: Sending PUBLISH to paho-client-01 (d0, q0, r0, m0, 'XP340/counter', ... (32 bytes))
2026-09-20T01:38:38: Received PUBLISH from esp32 (d0, q0, r0, m0, 'XP340/counter', ... (32 bytes))
2026-09-20T01:38:38: Sending PUBLISH to paho-client-01 (d0, q0, r0, m0, 'XP340/counter', ... (32 bytes))
2026-09-20T01:38:43: Received PUBLISH from esp32 (d0, q0, r0, m0, 'XP340/counter', ... (32 bytes))
2026-09-20T01:38:43: Sending PUBLISH to paho-client-01 (d0, q0, r0, m0, 'XP340/counter', ... (32 bytes))
2026-09-20T01:38:43: Received PINGREQ from paho-client-01
2026-09-20T01:38:43: Sending PINGRESP to paho-client-01
2026-09-20T01:38:48: Received PUBLISH from esp32 (d0, q0, r0, m0, 'XP340/counter', ... (32 bytes))
2026-09-20T01:38:48: Sending PUBLISH to paho-client-01 (d0, q0, r0, m0, 'XP340/counter', ... (32 bytes))
2026-09-20T01:38:53: Received PUBLISH from esp32 (d0, q0, r0, m0, 'XP340/counter', ... (32 bytes))
2026-09-20T01:38:53: Sending PUBLISH to paho-client-01 (d0, q0, r0, m0, 'XP340/counter', ... (32 bytes))
2026-09-20T01:38:58: Received PUBLISH from esp32 (d0, q0, r0, m0, 'XP340/counter', ... (32 bytes))
2026-09-20T01:38:58: Sending PUBLISH to paho-client-01 (d0, q0, r0, m0, 'XP340/counter', ... (32 bytes))
2026-09-20T01:39:03: Received PUBLISH from esp32 (d0, q0, r0, m0, 'XP340/counter', ... (32 bytes))
2026-09-20T01:39:03: Sending PUBLISH to paho-client-01 (d0, q0, r0, m0, 'XP340/counter', ... (32 bytes))
2026-09-20T01:39:08: Received PUBLISH from esp32 (d0, q0, r0, m0, 'XP340/counter', ... (32 bytes))
2026-09-20T01:39:08: Sending PUBLISH to paho-client-01 (d0, q0, r0, m0, 'XP340/counter', ... (32 bytes))
2026-09-20T01:39:13: Received PUBLISH from esp32 (d0, q0, r0, m0, 'XP340/counter', ... (32 bytes))
2026-09-20T01:39:13: Sending PUBLISH to paho-client-01 (d0, q0, r0, m0, 'XP340/counter', ... (32 bytes))
2026-09-20T01:39:18: Received PUBLISH from esp32 (d0, q0, r0, m0, 'XP340/counter', ... (32 bytes))
2026-09-20T01:39:18: Sending PUBLISH to paho-client-01 (d0, q0, r0, m0, 'XP340/counter', ... (32 bytes))
2026-09-20T01:39:23: Received PUBLISH from esp32 (d0, q0, r0, m0, 'XP340/counter', ... (32 bytes))
2026-09-20T01:39:23: Sending PUBLISH to paho-client-01 (d0, q0, r0, m0, 'XP340/counter', ... (32 bytes))
2026-09-20T01:39:28: Received PUBLISH from esp32 (d0, q0, r0, m0, 'XP340/counter', ... (32 bytes))
2026-09-20T01:39:28: Sending PUBLISH to paho-client-01 (d0, q0, r0, m0, 'XP340/counter', ... (32 bytes))
2026-09-20T01:39:33: Received PUBLISH from esp32 (d0, q0, r0, m0, 'XP340/counter', ... (32 bytes))
2026-09-20T01:39:33: Sending PUBLISH to paho-client-01 (d0, q0, r0, m0, 'XP340/counter', ... (32 bytes))
2026-09-20T01:39:38: Received PUBLISH from esp32 (d0, q0, r0, m0, 'XP340/counter', ... (32 bytes))
2026-09-20T01:39:38: Sending PUBLISH to paho-client-01 (d0, q0, r0, m0, 'XP340/counter', ... (32 bytes))
2026-09-20T01:39:43: Received PINGREQ from paho-client-01
2026-09-20T01:39:43: Sending PINGRESP to paho-client-01
2026-09-20T01:39:43: Received PUBLISH from esp32 (d0, q0, r0, m0, 'XP340/counter', ... (32 bytes))
2026-09-20T01:39:43: Sending PUBLISH to paho-client-01 (d0, q0, r0, m0, 'XP340/counter', ... (32 bytes))
2026-09-20T01:39:48: Received PUBLISH from esp32 (d0, q0, r0, m0, 'XP340/counter', ... (32 bytes))
2026-09-20T01:39:48: Sending PUBLISH to paho-client-01 (d0, q0, r0, m0, 'XP340/counter', ... (32 bytes))
2026-09-20T01:39:53: Received PUBLISH from esp32 (d0, q0, r0, m0, 'XP340/counter', ... (32 bytes))
2026-09-20T01:39:53: Sending PUBLISH to paho-client-01 (d0, q0, r0, m0, 'XP340/counter', ... (32 bytes))
2026-09-20T01:39:58: Received PUBLISH from esp32 (d0, q0, r0, m0, 'XP340/counter', ... (32 bytes))
2026-09-20T01:39:58: Sending PUBLISH to paho-client-01 (d0, q0, r0, m0, 'XP340/counter', ... (32 bytes))
2026-09-20T01:40:03: Received PUBLISH from esp32 (d0, q0, r0, m0, 'XP340/counter', ... (32 bytes))
2026-09-20T01:40:03: Sending PUBLISH to paho-client-01 (d0, q0, r0, m0, 'XP340/counter', ... (32 bytes))
2026-09-20T01:40:09: Received PUBLISH from esp32 (d0, q0, r0, m0, 'XP340/counter', ... (32 bytes))
2026-09-20T01:40:09: Sending PUBLISH to paho-client-01 (d0, q0, r0, m0, 'XP340/counter', ... (32 bytes))
2026-09-20T01:40:13: Received PUBLISH from esp32 (d0, q0, r0, m0, 'XP340/counter', ... (32 bytes))
2026-09-20T01:40:13: Sending PUBLISH to paho-client-01 (d0, q0, r0, m0, 'XP340/counter', ... (32 bytes))
2026-09-20T01:40:18: Received PUBLISH from esp32 (d0, q0, r0, m0, 'XP340/counter', ... (32 bytes))
2026-09-20T01:40:18: Sending PUBLISH to paho-client-01 (d0, q0, r0, m0, 'XP340/counter', ... (32 bytes))
2026-09-20T01:40:24: Received PUBLISH from esp32 (d0, q0, r0, m0, 'XP340/counter', ... (32 bytes))
2026-09-20T01:40:24: Sending PUBLISH to paho-client-01 (d0, q0, r0, m0, 'XP340/counter', ... (32 bytes))
2026-09-20T01:40:28: Received PUBLISH from esp32 (d0, q0, r0, m0, 'XP340/counter', ... (32 bytes))
2026-09-20T01:40:28: Sending PUBLISH to paho-client-01 (d0, q0, r0, m0, 'XP340/counter', ... (32 bytes))
2026-09-20T01:40:34: Received PUBLISH from esp32 (d0, q0, r0, m0, 'XP340/counter', ... (32 bytes))
2026-09-20T01:40:34: Sending PUBLISH to paho-client-01 (d0, q0, r0, m0, 'XP340/counter', ... (32 bytes))
2026-09-20T01:40:38: Received PUBLISH from esp32 (d0, q0, r0, m0, 'XP340/counter', ... (32 bytes))
2026-09-20T01:40:38: Sending PUBLISH to paho-client-01 (d0, q0, r0, m0, 'XP340/counter', ... (32 bytes))
2026-09-20T01:40:43: Received PUBLISH from esp32 (d0, q0, r0, m0, 'XP340/counter', ... (32 bytes))
2026-09-20T01:40:43: Sending PUBLISH to paho-client-01 (d0, q0, r0, m0, 'XP340/counter', ... (32 bytes))
2026-09-20T01:40:43: Received PINGREQ from paho-client-01
2026-09-20T01:40:43: Sending PINGRESP to paho-client-01
2026-09-20T01:40:50: Received PUBLISH from esp32 (d0, q0, r0, m0, 'XP340/counter', ... (32 bytes))
2026-09-20T01:40:50: Sending PUBLISH to paho-client-01 (d0, q0, r0, m0, 'XP340/counter', ... (32 bytes))
2026-09-20T01:40:53: Received PUBLISH from esp32 (d0, q0, r0, m0, 'XP340/counter', ... (32 bytes))
2026-09-20T01:40:53: Sending PUBLISH to paho-client-01 (d0, q0, r0, m0, 'XP340/counter', ... (32 bytes))
2026-09-20T01:40:58: Received PUBLISH from esp32 (d0, q0, r0, m0, 'XP340/counter', ... (32 bytes))
2026-09-20T01:40:58: Sending PUBLISH to paho-client-01 (d0, q0, r0, m0, 'XP340/counter', ... (32 bytes))
2026-09-20T01:41:03: Received PUBLISH from esp32 (d0, q0, r0, m0, 'XP340/counter', ... (32 bytes))
2026-09-20T01:41:03: Sending PUBLISH to paho-client-01 (d0, q0, r0, m0, 'XP340/counter', ... (32 bytes))
2026-09-20T01:41:08: Received PUBLISH from esp32 (d0, q0, r0, m0, 'XP340/counter', ... (32 bytes))
2026-09-20T01:41:08: Sending PUBLISH to paho-client-01 (d0, q0, r0, m0, 'XP340/counter', ... (32 bytes))
2026-09-20T01:41:13: Received PUBLISH from esp32 (d0, q0, r0, m0, 'XP340/counter', ... (32 bytes))
2026-09-20T01:41:13: Sending PUBLISH to paho-client-01 (d0, q0, r0, m0, 'XP340/counter', ... (32 bytes))
2026-09-20T01:41:18: Received PUBLISH from esp32 (d0, q0, r0, m0, 'XP340/counter', ... (32 bytes))
2026-09-20T01:41:18: Sending PUBLISH to paho-client-01 (d0, q0, r0, m0, 'XP340/counter', ... (32 bytes))
2026-09-20T01:41:23: Received PUBLISH from esp32 (d0, q0, r0, m0, 'XP340/counter', ... (32 bytes))
2026-09-20T01:41:23: Sending PUBLISH to paho-client-01 (d0, q0, r0, m0, 'XP340/counter', ... (32 bytes))
2026-09-20T01:41:28: Received PUBLISH from esp32 (d0, q0, r0, m0, 'XP340/counter', ... (32 bytes))
2026-09-20T01:41:28: Sending PUBLISH to paho-client-01 (d0, q0, r0, m0, 'XP340/counter', ... (32 bytes))
2026-09-20T01:41:33: Received PUBLISH from esp32 (d0, q0, r0, m0, 'XP340/counter', ... (32 bytes))
2026-09-20T01:41:33: Sending PUBLISH to paho-client-01 (d0, q0, r0, m0, 'XP340/counter', ... (32 bytes))
2026-09-20T01:41:39: Received PUBLISH from esp32 (d0, q0, r0, m0, 'XP340/counter', ... (32 bytes))
2026-09-20T01:41:39: Sending PUBLISH to paho-client-01 (d0, q0, r0, m0, 'XP340/counter', ... (32 bytes))
2026-09-20T01:41:43: Received PUBLISH from esp32 (d0, q0, r0, m0, 'XP340/counter', ... (32 bytes))
2026-09-20T01:41:43: Sending PUBLISH to paho-client-01 (d0, q0, r0, m0, 'XP340/counter', ... (32 bytes))
2026-09-20T01:41:43: Received PINGREQ from paho-client-01
2026-09-20T01:41:43: Sending PINGRESP to paho-client-01
2026-09-20T01:41:49: Received PUBLISH from esp32 (d0, q0, r0, m0, 'XP340/counter', ... (32 bytes))
2026-09-20T01:41:49: Sending PUBLISH to paho-client-01 (d0, q0, r0, m0, 'XP340/counter', ... (32 bytes))
2026-09-20T01:41:54: Received PUBLISH from esp32 (d0, q0, r0, m0, 'XP340/counter', ... (32 bytes))
2026-09-20T01:41:54: Sending PUBLISH to paho-client-01 (d0, q0, r0, m0, 'XP340/counter', ... (32 bytes))
2026-09-20T01:41:58: Received PUBLISH from esp32 (d0, q0, r0, m0, 'XP340/counter', ... (32 bytes))
2026-09-20T01:41:58: Sending PUBLISH to paho-client-01 (d0, q0, r0, m0, 'XP340/counter', ... (32 bytes))
2026-09-20T01:42:03: Received PUBLISH from esp32 (d0, q0, r0, m0, 'XP340/counter', ... (32 bytes))
2026-09-20T01:42:03: Sending PUBLISH to paho-client-01 (d0, q0, r0, m0, 'XP340/counter', ... (32 bytes))
2026-09-20T01:42:08: Received PUBLISH from esp32 (d0, q0, r0, m0, 'XP340/counter', ... (32 bytes))
2026-09-20T01:42:08: Sending PUBLISH to paho-client-01 (d0, q0, r0, m0, 'XP340/counter', ... (32 bytes))
2026-09-20T01:42:13: Received PUBLISH from esp32 (d0, q0, r0, m0, 'XP340/counter', ... (32 bytes))
2026-09-20T01:42:13: Sending PUBLISH to paho-client-01 (d0, q0, r0, m0, 'XP340/counter', ... (32 bytes))
2026-09-20T01:42:19: Received PUBLISH from esp32 (d0, q0, r0, m0, 'XP340/counter', ... (32 bytes))
2026-09-20T01:42:19: Sending PUBLISH to paho-client-01 (d0, q0, r0, m0, 'XP340/counter', ... (32 bytes))
2026-09-20T01:42:27: Received PUBLISH from esp32 (d0, q0, r0, m0, 'XP340/counter', ... (32 bytes))
2026-09-20T01:42:27: Sending PUBLISH to paho-client-01 (d0, q0, r0, m0, 'XP340/counter', ... (32 bytes))
2026-09-20T01:42:29: Received PUBLISH from esp32 (d0, q0, r0, m0, 'XP340/counter', ... (32 bytes))
2026-09-20T01:42:29: Sending PUBLISH to paho-client-01 (d0, q0, r0, m0, 'XP340/counter', ... (32 bytes))
2026-09-20T01:42:34: Received PUBLISH from esp32 (d0, q0, r0, m0, 'XP340/counter', ... (32 bytes))
2026-09-20T01:42:34: Sending PUBLISH to paho-client-01 (d0, q0, r0, m0, 'XP340/counter', ... (32 bytes))
2026-09-20T01:42:41: Received PUBLISH from esp32 (d0, q0, r0, m0, 'XP340/counter', ... (32 bytes))
2026-09-20T01:42:41: Sending PUBLISH to paho-client-01 (d0, q0, r0, m0, 'XP340/counter', ... (32 bytes))
2026-09-20T01:42:44: Received PINGREQ from paho-client-01
2026-09-20T01:42:44: Sending PINGRESP to paho-client-01
2026-09-20T01:42:45: Received PUBLISH from esp32 (d0, q0, r0, m0, 'XP340/counter', ... (32 bytes))
2026-09-20T01:42:45: Sending PUBLISH to paho-client-01 (d0, q0, r0, m0, 'XP340/counter', ... (32 bytes))
2026-09-20T01:42:54: Received PUBLISH from esp32 (d0, q0, r0, m0, 'XP340/counter', ... (32 bytes))
2026-09-20T01:42:54: Sending PUBLISH to paho-client-01 (d0, q0, r0, m0, 'XP340/counter', ... (32 bytes))
2026-09-20T01:42:54: Received PUBLISH from esp32 (d0, q0, r0, m0, 'XP340/counter', ... (32 bytes))
2026-09-20T01:42:54: Sending PUBLISH to paho-client-01 (d0, q0, r0, m0, 'XP340/counter', ... (32 bytes))
2026-09-20T01:42:59: Received PUBLISH from esp32 (d0, q0, r0, m0, 'XP340/counter', ... (32 bytes))
2026-09-20T01:42:59: Sending PUBLISH to paho-client-01 (d0, q0, r0, m0, 'XP340/counter', ... (32 bytes))
2026-09-20T01:43:04: Received PUBLISH from esp32 (d0, q0, r0, m0, 'XP340/counter', ... (32 bytes))
2026-09-20T01:43:04: Sending PUBLISH to paho-client-01 (d0, q0, r0, m0, 'XP340/counter', ... (32 bytes))
2026-09-20T01:43:09: Received PUBLISH from esp32 (d0, q0, r0, m0, 'XP340/counter', ... (32 bytes))
2026-09-20T01:43:09: Sending PUBLISH to paho-client-01 (d0, q0, r0, m0, 'XP340/counter', ... (32 bytes))
2026-09-20T01:43:14: Received PUBLISH from esp32 (d0, q0, r0, m0, 'XP340/counter', ... (32 bytes))
2026-09-20T01:43:14: Sending PUBLISH to paho-client-01 (d0, q0, r0, m0, 'XP340/counter', ... (32 bytes))
2026-09-20T01:43:19: Received PUBLISH from esp32 (d0, q0, r0, m0, 'XP340/counter', ... (32 bytes))
2026-09-20T01:43:19: Sending PUBLISH to paho-client-01 (d0, q0, r0, m0, 'XP340/counter', ... (32 bytes))
2026-09-20T01:43:24: Received PUBLISH from esp32 (d0, q0, r0, m0, 'XP340/counter', ... (32 bytes))
2026-09-20T01:43:24: Sending PUBLISH to paho-client-01 (d0, q0, r0, m0, 'XP340/counter', ... (32 bytes))
2026-09-20T01:43:29: Received PUBLISH from esp32 (d0, q0, r0, m0, 'XP340/counter', ... (32 bytes))
2026-09-20T01:43:29: Sending PUBLISH to paho-client-01 (d0, q0, r0, m0, 'XP340/counter', ... (32 bytes))
2026-09-20T01:43:33: Received PUBLISH from esp32 (d0, q0, r0, m0, 'XP340/counter', ... (32 bytes))
2026-09-20T01:43:33: Sending PUBLISH to paho-client-01 (d0, q0, r0, m0, 'XP340/counter', ... (32 bytes))
2026-09-20T01:43:39: Received PUBLISH from esp32 (d0, q0, r0, m0, 'XP340/counter', ... (32 bytes))
2026-09-20T01:43:39: Sending PUBLISH to paho-client-01 (d0, q0, r0, m0, 'XP340/counter', ... (32 bytes))
2026-09-20T01:43:44: Received PUBLISH from esp32 (d0, q0, r0, m0, 'XP340/counter', ... (32 bytes))
2026-09-20T01:43:44: Sending PUBLISH to paho-client-01 (d0, q0, r0, m0, 'XP340/counter', ... (32 bytes))
2026-09-20T01:43:45: Received PINGREQ from paho-client-01
2026-09-20T01:43:45: Sending PINGRESP to paho-client-01
2026-09-20T01:43:49: Received PUBLISH from esp32 (d0, q0, r0, m0, 'XP340/counter', ... (32 bytes))
2026-09-20T01:43:49: Sending PUBLISH to paho-client-01 (d0, q0, r0, m0, 'XP340/counter', ... (32 bytes))
2026-09-20T01:43:54: Received PUBLISH from esp32 (d0, q0, r0, m0, 'XP340/counter', ... (32 bytes))
2026-09-20T01:43:54: Sending PUBLISH to paho-client-01 (d0, q0, r0, m0, 'XP340/counter', ... (32 bytes))
2026-09-20T01:43:59: Received PUBLISH from esp32 (d0, q0, r0, m0, 'XP340/counter', ... (32 bytes))
2026-09-20T01:43:59: Sending PUBLISH to paho-client-01 (d0, q0, r0, m0, 'XP340/counter', ... (32 bytes))
2026-09-20T01:44:04: Received PUBLISH from esp32 (d0, q0, r0, m0, 'XP340/counter', ... (32 bytes))
2026-09-20T01:44:04: Sending PUBLISH to paho-client-01 (d0, q0, r0, m0, 'XP340/counter', ... (32 bytes))
2026-09-20T01:44:09: Received PUBLISH from esp32 (d0, q0, r0, m0, 'XP340/counter', ... (32 bytes))
2026-09-20T01:44:09: Sending PUBLISH to paho-client-01 (d0, q0, r0, m0, 'XP340/counter', ... (32 bytes))
2026-09-20T01:44:14: Received PUBLISH from esp32 (d0, q0, r0, m0, 'XP340/counter', ... (32 bytes))
2026-09-20T01:44:14: Sending PUBLISH to paho-client-01 (d0, q0, r0, m0, 'XP340/counter', ... (32 bytes))
2026-09-20T01:44:19: Received PUBLISH from esp32 (d0, q0, r0, m0, 'XP340/counter', ... (32 bytes))
2026-09-20T01:44:19: Sending PUBLISH to paho-client-01 (d0, q0, r0, m0, 'XP340/counter', ... (32 bytes))
2026-09-20T01:44:24: Received PUBLISH from esp32 (d0, q0, r0, m0, 'XP340/counter', ... (32 bytes))
2026-09-20T01:44:24: Sending PUBLISH to paho-client-01 (d0, q0, r0, m0, 'XP340/counter', ... (32 bytes))
2026-09-20T01:44:29: Received PUBLISH from esp32 (d0, q0, r0, m0, 'XP340/counter', ... (32 bytes))
2026-09-20T01:44:29: Sending PUBLISH to paho-client-01 (d0, q0, r0, m0, 'XP340/counter', ... (32 bytes))
2026-09-20T01:44:34: Received PUBLISH from esp32 (d0, q0, r0, m0, 'XP340/counter', ... (32 bytes))
2026-09-20T01:44:34: Sending PUBLISH to paho-client-01 (d0, q0, r0, m0, 'XP340/counter', ... (32 bytes))
2026-09-20T01:44:39: Received PUBLISH from esp32 (d0, q0, r0, m0, 'XP340/counter', ... (32 bytes))
2026-09-20T01:44:39: Sending PUBLISH to paho-client-01 (d0, q0, r0, m0, 'XP340/counter', ... (32 bytes))
2026-09-20T01:44:44: Received PUBLISH from esp32 (d0, q0, r0, m0, 'XP340/counter', ... (32 bytes))
2026-09-20T01:44:44: Sending PUBLISH to paho-client-01 (d0, q0, r0, m0, 'XP340/counter', ... (32 bytes))
2026-09-20T01:44:45: Received PINGREQ from paho-client-01
2026-09-20T01:44:45: Sending PINGRESP to paho-client-01
2026-09-20T01:44:49: Received PUBLISH from esp32 (d0, q0, r0, m0, 'XP340/counter', ... (32 bytes))
2026-09-20T01:44:49: Sending PUBLISH to paho-client-01 (d0, q0, r0, m0, 'XP340/counter', ... (32 bytes))
2026-09-20T01:44:54: Received PUBLISH from esp32 (d0, q0, r0, m0, 'XP340/counter', ... (32 bytes))
2026-09-20T01:44:54: Sending PUBLISH to paho-client-01 (d0, q0, r0, m0, 'XP340/counter', ... (32 bytes))
2026-09-20T01:44:59: Received PUBLISH from esp32 (d0, q0, r0, m0, 'XP340/counter', ... (32 bytes))
2026-09-20T01:44:59: Sending PUBLISH to paho-client-01 (d0, q0, r0, m0, 'XP340/counter', ... (32 bytes))
2026-09-20T01:45:04: Received PUBLISH from esp32 (d0, q0, r0, m0, 'XP340/counter', ... (32 bytes))
2026-09-20T01:45:04: Sending PUBLISH to paho-client-01 (d0, q0, r0, m0, 'XP340/counter', ... (32 bytes))
2026-09-20T01:45:09: Received PUBLISH from esp32 (d0, q0, r0, m0, 'XP340/counter', ... (32 bytes))
2026-09-20T01:45:09: Sending PUBLISH to paho-client-01 (d0, q0, r0, m0, 'XP340/counter', ... (32 bytes))
2026-09-20T01:45:14: Received PUBLISH from esp32 (d0, q0, r0, m0, 'XP340/counter', ... (32 bytes))
2026-09-20T01:45:14: Sending PUBLISH to paho-client-01 (d0, q0, r0, m0, 'XP340/counter', ... (32 bytes))
2026-09-20T01:45:19: Received PUBLISH from esp32 (d0, q0, r0, m0, 'XP340/counter', ... (32 bytes))
2026-09-20T01:45:19: Sending PUBLISH to paho-client-01 (d0, q0, r0, m0, 'XP340/counter', ... (32 bytes))
2026-09-20T01:45:24: Received PUBLISH from esp32 (d0, q0, r0, m0, 'XP340/counter', ... (32 bytes))
2026-09-20T01:45:24: Sending PUBLISH to paho-client-01 (d0, q0, r0, m0, 'XP340/counter', ... (32 bytes))
2026-09-20T01:45:29: Received PUBLISH from esp32 (d0, q0, r0, m0, 'XP340/counter', ... (32 bytes))
2026-09-20T01:45:29: Sending PUBLISH to paho-client-01 (d0, q0, r0, m0, 'XP340/counter', ... (32 bytes))
2026-09-20T01:45:34: Received PUBLISH from esp32 (d0, q0, r0, m0, 'XP340/counter', ... (32 bytes))
2026-09-20T01:45:34: Sending PUBLISH to paho-client-01 (d0, q0, r0, m0, 'XP340/counter', ... (32 bytes))
2026-09-20T01:45:41: Received PUBLISH from esp32 (d0, q0, r0, m0, 'XP340/counter', ... (32 bytes))
2026-09-20T01:45:41: Sending PUBLISH to paho-client-01 (d0, q0, r0, m0, 'XP340/counter', ... (32 bytes))
2026-09-20T01:45:44: Received PUBLISH from esp32 (d0, q0, r0, m0, 'XP340/counter', ... (32 bytes))
2026-09-20T01:45:44: Sending PUBLISH to paho-client-01 (d0, q0, r0, m0, 'XP340/counter', ... (32 bytes))
2026-09-20T01:45:45: Received PINGREQ from paho-client-01
2026-09-20T01:45:45: Sending PINGRESP to paho-client-01
2026-09-20T01:45:50: Received PUBLISH from esp32 (d0, q0, r0, m0, 'XP340/counter', ... (32 bytes))
2026-09-20T01:45:50: Sending PUBLISH to paho-client-01 (d0, q0, r0, m0, 'XP340/counter', ... (32 bytes))
2026-09-20T01:45:54: Received PUBLISH from esp32 (d0, q0, r0, m0, 'XP340/counter', ... (32 bytes))
2026-09-20T01:45:54: Sending PUBLISH to paho-client-01 (d0, q0, r0, m0, 'XP340/counter', ... (32 bytes))
2026-09-20T01:45:59: Received PUBLISH from esp32 (d0, q0, r0, m0, 'XP340/counter', ... (32 bytes))
2026-09-20T01:45:59: Sending PUBLISH to paho-client-01 (d0, q0, r0, m0, 'XP340/counter', ... (32 bytes))
2026-09-20T01:46:06: Received PUBLISH from esp32 (d0, q0, r0, m0, 'XP340/counter', ... (32 bytes))
2026-09-20T01:46:06: Sending PUBLISH to paho-client-01 (d0, q0, r0, m0, 'XP340/counter', ... (32 bytes))
2026-09-20T01:46:09: Received PUBLISH from esp32 (d0, q0, r0, m0, 'XP340/counter', ... (32 bytes))
2026-09-20T01:46:09: Sending PUBLISH to paho-client-01 (d0, q0, r0, m0, 'XP340/counter', ... (32 bytes))
2026-09-20T01:46:14: Received PUBLISH from esp32 (d0, q0, r0, m0, 'XP340/counter', ... (32 bytes))
2026-09-20T01:46:14: Sending PUBLISH to paho-client-01 (d0, q0, r0, m0, 'XP340/counter', ... (32 bytes))
2026-09-20T01:46:19: Received PUBLISH from esp32 (d0, q0, r0, m0, 'XP340/counter', ... (32 bytes))
2026-09-20T01:46:19: Sending PUBLISH to paho-client-01 (d0, q0, r0, m0, 'XP340/counter', ... (32 bytes))
2026-09-20T01:46:24: Received PUBLISH from esp32 (d0, q0, r0, m0, 'XP340/counter', ... (32 bytes))
2026-09-20T01:46:24: Sending PUBLISH to paho-client-01 (d0, q0, r0, m0, 'XP340/counter', ... (32 bytes))
2026-09-20T01:46:29: Received PUBLISH from esp32 (d0, q0, r0, m0, 'XP340/counter', ... (32 bytes))
2026-09-20T01:46:29: Sending PUBLISH to paho-client-01 (d0, q0, r0, m0, 'XP340/counter', ... (32 bytes))
2026-09-20T01:46:34: Received PUBLISH from esp32 (d0, q0, r0, m0, 'XP340/counter', ... (32 bytes))
2026-09-20T01:46:34: Sending PUBLISH to paho-client-01 (d0, q0, r0, m0, 'XP340/counter', ... (32 bytes))
2026-09-20T01:46:39: Received PUBLISH from esp32 (d0, q0, r0, m0, 'XP340/counter', ... (32 bytes))
2026-09-20T01:46:39: Sending PUBLISH to paho-client-01 (d0, q0, r0, m0, 'XP340/counter', ... (32 bytes))
2026-09-20T01:46:44: Received PUBLISH from esp32 (d0, q0, r0, m0, 'XP340/counter', ... (32 bytes))
2026-09-20T01:46:44: Sending PUBLISH to paho-client-01 (d0, q0, r0, m0, 'XP340/counter', ... (32 bytes))
2026-09-20T01:46:45: Received PINGREQ from paho-client-01
2026-09-20T01:46:45: Sending PINGRESP to paho-client-01
2026-09-20T01:46:49: Received PUBLISH from esp32 (d0, q0, r0, m0, 'XP340/counter', ... (32 bytes))
2026-09-20T01:46:49: Sending PUBLISH to paho-client-01 (d0, q0, r0, m0, 'XP340/counter', ... (32 bytes))
2026-09-20T01:46:54: Received PUBLISH from esp32 (d0, q0, r0, m0, 'XP340/counter', ... (32 bytes))
2026-09-20T01:46:54: Sending PUBLISH to paho-client-01 (d0, q0, r0, m0, 'XP340/counter', ... (32 bytes))
2026-09-20T01:46:59: Received PUBLISH from esp32 (d0, q0, r0, m0, 'XP340/counter', ... (32 bytes))
2026-09-20T01:46:59: Sending PUBLISH to paho-client-01 (d0, q0, r0, m0, 'XP340/counter', ... (32 bytes))
2026-09-20T01:47:04: Received PUBLISH from esp32 (d0, q0, r0, m0, 'XP340/counter', ... (32 bytes))
2026-09-20T01:47:04: Sending PUBLISH to paho-client-01 (d0, q0, r0, m0, 'XP340/counter', ... (32 bytes))
2026-09-20T01:47:09: Received PUBLISH from esp32 (d0, q0, r0, m0, 'XP340/counter', ... (32 bytes))
2026-09-20T01:47:09: Sending PUBLISH to paho-client-01 (d0, q0, r0, m0, 'XP340/counter', ... (32 bytes))
2026-09-20T01:47:14: Received PUBLISH from esp32 (d0, q0, r0, m0, 'XP340/counter', ... (32 bytes))
2026-09-20T01:47:14: Sending PUBLISH to paho-client-01 (d0, q0, r0, m0, 'XP340/counter', ... (32 bytes))
2026-09-20T01:47:19: Received PUBLISH from esp32 (d0, q0, r0, m0, 'XP340/counter', ... (32 bytes))
2026-09-20T01:47:19: Sending PUBLISH to paho-client-01 (d0, q0, r0, m0, 'XP340/counter', ... (32 bytes))
2026-09-20T01:47:24: Received PUBLISH from esp32 (d0, q0, r0, m0, 'XP340/counter', ... (32 bytes))
2026-09-20T01:47:24: Sending PUBLISH to paho-client-01 (d0, q0, r0, m0, 'XP340/counter', ... (32 bytes))
2026-09-20T01:47:26: Received PUBLISH from paho-client-01 (d0, q0, r0, m0, 'XP340/I_00', ... (2 bytes))
2026-09-20T01:47:26: Sending PUBLISH to esp32 (d0, q0, r0, m0, 'XP340/I_00', ... (2 bytes))
2026-09-20T01:47:29: Received PUBLISH from esp32 (d0, q0, r0, m0, 'XP340/counter', ... (32 bytes))
2026-09-20T01:47:29: Sending PUBLISH to paho-client-01 (d0, q0, r0, m0, 'XP340/counter', ... (32 bytes))
2026-09-20T01:47:33: Received PUBLISH from paho-client-01 (d0, q0, r0, m0, 'XP340/I_00', ... (3 bytes))
2026-09-20T01:47:33: Sending PUBLISH to esp32 (d0, q0, r0, m0, 'XP340/I_00', ... (3 bytes))
2026-09-20T01:47:34: Received PUBLISH from esp32 (d0, q0, r0, m0, 'XP340/counter', ... (32 bytes))
2026-09-20T01:47:34: Sending PUBLISH to paho-client-01 (d0, q0, r0, m0, 'XP340/counter', ... (32 bytes))
2026-09-20T01:47:39: Received PUBLISH from esp32 (d0, q0, r0, m0, 'XP340/counter', ... (32 bytes))
2026-09-20T01:47:39: Sending PUBLISH to paho-client-01 (d0, q0, r0, m0, 'XP340/counter', ... (32 bytes))
2026-09-20T01:47:44: Received PUBLISH from esp32 (d0, q0, r0, m0, 'XP340/counter', ... (32 bytes))
2026-09-20T01:47:44: Sending PUBLISH to paho-client-01 (d0, q0, r0, m0, 'XP340/counter', ... (32 bytes))
2026-09-20T01:47:45: Received PINGREQ from paho-client-01
2026-09-20T01:47:45: Sending PINGRESP to paho-client-01
2026-09-20T01:47:49: Received PUBLISH from esp32 (d0, q0, r0, m0, 'XP340/counter', ... (32 bytes))
2026-09-20T01:47:49: Sending PUBLISH to paho-client-01 (d0, q0, r0, m0, 'XP340/counter', ... (32 bytes))
2026-09-20T01:47:54: Received PUBLISH from esp32 (d0, q0, r0, m0, 'XP340/counter', ... (32 bytes))
2026-09-20T01:47:54: Sending PUBLISH to paho-client-01 (d0, q0, r0, m0, 'XP340/counter', ... (32 bytes))
2026-09-20T01:47:59: Received PUBLISH from esp32 (d0, q0, r0, m0, 'XP340/counter', ... (32 bytes))
2026-09-20T01:47:59: Sending PUBLISH to paho-client-01 (d0, q0, r0, m0, 'XP340/counter', ... (32 bytes))
2026-09-20T01:48:04: Received PUBLISH from esp32 (d0, q0, r0, m0, 'XP340/counter', ... (32 bytes))
2026-09-20T01:48:04: Sending PUBLISH to paho-client-01 (d0, q0, r0, m0, 'XP340/counter', ... (32 bytes))
2026-09-20T01:48:09: Received PUBLISH from esp32 (d0, q0, r0, m0, 'XP340/counter', ... (32 bytes))
2026-09-20T01:48:09: Sending PUBLISH to paho-client-01 (d0, q0, r0, m0, 'XP340/counter', ... (32 bytes))
2026-09-20T01:48:14: Received PUBLISH from esp32 (d0, q0, r0, m0, 'XP340/counter', ... (32 bytes))
2026-09-20T01:48:14: Sending PUBLISH to paho-client-01 (d0, q0, r0, m0, 'XP340/counter', ... (32 bytes))
2026-09-20T01:48:19: Received PUBLISH from esp32 (d0, q0, r0, m0, 'XP340/counter', ... (32 bytes))
2026-09-20T01:48:19: Sending PUBLISH to paho-client-01 (d0, q0, r0, m0, 'XP340/counter', ... (32 bytes))
2026-09-20T01:48:25: Received PUBLISH from esp32 (d0, q0, r0, m0, 'XP340/counter', ... (32 bytes))
2026-09-20T01:48:25: Sending PUBLISH to paho-client-01 (d0, q0, r0, m0, 'XP340/counter', ... (32 bytes))
2026-09-20T01:48:29: Received PUBLISH from esp32 (d0, q0, r0, m0, 'XP340/counter', ... (32 bytes))
2026-09-20T01:48:29: Sending PUBLISH to paho-client-01 (d0, q0, r0, m0, 'XP340/counter', ... (32 bytes))
2026-09-20T01:48:34: Received PUBLISH from esp32 (d0, q0, r0, m0, 'XP340/counter', ... (32 bytes))
2026-09-20T01:48:34: Sending PUBLISH to paho-client-01 (d0, q0, r0, m0, 'XP340/counter', ... (32 bytes))
2026-09-20T01:48:40: Received PUBLISH from esp32 (d0, q0, r0, m0, 'XP340/counter', ... (32 bytes))
2026-09-20T01:48:40: Sending PUBLISH to paho-client-01 (d0, q0, r0, m0, 'XP340/counter', ... (32 bytes))
2026-09-20T01:48:44: Received PUBLISH from esp32 (d0, q0, r0, m0, 'XP340/counter', ... (32 bytes))
2026-09-20T01:48:44: Sending PUBLISH to paho-client-01 (d0, q0, r0, m0, 'XP340/counter', ... (32 bytes))
2026-09-20T01:48:45: Received PINGREQ from paho-client-01
2026-09-20T01:48:45: Sending PINGRESP to paho-client-01
2026-09-20T01:48:49: Received PUBLISH from esp32 (d0, q0, r0, m0, 'XP340/counter', ... (32 bytes))
2026-09-20T01:48:49: Sending PUBLISH to paho-client-01 (d0, q0, r0, m0, 'XP340/counter', ... (32 bytes))
2026-09-20T01:48:55: Received PUBLISH from esp32 (d0, q0, r0, m0, 'XP340/counter', ... (32 bytes))
2026-09-20T01:48:55: Sending PUBLISH to paho-client-01 (d0, q0, r0, m0, 'XP340/counter', ... (32 bytes))
2026-09-20T01:48:59: Received PUBLISH from esp32 (d0, q0, r0, m0, 'XP340/counter', ... (32 bytes))
2026-09-20T01:48:59: Sending PUBLISH to paho-client-01 (d0, q0, r0, m0, 'XP340/counter', ... (32 bytes))
2026-09-20T01:49:05: Received PUBLISH from esp32 (d0, q0, r0, m0, 'XP340/counter', ... (32 bytes))
2026-09-20T01:49:05: Sending PUBLISH to paho-client-01 (d0, q0, r0, m0, 'XP340/counter', ... (32 bytes))
2026-09-20T01:49:10: Received PUBLISH from esp32 (d0, q0, r0, m0, 'XP340/counter', ... (32 bytes))
2026-09-20T01:49:10: Sending PUBLISH to paho-client-01 (d0, q0, r0, m0, 'XP340/counter', ... (32 bytes))
2026-09-20T01:49:15: Received PUBLISH from esp32 (d0, q0, r0, m0, 'XP340/counter', ... (32 bytes))
2026-09-20T01:49:15: Sending PUBLISH to paho-client-01 (d0, q0, r0, m0, 'XP340/counter', ... (32 bytes))
2026-09-20T01:49:20: Received PUBLISH from esp32 (d0, q0, r0, m0, 'XP340/counter', ... (32 bytes))
2026-09-20T01:49:20: Sending PUBLISH to paho-client-01 (d0, q0, r0, m0, 'XP340/counter', ... (32 bytes))
2026-09-20T01:49:46: Received PINGREQ from paho-client-01
2026-09-20T01:49:46: Sending PINGRESP to paho-client-01
2026-09-20T01:50:46: Received PINGREQ from paho-client-01
2026-09-20T01:50:46: Sending PINGRESP to paho-client-01
2026-09-20T01:50:48: OpenSSL Error while trying to get the error[0]: error:0A000126:SSL routines::unexpected eof while reading
2026-09-20T01:50:48: Client esp32 [10.0.0.223:62316] disconnected: connection closed by client.
2026-09-20T01:50:49: New connection from 10.0.0.223:62317 on port 8883.
2026-09-20T01:50:51: New client connected from 10.0.0.223:62317 as esp32 (p4, c1, k60, u'ESP32-Sensor-01').
2026-09-20T01:50:51: No will message specified.
2026-09-20T01:50:51: Client esp32 negotiated TLSv1.2 cipher ECDHE-RSA-AES256-GCM-SHA384
2026-09-20T01:50:51: Sending CONNACK to esp32 (0, 0)
2026-09-20T01:50:51: Received SUBSCRIBE from esp32
2026-09-20T01:50:51: 	XP340/I_00 (QoS 0)
2026-09-20T01:50:51: esp32 0 XP340/I_00
2026-09-20T01:50:51: Sending SUBACK to esp32
2026-09-20T01:50:52: Received SUBSCRIBE from esp32
2026-09-20T01:50:52: 	XP340/I_01 (QoS 0)
2026-09-20T01:50:52: esp32 0 XP340/I_01
2026-09-20T01:50:52: Sending SUBACK to esp32
2026-09-20T01:50:52: Received PUBLISH from esp32 (d0, q0, r0, m0, 'XP340/counter', ... (30 bytes))
2026-09-20T01:50:52: Sending PUBLISH to paho-client-01 (d0, q0, r0, m0, 'XP340/counter', ... (30 bytes))
2026-09-20T01:50:57: Received PUBLISH from esp32 (d0, q0, r0, m0, 'XP340/counter', ... (30 bytes))
2026-09-20T01:50:57: Sending PUBLISH to paho-client-01 (d0, q0, r0, m0, 'XP340/counter', ... (30 bytes))
2026-09-20T01:51:01: Received PUBLISH from paho-client-01 (d0, q0, r0, m0, 'XP340/I_00', ... (2 bytes))
2026-09-20T01:51:01: Sending PUBLISH to esp32 (d0, q0, r0, m0, 'XP340/I_00', ... (2 bytes))
2026-09-20T01:51:01: Received PUBLISH from esp32 (d0, q0, r0, m0, 'XP340/Q_00', ... (2 bytes))
2026-09-20T01:51:01: Sending PUBLISH to paho-client-01 (d0, q0, r0, m0, 'XP340/Q_00', ... (2 bytes))
2026-09-20T01:51:02: Received PUBLISH from esp32 (d0, q0, r0, m0, 'XP340/counter', ... (30 bytes))
2026-09-20T01:51:02: Sending PUBLISH to paho-client-01 (d0, q0, r0, m0, 'XP340/counter', ... (30 bytes))
2026-09-20T01:51:07: Received PUBLISH from esp32 (d0, q0, r0, m0, 'XP340/counter', ... (30 bytes))
2026-09-20T01:51:07: Sending PUBLISH to paho-client-01 (d0, q0, r0, m0, 'XP340/counter', ... (30 bytes))
2026-09-20T01:51:12: Received PUBLISH from esp32 (d0, q0, r0, m0, 'XP340/counter', ... (30 bytes))
2026-09-20T01:51:12: Sending PUBLISH to paho-client-01 (d0, q0, r0, m0, 'XP340/counter', ... (30 bytes))
2026-09-20T01:51:17: Received PUBLISH from esp32 (d0, q0, r0, m0, 'XP340/counter', ... (30 bytes))
2026-09-20T01:51:17: Sending PUBLISH to paho-client-01 (d0, q0, r0, m0, 'XP340/counter', ... (30 bytes))
2026-09-20T01:51:22: Received PUBLISH from esp32 (d0, q0, r0, m0, 'XP340/counter', ... (30 bytes))
2026-09-20T01:51:22: Sending PUBLISH to paho-client-01 (d0, q0, r0, m0, 'XP340/counter', ... (30 bytes))
2026-09-20T01:51:24: Received PUBLISH from paho-client-01 (d0, q0, r0, m0, 'XP340/I_00', ... (3 bytes))
2026-09-20T01:51:24: Sending PUBLISH to esp32 (d0, q0, r0, m0, 'XP340/I_00', ... (3 bytes))
2026-09-20T01:51:27: Client esp32 [10.0.0.223:62317] disconnected: connection closed by client.
2026-09-20T01:51:29: New connection from 10.0.0.223:62318 on port 8883.
2026-09-20T01:51:30: New client connected from 10.0.0.223:62318 as esp32 (p4, c1, k60, u'ESP32-Sensor-01').
2026-09-20T01:51:30: No will message specified.
2026-09-20T01:51:30: Client esp32 negotiated TLSv1.2 cipher ECDHE-RSA-AES256-GCM-SHA384
2026-09-20T01:51:30: Sending CONNACK to esp32 (0, 0)
2026-09-20T01:51:30: Received SUBSCRIBE from esp32
2026-09-20T01:51:30: 	XP340/I_00 (QoS 0)
2026-09-20T01:51:30: esp32 0 XP340/I_00
2026-09-20T01:51:30: Sending SUBACK to esp32
2026-09-20T01:51:30: Received SUBSCRIBE from esp32
2026-09-20T01:51:30: 	XP340/I_01 (QoS 0)
2026-09-20T01:51:30: esp32 0 XP340/I_01
2026-09-20T01:51:30: Sending SUBACK to esp32
2026-09-20T01:51:30: Received PUBLISH from esp32 (d0, q0, r0, m0, 'XP340/counter', ... (30 bytes))
2026-09-20T01:51:30: Sending PUBLISH to paho-client-01 (d0, q0, r0, m0, 'XP340/counter', ... (30 bytes))
2026-09-20T01:51:35: Received PUBLISH from esp32 (d0, q0, r0, m0, 'XP340/counter', ... (30 bytes))
2026-09-20T01:51:35: Sending PUBLISH to paho-client-01 (d0, q0, r0, m0, 'XP340/counter', ... (30 bytes))
2026-09-20T01:51:37: Received PUBLISH from paho-client-01 (d0, q0, r0, m0, 'XP340/I_00', ... (2 bytes))
2026-09-20T01:51:37: Sending PUBLISH to esp32 (d0, q0, r0, m0, 'XP340/I_00', ... (2 bytes))
2026-09-20T01:51:37: Received PUBLISH from esp32 (d0, q0, r0, m0, 'XP340/Q_00', ... (2 bytes))
2026-09-20T01:51:37: Sending PUBLISH to paho-client-01 (d0, q0, r0, m0, 'XP340/Q_00', ... (2 bytes))
2026-09-20T01:51:40: Received PUBLISH from esp32 (d0, q0, r0, m0, 'XP340/counter', ... (30 bytes))
2026-09-20T01:51:40: Sending PUBLISH to paho-client-01 (d0, q0, r0, m0, 'XP340/counter', ... (30 bytes))
2026-09-20T01:51:45: Received PUBLISH from esp32 (d0, q0, r0, m0, 'XP340/counter', ... (30 bytes))
2026-09-20T01:51:45: Sending PUBLISH to paho-client-01 (d0, q0, r0, m0, 'XP340/counter', ... (30 bytes))
2026-09-20T01:51:46: Received PINGREQ from paho-client-01
2026-09-20T01:51:46: Sending PINGRESP to paho-client-01
2026-09-20T01:51:53: Received PUBLISH from esp32 (d0, q0, r0, m0, 'XP340/counter', ... (30 bytes))
2026-09-20T01:51:53: Sending PUBLISH to paho-client-01 (d0, q0, r0, m0, 'XP340/counter', ... (30 bytes))
2026-09-20T01:51:57: Received PUBLISH from esp32 (d0, q0, r0, m0, 'XP340/counter', ... (30 bytes))
2026-09-20T01:51:57: Sending PUBLISH to paho-client-01 (d0, q0, r0, m0, 'XP340/counter', ... (30 bytes))
2026-09-20T01:52:00: Received PUBLISH from paho-client-01 (d0, q0, r0, m0, 'XP340/I_00', ... (3 bytes))
2026-09-20T01:52:00: Sending PUBLISH to esp32 (d0, q0, r0, m0, 'XP340/I_00', ... (3 bytes))
2026-09-20T01:52:00: Received PUBLISH from esp32 (d0, q0, r0, m0, 'XP340/Q_00', ... (3 bytes))
2026-09-20T01:52:00: Sending PUBLISH to paho-client-01 (d0, q0, r0, m0, 'XP340/Q_00', ... (3 bytes))
2026-09-20T01:52:00: Received PUBLISH from esp32 (d0, q0, r0, m0, 'XP340/counter', ... (30 bytes))
2026-09-20T01:52:00: Sending PUBLISH to paho-client-01 (d0, q0, r0, m0, 'XP340/counter', ... (30 bytes))
2026-09-20T01:52:07: Received PUBLISH from esp32 (d0, q0, r0, m0, 'XP340/counter', ... (30 bytes))
2026-09-20T01:52:07: Sending PUBLISH to paho-client-01 (d0, q0, r0, m0, 'XP340/counter', ... (30 bytes))
2026-09-20T01:52:10: Received PUBLISH from esp32 (d0, q0, r0, m0, 'XP340/counter', ... (30 bytes))
2026-09-20T01:52:10: Sending PUBLISH to paho-client-01 (d0, q0, r0, m0, 'XP340/counter', ... (30 bytes))
2026-09-20T01:52:15: Received PUBLISH from esp32 (d0, q0, r0, m0, 'XP340/counter', ... (30 bytes))
2026-09-20T01:52:15: Sending PUBLISH to paho-client-01 (d0, q0, r0, m0, 'XP340/counter', ... (30 bytes))
2026-09-20T01:52:21: Received PUBLISH from esp32 (d0, q0, r0, m0, 'XP340/counter', ... (31 bytes))
2026-09-20T01:52:21: Sending PUBLISH to paho-client-01 (d0, q0, r0, m0, 'XP340/counter', ... (31 bytes))
2026-09-20T01:52:25: Received PUBLISH from esp32 (d0, q0, r0, m0, 'XP340/counter', ... (31 bytes))
2026-09-20T01:52:25: Sending PUBLISH to paho-client-01 (d0, q0, r0, m0, 'XP340/counter', ... (31 bytes))
2026-09-20T01:52:31: Received PUBLISH from esp32 (d0, q0, r0, m0, 'XP340/counter', ... (31 bytes))
2026-09-20T01:52:31: Sending PUBLISH to paho-client-01 (d0, q0, r0, m0, 'XP340/counter', ... (31 bytes))
2026-09-20T01:52:36: Received PUBLISH from esp32 (d0, q0, r0, m0, 'XP340/counter', ... (31 bytes))
2026-09-20T01:52:36: Sending PUBLISH to paho-client-01 (d0, q0, r0, m0, 'XP340/counter', ... (31 bytes))
2026-09-20T01:52:41: Received PUBLISH from esp32 (d0, q0, r0, m0, 'XP340/counter', ... (31 bytes))
2026-09-20T01:52:41: Sending PUBLISH to paho-client-01 (d0, q0, r0, m0, 'XP340/counter', ... (31 bytes))
2026-09-20T01:52:46: Received PUBLISH from esp32 (d0, q0, r0, m0, 'XP340/counter', ... (31 bytes))
2026-09-20T01:52:46: Sending PUBLISH to paho-client-01 (d0, q0, r0, m0, 'XP340/counter', ... (31 bytes))
2026-09-20T01:52:47: Received PINGREQ from paho-client-01
2026-09-20T01:52:47: Sending PINGRESP to paho-client-01
2026-09-20T01:52:48: Received PUBLISH from paho-client-01 (d0, q0, r0, m0, 'XP340/I_00', ... (2 bytes))
2026-09-20T01:52:48: Sending PUBLISH to esp32 (d0, q0, r0, m0, 'XP340/I_00', ... (2 bytes))
2026-09-20T01:52:48: Received PUBLISH from esp32 (d0, q0, r0, m0, 'XP340/Q_00', ... (2 bytes))
2026-09-20T01:52:48: Sending PUBLISH to paho-client-01 (d0, q0, r0, m0, 'XP340/Q_00', ... (2 bytes))
2026-09-20T01:52:51: Received PUBLISH from esp32 (d0, q0, r0, m0, 'XP340/counter', ... (31 bytes))
2026-09-20T01:52:51: Sending PUBLISH to paho-client-01 (d0, q0, r0, m0, 'XP340/counter', ... (31 bytes))
2026-09-20T01:52:55: Received PUBLISH from paho-client-01 (d0, q0, r0, m0, 'XP340/I_00', ... (3 bytes))
2026-09-20T01:52:55: Sending PUBLISH to esp32 (d0, q0, r0, m0, 'XP340/I_00', ... (3 bytes))
2026-09-20T01:52:56: Received PUBLISH from esp32 (d0, q0, r0, m0, 'XP340/Q_00', ... (3 bytes))
2026-09-20T01:52:56: Sending PUBLISH to paho-client-01 (d0, q0, r0, m0, 'XP340/Q_00', ... (3 bytes))
2026-09-20T01:52:56: Received PUBLISH from esp32 (d0, q0, r0, m0, 'XP340/counter', ... (31 bytes))
2026-09-20T01:52:56: Sending PUBLISH to paho-client-01 (d0, q0, r0, m0, 'XP340/counter', ... (31 bytes))
2026-09-20T01:53:01: Received PUBLISH from esp32 (d0, q0, r0, m0, 'XP340/counter', ... (31 bytes))
2026-09-20T01:53:01: Sending PUBLISH to paho-client-01 (d0, q0, r0, m0, 'XP340/counter', ... (31 bytes))
2026-09-20T01:53:06: Received PUBLISH from esp32 (d0, q0, r0, m0, 'XP340/counter', ... (31 bytes))
2026-09-20T01:53:06: Sending PUBLISH to paho-client-01 (d0, q0, r0, m0, 'XP340/counter', ... (31 bytes))
2026-09-20T01:53:11: Received PUBLISH from esp32 (d0, q0, r0, m0, 'XP340/counter', ... (31 bytes))
2026-09-20T01:53:11: Sending PUBLISH to paho-client-01 (d0, q0, r0, m0, 'XP340/counter', ... (31 bytes))
2026-09-20T01:53:16: Received PUBLISH from esp32 (d0, q0, r0, m0, 'XP340/counter', ... (31 bytes))
2026-09-20T01:53:16: Sending PUBLISH to paho-client-01 (d0, q0, r0, m0, 'XP340/counter', ... (31 bytes))
2026-09-20T01:53:21: Received PUBLISH from esp32 (d0, q0, r0, m0, 'XP340/counter', ... (31 bytes))
2026-09-20T01:53:21: Sending PUBLISH to paho-client-01 (d0, q0, r0, m0, 'XP340/counter', ... (31 bytes))
2026-09-20T01:53:26: Received PUBLISH from esp32 (d0, q0, r0, m0, 'XP340/counter', ... (31 bytes))
2026-09-20T01:53:26: Sending PUBLISH to paho-client-01 (d0, q0, r0, m0, 'XP340/counter', ... (31 bytes))
2026-09-20T01:53:31: Received PUBLISH from esp32 (d0, q0, r0, m0, 'XP340/counter', ... (31 bytes))
2026-09-20T01:53:31: Sending PUBLISH to paho-client-01 (d0, q0, r0, m0, 'XP340/counter', ... (31 bytes))
2026-09-20T01:53:36: Received PUBLISH from esp32 (d0, q0, r0, m0, 'XP340/counter', ... (31 bytes))
2026-09-20T01:53:36: Sending PUBLISH to paho-client-01 (d0, q0, r0, m0, 'XP340/counter', ... (31 bytes))
2026-09-20T01:53:37: OpenSSL Error while trying to get the error[0]: error:0A000126:SSL routines::unexpected eof while reading
2026-09-20T01:53:37: Client paho-client-01 [10.0.0.90:39151] disconnected: connection closed by client.
2026-09-20T01:53:41: Received PUBLISH from esp32 (d0, q0, r0, m0, 'XP340/counter', ... (31 bytes))
2026-09-20T01:53:45: New connection from 10.0.0.90:33181 on port 8883.
2026-09-20T01:53:45: New client connected from 10.0.0.90:33181 as paho-client-01 (p4, c1, k60, u'Paho-Client').
2026-09-20T01:53:45: No will message specified.
2026-09-20T01:53:45: Client paho-client-01 negotiated TLSv1.3 cipher TLS_AES_256_GCM_SHA384
2026-09-20T01:53:45: Sending CONNACK to paho-client-01 (0, 0)
2026-09-20T01:53:45: Received SUBSCRIBE from paho-client-01
2026-09-20T01:53:45: 	XP340/counter (QoS 0)
2026-09-20T01:53:45: paho-client-01 0 XP340/counter
2026-09-20T01:53:45: 	XP340/Q_00 (QoS 0)
2026-09-20T01:53:45: paho-client-01 0 XP340/Q_00
2026-09-20T01:53:45: 	XP340/Q_01 (QoS 0)
2026-09-20T01:53:45: paho-client-01 0 XP340/Q_01
2026-09-20T01:53:45: Sending SUBACK to paho-client-01
2026-09-20T01:53:46: Received PUBLISH from esp32 (d0, q0, r0, m0, 'XP340/counter', ... (31 bytes))
2026-09-20T01:53:46: Sending PUBLISH to paho-client-01 (d0, q0, r0, m0, 'XP340/counter', ... (31 bytes))
2026-09-20T01:53:51: Received PUBLISH from esp32 (d0, q0, r0, m0, 'XP340/counter', ... (31 bytes))
2026-09-20T01:53:51: Sending PUBLISH to paho-client-01 (d0, q0, r0, m0, 'XP340/counter', ... (31 bytes))
2026-09-20T01:53:53: Received PUBLISH from paho-client-01 (d0, q0, r0, m0, 'XP340/I_00', ... (2 bytes))
2026-09-20T01:53:53: Sending PUBLISH to esp32 (d0, q0, r0, m0, 'XP340/I_00', ... (2 bytes))
2026-09-20T01:53:53: Received PUBLISH from esp32 (d0, q0, r0, m0, 'XP340/Q_00', ... (2 bytes))
2026-09-20T01:53:53: Sending PUBLISH to paho-client-01 (d0, q0, r0, m0, 'XP340/Q_00', ... (2 bytes))
2026-09-20T01:53:56: Received PUBLISH from esp32 (d0, q0, r0, m0, 'XP340/counter', ... (31 bytes))
2026-09-20T01:53:56: Sending PUBLISH to paho-client-01 (d0, q0, r0, m0, 'XP340/counter', ... (31 bytes))
2026-09-20T01:53:57: Received PUBLISH from paho-client-01 (d0, q0, r0, m0, 'XP340/I_00', ... (3 bytes))
2026-09-20T01:53:57: Sending PUBLISH to esp32 (d0, q0, r0, m0, 'XP340/I_00', ... (3 bytes))
2026-09-20T01:53:58: Received PUBLISH from esp32 (d0, q0, r0, m0, 'XP340/Q_00', ... (3 bytes))
2026-09-20T01:53:58: Sending PUBLISH to paho-client-01 (d0, q0, r0, m0, 'XP340/Q_00', ... (3 bytes))
2026-09-20T01:54:01: Received PUBLISH from esp32 (d0, q0, r0, m0, 'XP340/counter', ... (31 bytes))
2026-09-20T01:54:01: Sending PUBLISH to paho-client-01 (d0, q0, r0, m0, 'XP340/counter', ... (31 bytes))
2026-09-20T01:54:01: Received PUBLISH from paho-client-01 (d0, q0, r0, m0, 'XP340/I_00', ... (2 bytes))
2026-09-20T01:54:01: Sending PUBLISH to esp32 (d0, q0, r0, m0, 'XP340/I_00', ... (2 bytes))
2026-09-20T01:54:01: Received PUBLISH from esp32 (d0, q0, r0, m0, 'XP340/Q_00', ... (2 bytes))
2026-09-20T01:54:01: Sending PUBLISH to paho-client-01 (d0, q0, r0, m0, 'XP340/Q_00', ... (2 bytes))
2026-09-20T01:54:06: Received PUBLISH from esp32 (d0, q0, r0, m0, 'XP340/counter', ... (31 bytes))
2026-09-20T01:54:06: Sending PUBLISH to paho-client-01 (d0, q0, r0, m0, 'XP340/counter', ... (31 bytes))
2026-09-20T01:54:11: Received PUBLISH from esp32 (d0, q0, r0, m0, 'XP340/counter', ... (31 bytes))
2026-09-20T01:54:11: Sending PUBLISH to paho-client-01 (d0, q0, r0, m0, 'XP340/counter', ... (31 bytes))
2026-09-20T01:54:13: Received PUBLISH from paho-client-01 (d0, q0, r0, m0, 'XP340/I_01', ... (2 bytes))
2026-09-20T01:54:13: Sending PUBLISH to esp32 (d0, q0, r0, m0, 'XP340/I_01', ... (2 bytes))
2026-09-20T01:54:15: Received PUBLISH from paho-client-01 (d0, q0, r0, m0, 'XP340/I_01', ... (3 bytes))
2026-09-20T01:54:15: Sending PUBLISH to esp32 (d0, q0, r0, m0, 'XP340/I_01', ... (3 bytes))
2026-09-20T01:54:16: Received PUBLISH from paho-client-01 (d0, q0, r0, m0, 'XP340/I_00', ... (3 bytes))
2026-09-20T01:54:16: Sending PUBLISH to esp32 (d0, q0, r0, m0, 'XP340/I_00', ... (3 bytes))
2026-09-20T01:54:16: Received PUBLISH from esp32 (d0, q0, r0, m0, 'XP340/counter', ... (31 bytes))
2026-09-20T01:54:16: Sending PUBLISH to paho-client-01 (d0, q0, r0, m0, 'XP340/counter', ... (31 bytes))
2026-09-20T01:54:16: Received PUBLISH from esp32 (d0, q0, r0, m0, 'XP340/Q_00', ... (3 bytes))
2026-09-20T01:54:16: Sending PUBLISH to paho-client-01 (d0, q0, r0, m0, 'XP340/Q_00', ... (3 bytes))
2026-09-20T01:54:18: Received PUBLISH from paho-client-01 (d0, q0, r0, m0, 'XP340/I_00', ... (2 bytes))
2026-09-20T01:54:18: Sending PUBLISH to esp32 (d0, q0, r0, m0, 'XP340/I_00', ... (2 bytes))
2026-09-20T01:54:18: Received PUBLISH from esp32 (d0, q0, r0, m0, 'XP340/Q_00', ... (2 bytes))
2026-09-20T01:54:18: Sending PUBLISH to paho-client-01 (d0, q0, r0, m0, 'XP340/Q_00', ... (2 bytes))
2026-09-20T01:54:20: Received PUBLISH from paho-client-01 (d0, q0, r0, m0, 'XP340/I_00', ... (3 bytes))
2026-09-20T01:54:20: Sending PUBLISH to esp32 (d0, q0, r0, m0, 'XP340/I_00', ... (3 bytes))
2026-09-20T01:54:20: Received PUBLISH from esp32 (d0, q0, r0, m0, 'XP340/Q_00', ... (3 bytes))
2026-09-20T01:54:20: Sending PUBLISH to paho-client-01 (d0, q0, r0, m0, 'XP340/Q_00', ... (3 bytes))
2026-09-20T01:54:21: Received PUBLISH from esp32 (d0, q0, r0, m0, 'XP340/counter', ... (31 bytes))
2026-09-20T01:54:21: Sending PUBLISH to paho-client-01 (d0, q0, r0, m0, 'XP340/counter', ... (31 bytes))
2026-09-20T01:54:22: Received PUBLISH from paho-client-01 (d0, q0, r0, m0, 'XP340/I_00', ... (2 bytes))
2026-09-20T01:54:22: Sending PUBLISH to esp32 (d0, q0, r0, m0, 'XP340/I_00', ... (2 bytes))
2026-09-20T01:54:22: Received PUBLISH from esp32 (d0, q0, r0, m0, 'XP340/Q_00', ... (2 bytes))
2026-09-20T01:54:22: Sending PUBLISH to paho-client-01 (d0, q0, r0, m0, 'XP340/Q_00', ... (2 bytes))
2026-09-20T01:54:26: Received PUBLISH from esp32 (d0, q0, r0, m0, 'XP340/counter', ... (31 bytes))
2026-09-20T01:54:26: Sending PUBLISH to paho-client-01 (d0, q0, r0, m0, 'XP340/counter', ... (31 bytes))
2026-09-20T01:54:31: Received PUBLISH from esp32 (d0, q0, r0, m0, 'XP340/counter', ... (31 bytes))
2026-09-20T01:54:31: Sending PUBLISH to paho-client-01 (d0, q0, r0, m0, 'XP340/counter', ... (31 bytes))
2026-09-20T01:54:31: Received PUBLISH from paho-client-01 (d0, q0, r0, m0, 'XP340/I_00', ... (3 bytes))
2026-09-20T01:54:31: Sending PUBLISH to esp32 (d0, q0, r0, m0, 'XP340/I_00', ... (3 bytes))
2026-09-20T01:54:31: Received PUBLISH from esp32 (d0, q0, r0, m0, 'XP340/Q_00', ... (3 bytes))
2026-09-20T01:54:31: Sending PUBLISH to paho-client-01 (d0, q0, r0, m0, 'XP340/Q_00', ... (3 bytes))
2026-09-20T01:54:34: OpenSSL Error while trying to get the error[0]: error:0A000126:SSL routines::unexpected eof while reading
2026-09-20T01:54:34: Client paho-client-01 [10.0.0.90:33181] disconnected: connection closed by client.
2026-09-20T01:54:36: Received PUBLISH from esp32 (d0, q0, r0, m0, 'XP340/counter', ... (31 bytes))
2026-09-20T01:54:41: Received PUBLISH from esp32 (d0, q0, r0, m0, 'XP340/counter', ... (31 bytes))
2026-09-20T01:54:46: Received PUBLISH from esp32 (d0, q0, r0, m0, 'XP340/counter', ... (31 bytes))
2026-09-20T01:54:51: Received PUBLISH from esp32 (d0, q0, r0, m0, 'XP340/counter', ... (31 bytes))
2026-09-20T01:54:56: Received PUBLISH from esp32 (d0, q0, r0, m0, 'XP340/counter', ... (31 bytes))
2026-09-20T01:55:01: Received PUBLISH from esp32 (d0, q0, r0, m0, 'XP340/counter', ... (31 bytes))
2026-09-20T01:55:06: Received PUBLISH from esp32 (d0, q0, r0, m0, 'XP340/counter', ... (31 bytes))
2026-09-20T01:55:11: Received PUBLISH from esp32 (d0, q0, r0, m0, 'XP340/counter', ... (31 bytes))
2026-09-20T01:55:16: Received PUBLISH from esp32 (d0, q0, r0, m0, 'XP340/counter', ... (31 bytes))
2026-09-20T01:55:21: Received PUBLISH from esp32 (d0, q0, r0, m0, 'XP340/counter', ... (31 bytes))
2026-09-20T01:55:26: Received PUBLISH from esp32 (d0, q0, r0, m0, 'XP340/counter', ... (31 bytes))
2026-09-20T01:55:31: Received PUBLISH from esp32 (d0, q0, r0, m0, 'XP340/counter', ... (31 bytes))
2026-09-20T01:55:37: Received PUBLISH from esp32 (d0, q0, r0, m0, 'XP340/counter', ... (31 bytes))
2026-09-20T01:55:41: Received PUBLISH from esp32 (d0, q0, r0, m0, 'XP340/counter', ... (31 bytes))
2026-09-20T01:55:46: Received PUBLISH from esp32 (d0, q0, r0, m0, 'XP340/counter', ... (31 bytes))
2026-09-20T01:55:51: Received PUBLISH from esp32 (d0, q0, r0, m0, 'XP340/counter', ... (31 bytes))
2026-09-20T01:55:56: Received PUBLISH from esp32 (d0, q0, r0, m0, 'XP340/counter', ... (31 bytes))
2026-09-20T01:56:01: Received PUBLISH from esp32 (d0, q0, r0, m0, 'XP340/counter', ... (31 bytes))
2026-09-20T01:56:06: Received PUBLISH from esp32 (d0, q0, r0, m0, 'XP340/counter', ... (31 bytes))
2026-09-20T01:56:11: Received PUBLISH from esp32 (d0, q0, r0, m0, 'XP340/counter', ... (31 bytes))
2026-09-20T01:56:16: Received PUBLISH from esp32 (d0, q0, r0, m0, 'XP340/counter', ... (31 bytes))
2026-09-20T01:56:21: Received PUBLISH from esp32 (d0, q0, r0, m0, 'XP340/counter', ... (31 bytes))
2026-09-20T01:56:27: Received PUBLISH from esp32 (d0, q0, r0, m0, 'XP340/counter', ... (31 bytes))
2026-09-20T01:56:31: Received PUBLISH from esp32 (d0, q0, r0, m0, 'XP340/counter', ... (31 bytes))
2026-09-20T01:56:37: Received PUBLISH from esp32 (d0, q0, r0, m0, 'XP340/counter', ... (31 bytes))
2026-09-20T01:56:41: Received PUBLISH from esp32 (d0, q0, r0, m0, 'XP340/counter', ... (31 bytes))
2026-09-20T01:56:46: Received PUBLISH from esp32 (d0, q0, r0, m0, 'XP340/counter', ... (31 bytes))
2026-09-20T01:56:51: Received PUBLISH from esp32 (d0, q0, r0, m0, 'XP340/counter', ... (31 bytes))
2026-09-20T01:56:56: Received PUBLISH from esp32 (d0, q0, r0, m0, 'XP340/counter', ... (31 bytes))
2026-09-20T01:57:01: Received PUBLISH from esp32 (d0, q0, r0, m0, 'XP340/counter', ... (31 bytes))
2026-09-20T01:57:09: Received PUBLISH from esp32 (d0, q0, r0, m0, 'XP340/counter', ... (31 bytes))
2026-09-20T01:57:12: Received PUBLISH from esp32 (d0, q0, r0, m0, 'XP340/counter', ... (31 bytes))
2026-09-20T01:57:16: Received PUBLISH from esp32 (d0, q0, r0, m0, 'XP340/counter', ... (31 bytes))
2026-09-20T01:57:25: Received PUBLISH from esp32 (d0, q0, r0, m0, 'XP340/counter', ... (31 bytes))
2026-09-20T01:57:27: Received PUBLISH from esp32 (d0, q0, r0, m0, 'XP340/counter', ... (31 bytes))
2026-09-20T01:57:32: Received PUBLISH from esp32 (d0, q0, r0, m0, 'XP340/counter', ... (31 bytes))
2026-09-20T01:57:39: Received PUBLISH from esp32 (d0, q0, r0, m0, 'XP340/counter', ... (31 bytes))
2026-09-20T01:57:42: Received PUBLISH from esp32 (d0, q0, r0, m0, 'XP340/counter', ... (31 bytes))
2026-09-20T01:57:46: Received PUBLISH from esp32 (d0, q0, r0, m0, 'XP340/counter', ... (31 bytes))
2026-09-20T01:57:54: Received PUBLISH from esp32 (d0, q0, r0, m0, 'XP340/counter', ... (31 bytes))
2026-09-20T01:57:57: Received PUBLISH from esp32 (d0, q0, r0, m0, 'XP340/counter', ... (31 bytes))
2026-09-20T01:58:02: Received PUBLISH from esp32 (d0, q0, r0, m0, 'XP340/counter', ... (31 bytes))
2026-09-20T01:58:10: Received PUBLISH from esp32 (d0, q0, r0, m0, 'XP340/counter', ... (31 bytes))
2026-09-20T01:58:12: Received PUBLISH from esp32 (d0, q0, r0, m0, 'XP340/counter', ... (31 bytes))
2026-09-20T01:58:17: Received PUBLISH from esp32 (d0, q0, r0, m0, 'XP340/counter', ... (31 bytes))
2026-09-20T01:58:25: Received PUBLISH from esp32 (d0, q0, r0, m0, 'XP340/counter', ... (31 bytes))
2026-09-20T01:58:29: Received PUBLISH from esp32 (d0, q0, r0, m0, 'XP340/counter', ... (31 bytes))
2026-09-20T01:58:40: Received PUBLISH from esp32 (d0, q0, r0, m0, 'XP340/counter', ... (31 bytes))
2026-09-20T01:58:40: Received PUBLISH from esp32 (d0, q0, r0, m0, 'XP340/counter', ... (31 bytes))
2026-09-20T01:58:42: Received PUBLISH from esp32 (d0, q0, r0, m0, 'XP340/counter', ... (31 bytes))
2026-09-20T01:58:48: Received PUBLISH from esp32 (d0, q0, r0, m0, 'XP340/counter', ... (31 bytes))
2026-09-20T01:58:55: Received PUBLISH from esp32 (d0, q0, r0, m0, 'XP340/counter', ... (31 bytes))
2026-09-20T01:58:57: Received PUBLISH from esp32 (d0, q0, r0, m0, 'XP340/counter', ... (31 bytes))
2026-09-20T01:59:02: Received PUBLISH from esp32 (d0, q0, r0, m0, 'XP340/counter', ... (31 bytes))
2026-09-20T01:59:09: Received PUBLISH from esp32 (d0, q0, r0, m0, 'XP340/counter', ... (31 bytes))
2026-09-20T01:59:12: Received PUBLISH from esp32 (d0, q0, r0, m0, 'XP340/counter', ... (31 bytes))
2026-09-20T01:59:17: Received PUBLISH from esp32 (d0, q0, r0, m0, 'XP340/counter', ... (31 bytes))
2026-09-20T01:59:25: Received PUBLISH from esp32 (d0, q0, r0, m0, 'XP340/counter', ... (31 bytes))
2026-09-20T01:59:27: Received PUBLISH from esp32 (d0, q0, r0, m0, 'XP340/counter', ... (31 bytes))
2026-09-20T01:59:32: Received PUBLISH from esp32 (d0, q0, r0, m0, 'XP340/counter', ... (31 bytes))
2026-09-20T01:59:41: Received PUBLISH from esp32 (d0, q0, r0, m0, 'XP340/counter', ... (31 bytes))
2026-09-20T01:59:42: Received PUBLISH from esp32 (d0, q0, r0, m0, 'XP340/counter', ... (31 bytes))
2026-09-20T01:59:47: Received PUBLISH from esp32 (d0, q0, r0, m0, 'XP340/counter', ... (31 bytes))
2026-09-20T01:59:54: Received PUBLISH from esp32 (d0, q0, r0, m0, 'XP340/counter', ... (32 bytes))
2026-09-20T01:59:57: Received PUBLISH from esp32 (d0, q0, r0, m0, 'XP340/counter', ... (32 bytes))
2026-09-20T02:00:02: Received PUBLISH from esp32 (d0, q0, r0, m0, 'XP340/counter', ... (32 bytes))
2026-09-20T02:00:09: Received PUBLISH from esp32 (d0, q0, r0, m0, 'XP340/counter', ... (32 bytes))
2026-09-20T02:00:12: Received PUBLISH from esp32 (d0, q0, r0, m0, 'XP340/counter', ... (32 bytes))
2026-09-20T02:00:17: Received PUBLISH from esp32 (d0, q0, r0, m0, 'XP340/counter', ... (32 bytes))
2026-09-20T02:00:24: Received PUBLISH from esp32 (d0, q0, r0, m0, 'XP340/counter', ... (32 bytes))
2026-09-20T02:00:27: Received PUBLISH from esp32 (d0, q0, r0, m0, 'XP340/counter', ... (32 bytes))
2026-09-20T02:00:32: Received PUBLISH from esp32 (d0, q0, r0, m0, 'XP340/counter', ... (32 bytes))
2026-09-20T02:00:34: Saving in-memory database to /mosquitto/data//mosquitto.db.
2026-09-20T02:00:39: Received PUBLISH from esp32 (d0, q0, r0, m0, 'XP340/counter', ... (32 bytes))
2026-09-20T02:00:42: Received PUBLISH from esp32 (d0, q0, r0, m0, 'XP340/counter', ... (32 bytes))
2026-09-20T02:00:47: Received PUBLISH from esp32 (d0, q0, r0, m0, 'XP340/counter', ... (32 bytes))
2026-09-20T02:00:54: Received PUBLISH from esp32 (d0, q0, r0, m0, 'XP340/counter', ... (32 bytes))
2026-09-20T02:00:57: Received PUBLISH from esp32 (d0, q0, r0, m0, 'XP340/counter', ... (32 bytes))
2026-09-20T02:01:02: Received PUBLISH from esp32 (d0, q0, r0, m0, 'XP340/counter', ... (32 bytes))
2026-09-20T02:01:09: Received PUBLISH from esp32 (d0, q0, r0, m0, 'XP340/counter', ... (32 bytes))
2026-09-20T02:01:12: Received PUBLISH from esp32 (d0, q0, r0, m0, 'XP340/counter', ... (32 bytes))
2026-09-20T02:01:17: Received PUBLISH from esp32 (d0, q0, r0, m0, 'XP340/counter', ... (32 bytes))
2026-09-20T02:01:27: Received PUBLISH from esp32 (d0, q0, r0, m0, 'XP340/counter', ... (32 bytes))
2026-09-20T02:01:27: Received PUBLISH from esp32 (d0, q0, r0, m0, 'XP340/counter', ... (32 bytes))
2026-09-20T02:01:32: Received PUBLISH from esp32 (d0, q0, r0, m0, 'XP340/counter', ... (32 bytes))
2026-09-20T02:01:43: Received PUBLISH from esp32 (d0, q0, r0, m0, 'XP340/counter', ... (32 bytes))
2026-09-20T02:01:43: Received PUBLISH from esp32 (d0, q0, r0, m0, 'XP340/counter', ... (32 bytes))
2026-09-20T02:01:54: Received PUBLISH from esp32 (d0, q0, r0, m0, 'XP340/counter', ... (32 bytes))
2026-09-20T02:01:54: Received PUBLISH from esp32 (d0, q0, r0, m0, 'XP340/counter', ... (32 bytes))
2026-09-20T02:02:02: Received PUBLISH from esp32 (d0, q0, r0, m0, 'XP340/counter', ... (32 bytes))
2026-09-20T02:02:02: Received PUBLISH from esp32 (d0, q0, r0, m0, 'XP340/counter', ... (32 bytes))
2026-09-20T02:02:09: Received PUBLISH from esp32 (d0, q0, r0, m0, 'XP340/counter', ... (32 bytes))
2026-09-20T02:02:13: Received PUBLISH from esp32 (d0, q0, r0, m0, 'XP340/counter', ... (32 bytes))
2026-09-20T02:02:17: Received PUBLISH from esp32 (d0, q0, r0, m0, 'XP340/counter', ... (32 bytes))
2026-09-20T02:02:25: Received PUBLISH from esp32 (d0, q0, r0, m0, 'XP340/counter', ... (32 bytes))
2026-09-20T02:02:28: Received PUBLISH from esp32 (d0, q0, r0, m0, 'XP340/counter', ... (32 bytes))
2026-09-20T02:02:32: Received PUBLISH from esp32 (d0, q0, r0, m0, 'XP340/counter', ... (32 bytes))
2026-09-20T02:02:39: Received PUBLISH from esp32 (d0, q0, r0, m0, 'XP340/counter', ... (32 bytes))
2026-09-20T02:02:42: Received PUBLISH from esp32 (d0, q0, r0, m0, 'XP340/counter', ... (32 bytes))
2026-09-20T02:02:55: Received PUBLISH from esp32 (d0, q0, r0, m0, 'XP340/counter', ... (32 bytes))
2026-09-20T02:02:55: Received PUBLISH from esp32 (d0, q0, r0, m0, 'XP340/counter', ... (32 bytes))
2026-09-20T02:02:57: Received PUBLISH from esp32 (d0, q0, r0, m0, 'XP340/counter', ... (32 bytes))
2026-09-20T02:03:09: Received PUBLISH from esp32 (d0, q0, r0, m0, 'XP340/counter', ... (32 bytes))
2026-09-20T02:03:09: Received PUBLISH from esp32 (d0, q0, r0, m0, 'XP340/counter', ... (32 bytes))
2026-09-20T02:03:12: Received PUBLISH from esp32 (d0, q0, r0, m0, 'XP340/counter', ... (32 bytes))
2026-09-20T02:03:24: Received PUBLISH from esp32 (d0, q0, r0, m0, 'XP340/counter', ... (32 bytes))
2026-09-20T02:03:24: Received PUBLISH from esp32 (d0, q0, r0, m0, 'XP340/counter', ... (32 bytes))
2026-09-20T02:03:27: Received PUBLISH from esp32 (d0, q0, r0, m0, 'XP340/counter', ... (32 bytes))
2026-09-20T02:03:33: Received PUBLISH from esp32 (d0, q0, r0, m0, 'XP340/counter', ... (32 bytes))
2026-09-20T02:03:39: Received PUBLISH from esp32 (d0, q0, r0, m0, 'XP340/counter', ... (32 bytes))
2026-09-20T02:03:43: Received PUBLISH from esp32 (d0, q0, r0, m0, 'XP340/counter', ... (32 bytes))
2026-09-20T02:03:54: Received PUBLISH from esp32 (d0, q0, r0, m0, 'XP340/counter', ... (32 bytes))
2026-09-20T02:03:54: Received PUBLISH from esp32 (d0, q0, r0, m0, 'XP340/counter', ... (32 bytes))
2026-09-20T02:03:57: Received PUBLISH from esp32 (d0, q0, r0, m0, 'XP340/counter', ... (32 bytes))
2026-09-20T02:04:09: Received PUBLISH from esp32 (d0, q0, r0, m0, 'XP340/counter', ... (32 bytes))
2026-09-20T02:04:10: Received PUBLISH from esp32 (d0, q0, r0, m0, 'XP340/counter', ... (32 bytes))
2026-09-20T02:04:13: Received PUBLISH from esp32 (d0, q0, r0, m0, 'XP340/counter', ... (32 bytes))
2026-09-20T02:04:18: Received PUBLISH from esp32 (d0, q0, r0, m0, 'XP340/counter', ... (32 bytes))
2026-09-20T02:04:25: Received PUBLISH from esp32 (d0, q0, r0, m0, 'XP340/counter', ... (32 bytes))
2026-09-20T02:04:28: Received PUBLISH from esp32 (d0, q0, r0, m0, 'XP340/counter', ... (32 bytes))
2026-09-20T02:04:33: Received PUBLISH from esp32 (d0, q0, r0, m0, 'XP340/counter', ... (32 bytes))
2026-09-20T02:04:40: Received PUBLISH from esp32 (d0, q0, r0, m0, 'XP340/counter', ... (32 bytes))
2026-09-20T02:04:43: Received PUBLISH from esp32 (d0, q0, r0, m0, 'XP340/counter', ... (32 bytes))
2026-09-20T02:04:48: Received PUBLISH from esp32 (d0, q0, r0, m0, 'XP340/counter', ... (32 bytes))
2026-09-20T02:04:54: Received PUBLISH from esp32 (d0, q0, r0, m0, 'XP340/counter', ... (32 bytes))
2026-09-20T02:04:57: Received PUBLISH from esp32 (d0, q0, r0, m0, 'XP340/counter', ... (32 bytes))
2026-09-20T02:05:09: Received PUBLISH from esp32 (d0, q0, r0, m0, 'XP340/counter', ... (32 bytes))
2026-09-20T02:05:09: Received PUBLISH from esp32 (d0, q0, r0, m0, 'XP340/counter', ... (32 bytes))
2026-09-20T02:05:13: Received PUBLISH from esp32 (d0, q0, r0, m0, 'XP340/counter', ... (32 bytes))
2026-09-20T02:05:18: Received PUBLISH from esp32 (d0, q0, r0, m0, 'XP340/counter', ... (32 bytes))
2026-09-20T02:05:24: Received PUBLISH from esp32 (d0, q0, r0, m0, 'XP340/counter', ... (32 bytes))
2026-09-20T02:05:28: Received PUBLISH from esp32 (d0, q0, r0, m0, 'XP340/counter', ... (32 bytes))
2026-09-20T02:05:44: Received PUBLISH from esp32 (d0, q0, r0, m0, 'XP340/counter', ... (32 bytes))
2026-09-20T02:05:44: Received PUBLISH from esp32 (d0, q0, r0, m0, 'XP340/counter', ... (32 bytes))
2026-09-20T02:05:44: Received PUBLISH from esp32 (d0, q0, r0, m0, 'XP340/counter', ... (32 bytes))
2026-09-20T02:05:48: Received PUBLISH from esp32 (d0, q0, r0, m0, 'XP340/counter', ... (32 bytes))
2026-09-20T02:05:54: Received PUBLISH from esp32 (d0, q0, r0, m0, 'XP340/counter', ... (32 bytes))
2026-09-20T02:05:58: Received PUBLISH from esp32 (d0, q0, r0, m0, 'XP340/counter', ... (32 bytes))
2026-09-20T02:06:09: Received PUBLISH from esp32 (d0, q0, r0, m0, 'XP340/counter', ... (32 bytes))
2026-09-20T02:06:10: Received PUBLISH from esp32 (d0, q0, r0, m0, 'XP340/counter', ... (32 bytes))
2026-09-20T02:06:13: Received PUBLISH from esp32 (d0, q0, r0, m0, 'XP340/counter', ... (32 bytes))
2026-09-20T02:06:24: Received PUBLISH from esp32 (d0, q0, r0, m0, 'XP340/counter', ... (32 bytes))
2026-09-20T02:06:24: Received PUBLISH from esp32 (d0, q0, r0, m0, 'XP340/counter', ... (32 bytes))
2026-09-20T02:06:28: Received PUBLISH from esp32 (d0, q0, r0, m0, 'XP340/counter', ... (32 bytes))
2026-09-20T02:06:33: Received PUBLISH from esp32 (d0, q0, r0, m0, 'XP340/counter', ... (32 bytes))
2026-09-20T02:06:39: Received PUBLISH from esp32 (d0, q0, r0, m0, 'XP340/counter', ... (32 bytes))
2026-09-20T02:06:43: Received PUBLISH from esp32 (d0, q0, r0, m0, 'XP340/counter', ... (32 bytes))
2026-09-20T02:06:48: Received PUBLISH from esp32 (d0, q0, r0, m0, 'XP340/counter', ... (32 bytes))
2026-09-20T02:06:54: Received PUBLISH from esp32 (d0, q0, r0, m0, 'XP340/counter', ... (32 bytes))
2026-09-20T02:06:58: Received PUBLISH from esp32 (d0, q0, r0, m0, 'XP340/counter', ... (32 bytes))
2026-09-20T02:07:09: Received PUBLISH from esp32 (d0, q0, r0, m0, 'XP340/counter', ... (32 bytes))
2026-09-20T02:07:09: Received PUBLISH from esp32 (d0, q0, r0, m0, 'XP340/counter', ... (32 bytes))
2026-09-20T02:07:13: Received PUBLISH from esp32 (d0, q0, r0, m0, 'XP340/counter', ... (32 bytes))
2026-09-20T02:07:18: Received PUBLISH from esp32 (d0, q0, r0, m0, 'XP340/counter', ... (32 bytes))
2026-09-20T02:07:24: Received PUBLISH from esp32 (d0, q0, r0, m0, 'XP340/counter', ... (32 bytes))
2026-09-20T02:07:29: Received PUBLISH from esp32 (d0, q0, r0, m0, 'XP340/counter', ... (32 bytes))
2026-09-20T02:07:39: Received PUBLISH from esp32 (d0, q0, r0, m0, 'XP340/counter', ... (32 bytes))
2026-09-20T02:07:39: Received PUBLISH from esp32 (d0, q0, r0, m0, 'XP340/counter', ... (32 bytes))
2026-09-20T02:07:43: Received PUBLISH from esp32 (d0, q0, r0, m0, 'XP340/counter', ... (32 bytes))
2026-09-20T02:07:54: Received PUBLISH from esp32 (d0, q0, r0, m0, 'XP340/counter', ... (32 bytes))
2026-09-20T02:07:54: Received PUBLISH from esp32 (d0, q0, r0, m0, 'XP340/counter', ... (32 bytes))
2026-09-20T02:07:58: Received PUBLISH from esp32 (d0, q0, r0, m0, 'XP340/counter', ... (32 bytes))
2026-09-20T02:08:03: Received PUBLISH from esp32 (d0, q0, r0, m0, 'XP340/counter', ... (32 bytes))
2026-09-20T02:08:09: Received PUBLISH from esp32 (d0, q0, r0, m0, 'XP340/counter', ... (32 bytes))
2026-09-20T02:08:13: Received PUBLISH from esp32 (d0, q0, r0, m0, 'XP340/counter', ... (32 bytes))
2026-09-20T02:08:18: Received PUBLISH from esp32 (d0, q0, r0, m0, 'XP340/counter', ... (32 bytes))
2026-09-20T02:08:24: Received PUBLISH from esp32 (d0, q0, r0, m0, 'XP340/counter', ... (32 bytes))
2026-09-20T02:08:28: Received PUBLISH from esp32 (d0, q0, r0, m0, 'XP340/counter', ... (32 bytes))
2026-09-20T02:08:33: Received PUBLISH from esp32 (d0, q0, r0, m0, 'XP340/counter', ... (32 bytes))
2026-09-20T02:08:39: Received PUBLISH from esp32 (d0, q0, r0, m0, 'XP340/counter', ... (32 bytes))
2026-09-20T02:08:43: Received PUBLISH from esp32 (d0, q0, r0, m0, 'XP340/counter', ... (32 bytes))
2026-09-20T02:08:54: Received PUBLISH from esp32 (d0, q0, r0, m0, 'XP340/counter', ... (32 bytes))
2026-09-20T02:08:54: Received PUBLISH from esp32 (d0, q0, r0, m0, 'XP340/counter', ... (32 bytes))
2026-09-20T02:08:58: Received PUBLISH from esp32 (d0, q0, r0, m0, 'XP340/counter', ... (32 bytes))
2026-09-20T02:09:03: Received PUBLISH from esp32 (d0, q0, r0, m0, 'XP340/counter', ... (32 bytes))
2026-09-20T02:09:09: Received PUBLISH from esp32 (d0, q0, r0, m0, 'XP340/counter', ... (32 bytes))
2026-09-20T02:09:13: Received PUBLISH from esp32 (d0, q0, r0, m0, 'XP340/counter', ... (32 bytes))
2026-09-20T02:09:18: Received PUBLISH from esp32 (d0, q0, r0, m0, 'XP340/counter', ... (32 bytes))
2026-09-20T02:09:25: Received PUBLISH from esp32 (d0, q0, r0, m0, 'XP340/counter', ... (32 bytes))
2026-09-20T02:09:28: Received PUBLISH from esp32 (d0, q0, r0, m0, 'XP340/counter', ... (32 bytes))
2026-09-20T02:09:33: Received PUBLISH from esp32 (d0, q0, r0, m0, 'XP340/counter', ... (32 bytes))
2026-09-20T02:09:39: Received PUBLISH from esp32 (d0, q0, r0, m0, 'XP340/counter', ... (32 bytes))
2026-09-20T02:09:43: Received PUBLISH from esp32 (d0, q0, r0, m0, 'XP340/counter', ... (32 bytes))
2026-09-20T02:09:54: Received PUBLISH from esp32 (d0, q0, r0, m0, 'XP340/counter', ... (32 bytes))
2026-09-20T02:09:54: Received PUBLISH from esp32 (d0, q0, r0, m0, 'XP340/counter', ... (32 bytes))
2026-09-20T02:09:58: Received PUBLISH from esp32 (d0, q0, r0, m0, 'XP340/counter', ... (32 bytes))
2026-09-20T02:10:03: Received PUBLISH from esp32 (d0, q0, r0, m0, 'XP340/counter', ... (32 bytes))
2026-09-20T02:10:09: Received PUBLISH from esp32 (d0, q0, r0, m0, 'XP340/counter', ... (32 bytes))
2026-09-20T02:10:14: Received PUBLISH from esp32 (d0, q0, r0, m0, 'XP340/counter', ... (32 bytes))
2026-09-20T02:10:18: Received PUBLISH from esp32 (d0, q0, r0, m0, 'XP340/counter', ... (32 bytes))
2026-09-20T02:10:24: Received PUBLISH from esp32 (d0, q0, r0, m0, 'XP340/counter', ... (32 bytes))
2026-09-20T02:10:28: Received PUBLISH from esp32 (d0, q0, r0, m0, 'XP340/counter', ... (32 bytes))
2026-09-20T02:10:33: Received PUBLISH from esp32 (d0, q0, r0, m0, 'XP340/counter', ... (32 bytes))
2026-09-20T02:10:39: Received PUBLISH from esp32 (d0, q0, r0, m0, 'XP340/counter', ... (32 bytes))
2026-09-20T02:10:43: Received PUBLISH from esp32 (d0, q0, r0, m0, 'XP340/counter', ... (32 bytes))
2026-09-20T02:10:48: Received PUBLISH from esp32 (d0, q0, r0, m0, 'XP340/counter', ... (32 bytes))
2026-09-20T02:10:54: Received PUBLISH from esp32 (d0, q0, r0, m0, 'XP340/counter', ... (32 bytes))
2026-09-20T02:10:58: Received PUBLISH from esp32 (d0, q0, r0, m0, 'XP340/counter', ... (32 bytes))
2026-09-20T02:11:03: Received PUBLISH from esp32 (d0, q0, r0, m0, 'XP340/counter', ... (32 bytes))
2026-09-20T02:11:09: Received PUBLISH from esp32 (d0, q0, r0, m0, 'XP340/counter', ... (32 bytes))
2026-09-20T02:11:14: Received PUBLISH from esp32 (d0, q0, r0, m0, 'XP340/counter', ... (32 bytes))
2026-09-20T02:11:18: Received PUBLISH from esp32 (d0, q0, r0, m0, 'XP340/counter', ... (32 bytes))
2026-09-20T02:11:25: Received PUBLISH from esp32 (d0, q0, r0, m0, 'XP340/counter', ... (32 bytes))
2026-09-20T02:11:29: Received PUBLISH from esp32 (d0, q0, r0, m0, 'XP340/counter', ... (32 bytes))
2026-09-20T02:11:41: Received PUBLISH from esp32 (d0, q0, r0, m0, 'XP340/counter', ... (32 bytes))
2026-09-20T02:11:41: Received PUBLISH from esp32 (d0, q0, r0, m0, 'XP340/counter', ... (32 bytes))
2026-09-20T02:11:45: Received PUBLISH from esp32 (d0, q0, r0, m0, 'XP340/counter', ... (32 bytes))
2026-09-20T02:11:57: Received PUBLISH from esp32 (d0, q0, r0, m0, 'XP340/counter', ... (32 bytes))
2026-09-20T02:11:57: Received PUBLISH from esp32 (d0, q0, r0, m0, 'XP340/counter', ... (32 bytes))
2026-09-20T02:11:59: Received PUBLISH from esp32 (d0, q0, r0, m0, 'XP340/counter', ... (32 bytes))
2026-09-20T02:12:09: Received PUBLISH from esp32 (d0, q0, r0, m0, 'XP340/counter', ... (32 bytes))
2026-09-20T02:12:09: Received PUBLISH from esp32 (d0, q0, r0, m0, 'XP340/counter', ... (32 bytes))
2026-09-20T02:12:14: Received PUBLISH from esp32 (d0, q0, r0, m0, 'XP340/counter', ... (32 bytes))
2026-09-20T02:12:25: Received PUBLISH from esp32 (d0, q0, r0, m0, 'XP340/counter', ... (32 bytes))
2026-09-20T02:12:25: Received PUBLISH from esp32 (d0, q0, r0, m0, 'XP340/counter', ... (32 bytes))
2026-09-20T02:12:29: Received PUBLISH from esp32 (d0, q0, r0, m0, 'XP340/counter', ... (32 bytes))
2026-09-20T02:12:40: Received PUBLISH from esp32 (d0, q0, r0, m0, 'XP340/counter', ... (32 bytes))
2026-09-20T02:12:40: Received PUBLISH from esp32 (d0, q0, r0, m0, 'XP340/counter', ... (32 bytes))
2026-09-20T02:12:44: Received PUBLISH from esp32 (d0, q0, r0, m0, 'XP340/counter', ... (32 bytes))
2026-09-20T02:13:09: Received PUBLISH from esp32 (d0, q0, r0, m0, 'XP340/counter', ... (32 bytes))
2026-09-20T02:13:09: Received PUBLISH from esp32 (d0, q0, r0, m0, 'XP340/counter', ... (32 bytes))
2026-09-20T02:13:09: Received PUBLISH from esp32 (d0, q0, r0, m0, 'XP340/counter', ... (32 bytes))
2026-09-20T02:13:09: Received PUBLISH from esp32 (d0, q0, r0, m0, 'XP340/counter', ... (32 bytes))
2026-09-20T02:13:09: Received PUBLISH from esp32 (d0, q0, r0, m0, 'XP340/counter', ... (32 bytes))
2026-09-20T02:13:14: Received PUBLISH from esp32 (d0, q0, r0, m0, 'XP340/counter', ... (32 bytes))
2026-09-20T02:13:25: Received PUBLISH from esp32 (d0, q0, r0, m0, 'XP340/counter', ... (32 bytes))
2026-09-20T02:13:25: Received PUBLISH from esp32 (d0, q0, r0, m0, 'XP340/counter', ... (32 bytes))
2026-09-20T02:13:29: Received PUBLISH from esp32 (d0, q0, r0, m0, 'XP340/counter', ... (32 bytes))
2026-09-20T02:13:39: Received PUBLISH from esp32 (d0, q0, r0, m0, 'XP340/counter', ... (32 bytes))
2026-09-20T02:13:39: Received PUBLISH from esp32 (d0, q0, r0, m0, 'XP340/counter', ... (32 bytes))
2026-09-20T02:13:44: Received PUBLISH from esp32 (d0, q0, r0, m0, 'XP340/counter', ... (32 bytes))
2026-09-20T02:13:55: Received PUBLISH from esp32 (d0, q0, r0, m0, 'XP340/counter', ... (32 bytes))
2026-09-20T02:13:55: Received PUBLISH from esp32 (d0, q0, r0, m0, 'XP340/counter', ... (32 bytes))
2026-09-20T02:13:59: Received PUBLISH from esp32 (d0, q0, r0, m0, 'XP340/counter', ... (32 bytes))
2026-09-20T02:14:10: Received PUBLISH from esp32 (d0, q0, r0, m0, 'XP340/counter', ... (32 bytes))
2026-09-20T02:14:10: Received PUBLISH from esp32 (d0, q0, r0, m0, 'XP340/counter', ... (32 bytes))
2026-09-20T02:14:14: Received PUBLISH from esp32 (d0, q0, r0, m0, 'XP340/counter', ... (32 bytes))
2026-09-20T02:14:25: Received PUBLISH from esp32 (d0, q0, r0, m0, 'XP340/counter', ... (32 bytes))
2026-09-20T02:14:25: Received PUBLISH from esp32 (d0, q0, r0, m0, 'XP340/counter', ... (32 bytes))
2026-09-20T02:14:29: Received PUBLISH from esp32 (d0, q0, r0, m0, 'XP340/counter', ... (32 bytes))
2026-09-20T02:14:39: Received PUBLISH from esp32 (d0, q0, r0, m0, 'XP340/counter', ... (32 bytes))
2026-09-20T02:14:39: Received PUBLISH from esp32 (d0, q0, r0, m0, 'XP340/counter', ... (32 bytes))
2026-09-20T02:14:44: Received PUBLISH from esp32 (d0, q0, r0, m0, 'XP340/counter', ... (32 bytes))
2026-09-20T02:14:59: Received PUBLISH from esp32 (d0, q0, r0, m0, 'XP340/counter', ... (32 bytes))
2026-09-20T02:14:59: Received PUBLISH from esp32 (d0, q0, r0, m0, 'XP340/counter', ... (32 bytes))
2026-09-20T02:14:59: Received PUBLISH from esp32 (d0, q0, r0, m0, 'XP340/counter', ... (32 bytes))
2026-09-20T02:15:13: Received PUBLISH from esp32 (d0, q0, r0, m0, 'XP340/counter', ... (32 bytes))
2026-09-20T02:15:13: Received PUBLISH from esp32 (d0, q0, r0, m0, 'XP340/counter', ... (32 bytes))
2026-09-20T02:15:16: Received PUBLISH from esp32 (d0, q0, r0, m0, 'XP340/counter', ... (32 bytes))
2026-09-20T02:15:24: Received PUBLISH from esp32 (d0, q0, r0, m0, 'XP340/counter', ... (32 bytes))
2026-09-20T02:15:24: Received PUBLISH from esp32 (d0, q0, r0, m0, 'XP340/counter', ... (32 bytes))
2026-09-20T02:15:29: Received PUBLISH from esp32 (d0, q0, r0, m0, 'XP340/counter', ... (32 bytes))
2026-09-20T02:15:41: Received PUBLISH from esp32 (d0, q0, r0, m0, 'XP340/counter', ... (32 bytes))
2026-09-20T02:15:41: Received PUBLISH from esp32 (d0, q0, r0, m0, 'XP340/counter', ... (32 bytes))
2026-09-20T02:15:44: Received PUBLISH from esp32 (d0, q0, r0, m0, 'XP340/counter', ... (32 bytes))
2026-09-20T02:15:53: Received PUBLISH from esp32 (d0, q0, r0, m0, 'XP340/counter', ... (32 bytes))
2026-09-20T02:15:54: Received PUBLISH from esp32 (d0, q0, r0, m0, 'XP340/counter', ... (32 bytes))
2026-09-20T02:15:59: Received PUBLISH from esp32 (d0, q0, r0, m0, 'XP340/counter', ... (32 bytes))
2026-09-20T02:16:09: Received PUBLISH from esp32 (d0, q0, r0, m0, 'XP340/counter', ... (32 bytes))
2026-09-20T02:16:09: Received PUBLISH from esp32 (d0, q0, r0, m0, 'XP340/counter', ... (32 bytes))
2026-09-20T02:16:14: Received PUBLISH from esp32 (d0, q0, r0, m0, 'XP340/counter', ... (32 bytes))
2026-09-20T02:16:24: Received PUBLISH from esp32 (d0, q0, r0, m0, 'XP340/counter', ... (32 bytes))
2026-09-20T02:16:24: Received PUBLISH from esp32 (d0, q0, r0, m0, 'XP340/counter', ... (32 bytes))
2026-09-20T02:16:29: Received PUBLISH from esp32 (d0, q0, r0, m0, 'XP340/counter', ... (32 bytes))
2026-09-20T02:16:39: Received PUBLISH from esp32 (d0, q0, r0, m0, 'XP340/counter', ... (32 bytes))
2026-09-20T02:16:39: Received PUBLISH from esp32 (d0, q0, r0, m0, 'XP340/counter', ... (32 bytes))
2026-09-20T02:16:44: Received PUBLISH from esp32 (d0, q0, r0, m0, 'XP340/counter', ... (32 bytes))
2026-09-20T02:16:54: Received PUBLISH from esp32 (d0, q0, r0, m0, 'XP340/counter', ... (32 bytes))
2026-09-20T02:16:54: Received PUBLISH from esp32 (d0, q0, r0, m0, 'XP340/counter', ... (32 bytes))
2026-09-20T02:16:59: Received PUBLISH from esp32 (d0, q0, r0, m0, 'XP340/counter', ... (32 bytes))
2026-09-20T02:17:09: Received PUBLISH from esp32 (d0, q0, r0, m0, 'XP340/counter', ... (32 bytes))
2026-09-20T02:17:09: Received PUBLISH from esp32 (d0, q0, r0, m0, 'XP340/counter', ... (32 bytes))
2026-09-20T02:17:14: Received PUBLISH from esp32 (d0, q0, r0, m0, 'XP340/counter', ... (32 bytes))
2026-09-20T02:17:25: Received PUBLISH from esp32 (d0, q0, r0, m0, 'XP340/counter', ... (32 bytes))
2026-09-20T02:17:25: Received PUBLISH from esp32 (d0, q0, r0, m0, 'XP340/counter', ... (32 bytes))
2026-09-20T02:17:29: Received PUBLISH from esp32 (d0, q0, r0, m0, 'XP340/counter', ... (32 bytes))
2026-09-20T02:17:39: Received PUBLISH from esp32 (d0, q0, r0, m0, 'XP340/counter', ... (32 bytes))
2026-09-20T02:17:39: Received PUBLISH from esp32 (d0, q0, r0, m0, 'XP340/counter', ... (32 bytes))
2026-09-20T02:17:44: Received PUBLISH from esp32 (d0, q0, r0, m0, 'XP340/counter', ... (32 bytes))
2026-09-20T02:17:54: Received PUBLISH from esp32 (d0, q0, r0, m0, 'XP340/counter', ... (32 bytes))
2026-09-20T02:17:55: Received PUBLISH from esp32 (d0, q0, r0, m0, 'XP340/counter', ... (32 bytes))
2026-09-20T02:17:59: Received PUBLISH from esp32 (d0, q0, r0, m0, 'XP340/counter', ... (32 bytes))
2026-09-20T02:18:09: Received PUBLISH from esp32 (d0, q0, r0, m0, 'XP340/counter', ... (32 bytes))
2026-09-20T02:18:09: Received PUBLISH from esp32 (d0, q0, r0, m0, 'XP340/counter', ... (32 bytes))
2026-09-20T02:18:14: Received PUBLISH from esp32 (d0, q0, r0, m0, 'XP340/counter', ... (32 bytes))
2026-09-20T02:18:24: Received PUBLISH from esp32 (d0, q0, r0, m0, 'XP340/counter', ... (32 bytes))
2026-09-20T02:18:24: Received PUBLISH from esp32 (d0, q0, r0, m0, 'XP340/counter', ... (32 bytes))
2026-09-20T02:18:29: Received PUBLISH from esp32 (d0, q0, r0, m0, 'XP340/counter', ... (32 bytes))
2026-09-20T02:18:39: Received PUBLISH from esp32 (d0, q0, r0, m0, 'XP340/counter', ... (32 bytes))
2026-09-20T02:18:39: Received PUBLISH from esp32 (d0, q0, r0, m0, 'XP340/counter', ... (32 bytes))
2026-09-20T02:18:45: Received PUBLISH from esp32 (d0, q0, r0, m0, 'XP340/counter', ... (32 bytes))
2026-09-20T02:18:54: Received PUBLISH from esp32 (d0, q0, r0, m0, 'XP340/counter', ... (32 bytes))
2026-09-20T02:18:54: Received PUBLISH from esp32 (d0, q0, r0, m0, 'XP340/counter', ... (32 bytes))
2026-09-20T02:18:59: Received PUBLISH from esp32 (d0, q0, r0, m0, 'XP340/counter', ... (32 bytes))
2026-09-20T02:19:09: Received PUBLISH from esp32 (d0, q0, r0, m0, 'XP340/counter', ... (32 bytes))
2026-09-20T02:19:09: Received PUBLISH from esp32 (d0, q0, r0, m0, 'XP340/counter', ... (32 bytes))
2026-09-20T02:19:15: Received PUBLISH from esp32 (d0, q0, r0, m0, 'XP340/counter', ... (32 bytes))
2026-09-20T02:19:24: Received PUBLISH from esp32 (d0, q0, r0, m0, 'XP340/counter', ... (32 bytes))
2026-09-20T02:19:24: Received PUBLISH from esp32 (d0, q0, r0, m0, 'XP340/counter', ... (32 bytes))
2026-09-20T02:19:29: Received PUBLISH from esp32 (d0, q0, r0, m0, 'XP340/counter', ... (32 bytes))
2026-09-20T02:19:39: Received PUBLISH from esp32 (d0, q0, r0, m0, 'XP340/counter', ... (32 bytes))
2026-09-20T02:19:40: Received PUBLISH from esp32 (d0, q0, r0, m0, 'XP340/counter', ... (32 bytes))
2026-09-20T02:19:45: Received PUBLISH from esp32 (d0, q0, r0, m0, 'XP340/counter', ... (32 bytes))
2026-09-20T02:19:54: Received PUBLISH from esp32 (d0, q0, r0, m0, 'XP340/counter', ... (32 bytes))
2026-09-20T02:19:55: Received PUBLISH from esp32 (d0, q0, r0, m0, 'XP340/counter', ... (32 bytes))
2026-09-20T02:20:00: Received PUBLISH from esp32 (d0, q0, r0, m0, 'XP340/counter', ... (32 bytes))
2026-09-20T02:20:09: Received PUBLISH from esp32 (d0, q0, r0, m0, 'XP340/counter', ... (32 bytes))
2026-09-20T02:20:10: Received PUBLISH from esp32 (d0, q0, r0, m0, 'XP340/counter', ... (32 bytes))
2026-09-20T02:20:15: Received PUBLISH from esp32 (d0, q0, r0, m0, 'XP340/counter', ... (32 bytes))
2026-09-20T02:20:24: Received PUBLISH from esp32 (d0, q0, r0, m0, 'XP340/counter', ... (32 bytes))
2026-09-20T02:20:25: Received PUBLISH from esp32 (d0, q0, r0, m0, 'XP340/counter', ... (32 bytes))
2026-09-20T02:20:30: Received PUBLISH from esp32 (d0, q0, r0, m0, 'XP340/counter', ... (32 bytes))
2026-09-20T02:20:40: Received PUBLISH from esp32 (d0, q0, r0, m0, 'XP340/counter', ... (32 bytes))
2026-09-20T02:20:40: Received PUBLISH from esp32 (d0, q0, r0, m0, 'XP340/counter', ... (32 bytes))
2026-09-20T02:20:45: Received PUBLISH from esp32 (d0, q0, r0, m0, 'XP340/counter', ... (32 bytes))
2026-09-20T02:20:54: Received PUBLISH from esp32 (d0, q0, r0, m0, 'XP340/counter', ... (32 bytes))
2026-09-20T02:20:55: Received PUBLISH from esp32 (d0, q0, r0, m0, 'XP340/counter', ... (32 bytes))
2026-09-20T02:21:00: Received PUBLISH from esp32 (d0, q0, r0, m0, 'XP340/counter', ... (32 bytes))
2026-09-20T02:21:09: Received PUBLISH from esp32 (d0, q0, r0, m0, 'XP340/counter', ... (32 bytes))
2026-09-20T02:21:10: Received PUBLISH from esp32 (d0, q0, r0, m0, 'XP340/counter', ... (32 bytes))
2026-09-20T02:21:15: Received PUBLISH from esp32 (d0, q0, r0, m0, 'XP340/counter', ... (32 bytes))
2026-09-20T02:21:25: Received PUBLISH from esp32 (d0, q0, r0, m0, 'XP340/counter', ... (32 bytes))
2026-09-20T02:21:25: Received PUBLISH from esp32 (d0, q0, r0, m0, 'XP340/counter', ... (32 bytes))
2026-09-20T02:21:30: Received PUBLISH from esp32 (d0, q0, r0, m0, 'XP340/counter', ... (32 bytes))
2026-09-20T02:21:41: Received PUBLISH from esp32 (d0, q0, r0, m0, 'XP340/counter', ... (32 bytes))
2026-09-20T02:21:41: Received PUBLISH from esp32 (d0, q0, r0, m0, 'XP340/counter', ... (32 bytes))
2026-09-20T02:21:45: Received PUBLISH from esp32 (d0, q0, r0, m0, 'XP340/counter', ... (32 bytes))
2026-09-20T02:21:54: Received PUBLISH from esp32 (d0, q0, r0, m0, 'XP340/counter', ... (32 bytes))
2026-09-20T02:21:55: Received PUBLISH from esp32 (d0, q0, r0, m0, 'XP340/counter', ... (32 bytes))
2026-09-20T02:22:01: Received PUBLISH from esp32 (d0, q0, r0, m0, 'XP340/counter', ... (32 bytes))
2026-09-20T02:22:09: Received PUBLISH from esp32 (d0, q0, r0, m0, 'XP340/counter', ... (32 bytes))
2026-09-20T02:22:10: Received PUBLISH from esp32 (d0, q0, r0, m0, 'XP340/counter', ... (32 bytes))
2026-09-20T02:22:15: Received PUBLISH from esp32 (d0, q0, r0, m0, 'XP340/counter', ... (32 bytes))
2026-09-20T02:22:25: Received PUBLISH from esp32 (d0, q0, r0, m0, 'XP340/counter', ... (32 bytes))
2026-09-20T02:22:25: Received PUBLISH from esp32 (d0, q0, r0, m0, 'XP340/counter', ... (32 bytes))
2026-09-20T02:22:30: Received PUBLISH from esp32 (d0, q0, r0, m0, 'XP340/counter', ... (32 bytes))
2026-09-20T02:22:43: Received PUBLISH from esp32 (d0, q0, r0, m0, 'XP340/counter', ... (32 bytes))
2026-09-20T02:22:43: Received PUBLISH from esp32 (d0, q0, r0, m0, 'XP340/counter', ... (32 bytes))
2026-09-20T02:22:45: Received PUBLISH from esp32 (d0, q0, r0, m0, 'XP340/counter', ... (32 bytes))
2026-09-20T02:22:54: Received PUBLISH from esp32 (d0, q0, r0, m0, 'XP340/counter', ... (32 bytes))
2026-09-20T02:22:55: Received PUBLISH from esp32 (d0, q0, r0, m0, 'XP340/counter', ... (32 bytes))
2026-09-20T02:23:00: Received PUBLISH from esp32 (d0, q0, r0, m0, 'XP340/counter', ... (32 bytes))
2026-09-20T02:23:05: Received PUBLISH from esp32 (d0, q0, r0, m0, 'XP340/counter', ... (32 bytes))
2026-09-20T02:23:10: Received PUBLISH from esp32 (d0, q0, r0, m0, 'XP340/counter', ... (32 bytes))
2026-09-20T02:23:15: Received PUBLISH from esp32 (d0, q0, r0, m0, 'XP340/counter', ... (32 bytes))
2026-09-20T02:23:20: Received PUBLISH from esp32 (d0, q0, r0, m0, 'XP340/counter', ... (32 bytes))
2026-09-20T02:23:25: Received PUBLISH from esp32 (d0, q0, r0, m0, 'XP340/counter', ... (32 bytes))
2026-09-20T02:23:30: Received PUBLISH from esp32 (d0, q0, r0, m0, 'XP340/counter', ... (32 bytes))
2026-09-20T02:23:39: Received PUBLISH from esp32 (d0, q0, r0, m0, 'XP340/counter', ... (32 bytes))
2026-09-20T02:23:40: Received PUBLISH from esp32 (d0, q0, r0, m0, 'XP340/counter', ... (32 bytes))
2026-09-20T02:23:45: Received PUBLISH from esp32 (d0, q0, r0, m0, 'XP340/counter', ... (32 bytes))
2026-09-20T02:23:54: Received PUBLISH from esp32 (d0, q0, r0, m0, 'XP340/counter', ... (32 bytes))
2026-09-20T02:23:55: Received PUBLISH from esp32 (d0, q0, r0, m0, 'XP340/counter', ... (32 bytes))
2026-09-20T02:24:00: Received PUBLISH from esp32 (d0, q0, r0, m0, 'XP340/counter', ... (32 bytes))
2026-09-20T02:24:09: Received PUBLISH from esp32 (d0, q0, r0, m0, 'XP340/counter', ... (32 bytes))
2026-09-20T02:24:11: Received PUBLISH from esp32 (d0, q0, r0, m0, 'XP340/counter', ... (32 bytes))
2026-09-20T02:24:15: Received PUBLISH from esp32 (d0, q0, r0, m0, 'XP340/counter', ... (32 bytes))
2026-09-20T02:24:24: Received PUBLISH from esp32 (d0, q0, r0, m0, 'XP340/counter', ... (32 bytes))
2026-09-20T02:24:25: Received PUBLISH from esp32 (d0, q0, r0, m0, 'XP340/counter', ... (32 bytes))
2026-09-20T02:24:31: Received PUBLISH from esp32 (d0, q0, r0, m0, 'XP340/counter', ... (32 bytes))
2026-09-20T02:24:40: Received PUBLISH from esp32 (d0, q0, r0, m0, 'XP340/counter', ... (32 bytes))
2026-09-20T02:24:41: Received PUBLISH from esp32 (d0, q0, r0, m0, 'XP340/counter', ... (32 bytes))
2026-09-20T02:24:45: Received PUBLISH from esp32 (d0, q0, r0, m0, 'XP340/counter', ... (32 bytes))
2026-09-20T02:24:55: Received PUBLISH from esp32 (d0, q0, r0, m0, 'XP340/counter', ... (32 bytes))
2026-09-20T02:24:55: Received PUBLISH from esp32 (d0, q0, r0, m0, 'XP340/counter', ... (32 bytes))
2026-09-20T02:25:01: Received PUBLISH from esp32 (d0, q0, r0, m0, 'XP340/counter', ... (32 bytes))
2026-09-20T02:25:09: Received PUBLISH from esp32 (d0, q0, r0, m0, 'XP340/counter', ... (32 bytes))
2026-09-20T02:25:11: Received PUBLISH from esp32 (d0, q0, r0, m0, 'XP340/counter', ... (32 bytes))
2026-09-20T02:25:15: Received PUBLISH from esp32 (d0, q0, r0, m0, 'XP340/counter', ... (32 bytes))
2026-09-20T02:25:24: Received PUBLISH from esp32 (d0, q0, r0, m0, 'XP340/counter', ... (32 bytes))
2026-09-20T02:25:26: Received PUBLISH from esp32 (d0, q0, r0, m0, 'XP340/counter', ... (32 bytes))
2026-09-20T02:25:31: Received PUBLISH from esp32 (d0, q0, r0, m0, 'XP340/counter', ... (32 bytes))
2026-09-20T02:25:39: Received PUBLISH from esp32 (d0, q0, r0, m0, 'XP340/counter', ... (32 bytes))
2026-09-20T02:25:41: Received PUBLISH from esp32 (d0, q0, r0, m0, 'XP340/counter', ... (32 bytes))
2026-09-20T02:25:46: Received PUBLISH from esp32 (d0, q0, r0, m0, 'XP340/counter', ... (32 bytes))
2026-09-20T02:25:54: Received PUBLISH from esp32 (d0, q0, r0, m0, 'XP340/counter', ... (32 bytes))
2026-09-20T02:25:56: Received PUBLISH from esp32 (d0, q0, r0, m0, 'XP340/counter', ... (32 bytes))
2026-09-20T02:26:01: Received PUBLISH from esp32 (d0, q0, r0, m0, 'XP340/counter', ... (32 bytes))
2026-09-20T02:26:09: Received PUBLISH from esp32 (d0, q0, r0, m0, 'XP340/counter', ... (32 bytes))
2026-09-20T02:26:11: Received PUBLISH from esp32 (d0, q0, r0, m0, 'XP340/counter', ... (32 bytes))
2026-09-20T02:26:16: Received PUBLISH from esp32 (d0, q0, r0, m0, 'XP340/counter', ... (32 bytes))
2026-09-20T02:26:25: Received PUBLISH from esp32 (d0, q0, r0, m0, 'XP340/counter', ... (32 bytes))
2026-09-20T02:26:26: Received PUBLISH from esp32 (d0, q0, r0, m0, 'XP340/counter', ... (32 bytes))
2026-09-20T02:26:31: Received PUBLISH from esp32 (d0, q0, r0, m0, 'XP340/counter', ... (32 bytes))
2026-09-20T02:26:39: Received PUBLISH from esp32 (d0, q0, r0, m0, 'XP340/counter', ... (32 bytes))
2026-09-20T02:26:41: Received PUBLISH from esp32 (d0, q0, r0, m0, 'XP340/counter', ... (32 bytes))
2026-09-20T02:26:46: Received PUBLISH from esp32 (d0, q0, r0, m0, 'XP340/counter', ... (32 bytes))
2026-09-20T02:26:54: Received PUBLISH from esp32 (d0, q0, r0, m0, 'XP340/counter', ... (32 bytes))
2026-09-20T02:26:56: Received PUBLISH from esp32 (d0, q0, r0, m0, 'XP340/counter', ... (32 bytes))
2026-09-20T02:27:01: Received PUBLISH from esp32 (d0, q0, r0, m0, 'XP340/counter', ... (32 bytes))
2026-09-20T02:27:09: Received PUBLISH from esp32 (d0, q0, r0, m0, 'XP340/counter', ... (32 bytes))
2026-09-20T02:27:11: Received PUBLISH from esp32 (d0, q0, r0, m0, 'XP340/counter', ... (32 bytes))
2026-09-20T02:27:16: Received PUBLISH from esp32 (d0, q0, r0, m0, 'XP340/counter', ... (32 bytes))
2026-09-20T02:27:24: Received PUBLISH from esp32 (d0, q0, r0, m0, 'XP340/counter', ... (32 bytes))
2026-09-20T02:27:26: Received PUBLISH from esp32 (d0, q0, r0, m0, 'XP340/counter', ... (32 bytes))
2026-09-20T02:27:31: Received PUBLISH from esp32 (d0, q0, r0, m0, 'XP340/counter', ... (32 bytes))
2026-09-20T02:27:39: Received PUBLISH from esp32 (d0, q0, r0, m0, 'XP340/counter', ... (32 bytes))
2026-09-20T02:27:41: Received PUBLISH from esp32 (d0, q0, r0, m0, 'XP340/counter', ... (32 bytes))
2026-09-20T02:27:46: Received PUBLISH from esp32 (d0, q0, r0, m0, 'XP340/counter', ... (32 bytes))
2026-09-20T02:27:54: Received PUBLISH from esp32 (d0, q0, r0, m0, 'XP340/counter', ... (32 bytes))
2026-09-20T02:27:56: Received PUBLISH from esp32 (d0, q0, r0, m0, 'XP340/counter', ... (32 bytes))
2026-09-20T02:28:01: Received PUBLISH from esp32 (d0, q0, r0, m0, 'XP340/counter', ... (32 bytes))
2026-09-20T02:28:09: Received PUBLISH from esp32 (d0, q0, r0, m0, 'XP340/counter', ... (32 bytes))
2026-09-20T02:28:11: Received PUBLISH from esp32 (d0, q0, r0, m0, 'XP340/counter', ... (32 bytes))
2026-09-20T02:28:16: Received PUBLISH from esp32 (d0, q0, r0, m0, 'XP340/counter', ... (32 bytes))
2026-09-20T02:28:25: Received PUBLISH from esp32 (d0, q0, r0, m0, 'XP340/counter', ... (32 bytes))
2026-09-20T02:28:26: Received PUBLISH from esp32 (d0, q0, r0, m0, 'XP340/counter', ... (32 bytes))
2026-09-20T02:28:31: Received PUBLISH from esp32 (d0, q0, r0, m0, 'XP340/counter', ... (32 bytes))
2026-09-20T02:28:39: Received PUBLISH from esp32 (d0, q0, r0, m0, 'XP340/counter', ... (32 bytes))
2026-09-20T02:28:42: Received PUBLISH from esp32 (d0, q0, r0, m0, 'XP340/counter', ... (32 bytes))
2026-09-20T02:28:46: Received PUBLISH from esp32 (d0, q0, r0, m0, 'XP340/counter', ... (32 bytes))
2026-09-20T02:28:54: Received PUBLISH from esp32 (d0, q0, r0, m0, 'XP340/counter', ... (32 bytes))
2026-09-20T02:28:56: Received PUBLISH from esp32 (d0, q0, r0, m0, 'XP340/counter', ... (32 bytes))
2026-09-20T02:29:01: Received PUBLISH from esp32 (d0, q0, r0, m0, 'XP340/counter', ... (32 bytes))
2026-09-20T02:29:09: Received PUBLISH from esp32 (d0, q0, r0, m0, 'XP340/counter', ... (32 bytes))
2026-09-20T02:29:11: Received PUBLISH from esp32 (d0, q0, r0, m0, 'XP340/counter', ... (32 bytes))
2026-09-20T02:29:16: Received PUBLISH from esp32 (d0, q0, r0, m0, 'XP340/counter', ... (32 bytes))
2026-09-20T02:29:24: Received PUBLISH from esp32 (d0, q0, r0, m0, 'XP340/counter', ... (32 bytes))
2026-09-20T02:29:26: Received PUBLISH from esp32 (d0, q0, r0, m0, 'XP340/counter', ... (32 bytes))
2026-09-20T02:29:31: Received PUBLISH from esp32 (d0, q0, r0, m0, 'XP340/counter', ... (32 bytes))
2026-09-20T02:29:45: Received PUBLISH from esp32 (d0, q0, r0, m0, 'XP340/counter', ... (32 bytes))
2026-09-20T02:29:45: Received PUBLISH from esp32 (d0, q0, r0, m0, 'XP340/counter', ... (32 bytes))
2026-09-20T02:29:47: Received PUBLISH from esp32 (d0, q0, r0, m0, 'XP340/counter', ... (32 bytes))
2026-09-20T02:29:55: Received PUBLISH from esp32 (d0, q0, r0, m0, 'XP340/counter', ... (32 bytes))
2026-09-20T02:29:56: Received PUBLISH from esp32 (d0, q0, r0, m0, 'XP340/counter', ... (32 bytes))
2026-09-20T02:30:01: Received PUBLISH from esp32 (d0, q0, r0, m0, 'XP340/counter', ... (32 bytes))
2026-09-20T02:30:09: Received PUBLISH from esp32 (d0, q0, r0, m0, 'XP340/counter', ... (32 bytes))
2026-09-20T02:30:11: Received PUBLISH from esp32 (d0, q0, r0, m0, 'XP340/counter', ... (32 bytes))
2026-09-20T02:30:17: Received PUBLISH from esp32 (d0, q0, r0, m0, 'XP340/counter', ... (32 bytes))
2026-09-20T02:30:27: Received PUBLISH from esp32 (d0, q0, r0, m0, 'XP340/counter', ... (32 bytes))
2026-09-20T02:30:27: Received PUBLISH from esp32 (d0, q0, r0, m0, 'XP340/counter', ... (32 bytes))
2026-09-20T02:30:31: Received PUBLISH from esp32 (d0, q0, r0, m0, 'XP340/counter', ... (32 bytes))
2026-09-20T02:30:35: Saving in-memory database to /mosquitto/data//mosquitto.db.
2026-09-20T02:30:39: Received PUBLISH from esp32 (d0, q0, r0, m0, 'XP340/counter', ... (32 bytes))
2026-09-20T02:30:42: Received PUBLISH from esp32 (d0, q0, r0, m0, 'XP340/counter', ... (32 bytes))
2026-09-20T02:30:47: Received PUBLISH from esp32 (d0, q0, r0, m0, 'XP340/counter', ... (32 bytes))
2026-09-20T02:30:54: Received PUBLISH from esp32 (d0, q0, r0, m0, 'XP340/counter', ... (32 bytes))
2026-09-20T02:30:56: Received PUBLISH from esp32 (d0, q0, r0, m0, 'XP340/counter', ... (32 bytes))
2026-09-20T02:31:01: Received PUBLISH from esp32 (d0, q0, r0, m0, 'XP340/counter', ... (32 bytes))
2026-09-20T02:31:09: Received PUBLISH from esp32 (d0, q0, r0, m0, 'XP340/counter', ... (32 bytes))
2026-09-20T02:31:11: Received PUBLISH from esp32 (d0, q0, r0, m0, 'XP340/counter', ... (32 bytes))
2026-09-20T02:31:17: Received PUBLISH from esp32 (d0, q0, r0, m0, 'XP340/counter', ... (32 bytes))
2026-09-20T02:31:24: Received PUBLISH from esp32 (d0, q0, r0, m0, 'XP340/counter', ... (32 bytes))
2026-09-20T02:31:26: Received PUBLISH from esp32 (d0, q0, r0, m0, 'XP340/counter', ... (32 bytes))
2026-09-20T02:31:31: Received PUBLISH from esp32 (d0, q0, r0, m0, 'XP340/counter', ... (32 bytes))
2026-09-20T02:31:39: Received PUBLISH from esp32 (d0, q0, r0, m0, 'XP340/counter', ... (32 bytes))
2026-09-20T02:31:42: Received PUBLISH from esp32 (d0, q0, r0, m0, 'XP340/counter', ... (32 bytes))
2026-09-20T02:31:47: Received PUBLISH from esp32 (d0, q0, r0, m0, 'XP340/counter', ... (32 bytes))
2026-09-20T02:31:54: Received PUBLISH from esp32 (d0, q0, r0, m0, 'XP340/counter', ... (32 bytes))
2026-09-20T02:31:57: Received PUBLISH from esp32 (d0, q0, r0, m0, 'XP340/counter', ... (32 bytes))
2026-09-20T02:32:02: Received PUBLISH from esp32 (d0, q0, r0, m0, 'XP340/counter', ... (32 bytes))
2026-09-20T02:32:09: Received PUBLISH from esp32 (d0, q0, r0, m0, 'XP340/counter', ... (32 bytes))
2026-09-20T02:32:12: Received PUBLISH from esp32 (d0, q0, r0, m0, 'XP340/counter', ... (32 bytes))
2026-09-20T02:32:17: Received PUBLISH from esp32 (d0, q0, r0, m0, 'XP340/counter', ... (32 bytes))
2026-09-20T02:32:24: Received PUBLISH from esp32 (d0, q0, r0, m0, 'XP340/counter', ... (32 bytes))
2026-09-20T02:32:27: Received PUBLISH from esp32 (d0, q0, r0, m0, 'XP340/counter', ... (32 bytes))
2026-09-20T02:32:32: Received PUBLISH from esp32 (d0, q0, r0, m0, 'XP340/counter', ... (32 bytes))
2026-09-20T02:32:44: Received PUBLISH from esp32 (d0, q0, r0, m0, 'XP340/counter', ... (32 bytes))
2026-09-20T02:32:44: Received PUBLISH from esp32 (d0, q0, r0, m0, 'XP340/counter', ... (32 bytes))
2026-09-20T02:32:47: Received PUBLISH from esp32 (d0, q0, r0, m0, 'XP340/counter', ... (32 bytes))
2026-09-20T02:32:54: Received PUBLISH from esp32 (d0, q0, r0, m0, 'XP340/counter', ... (32 bytes))
2026-09-20T02:32:57: Received PUBLISH from esp32 (d0, q0, r0, m0, 'XP340/counter', ... (32 bytes))
2026-09-20T02:33:02: Received PUBLISH from esp32 (d0, q0, r0, m0, 'XP340/counter', ... (32 bytes))
2026-09-20T02:33:09: Received PUBLISH from esp32 (d0, q0, r0, m0, 'XP340/counter', ... (32 bytes))
2026-09-20T02:33:12: Received PUBLISH from esp32 (d0, q0, r0, m0, 'XP340/counter', ... (32 bytes))
2026-09-20T02:33:17: Received PUBLISH from esp32 (d0, q0, r0, m0, 'XP340/counter', ... (32 bytes))
2026-09-20T02:33:25: Received PUBLISH from esp32 (d0, q0, r0, m0, 'XP340/counter', ... (32 bytes))
2026-09-20T02:33:27: Received PUBLISH from esp32 (d0, q0, r0, m0, 'XP340/counter', ... (32 bytes))
2026-09-20T02:33:32: Received PUBLISH from esp32 (d0, q0, r0, m0, 'XP340/counter', ... (32 bytes))
2026-09-20T02:33:40: Received PUBLISH from esp32 (d0, q0, r0, m0, 'XP340/counter', ... (32 bytes))
2026-09-20T02:33:42: Received PUBLISH from esp32 (d0, q0, r0, m0, 'XP340/counter', ... (32 bytes))
2026-09-20T02:33:47: Received PUBLISH from esp32 (d0, q0, r0, m0, 'XP340/counter', ... (32 bytes))
2026-09-20T02:33:55: Received PUBLISH from esp32 (d0, q0, r0, m0, 'XP340/counter', ... (32 bytes))
2026-09-20T02:33:57: Received PUBLISH from esp32 (d0, q0, r0, m0, 'XP340/counter', ... (32 bytes))
2026-09-20T02:34:02: Received PUBLISH from esp32 (d0, q0, r0, m0, 'XP340/counter', ... (32 bytes))
2026-09-20T02:34:09: Received PUBLISH from esp32 (d0, q0, r0, m0, 'XP340/counter', ... (32 bytes))
2026-09-20T02:34:12: Received PUBLISH from esp32 (d0, q0, r0, m0, 'XP340/counter', ... (32 bytes))
2026-09-20T02:34:17: Received PUBLISH from esp32 (d0, q0, r0, m0, 'XP340/counter', ... (32 bytes))
2026-09-20T02:34:25: Received PUBLISH from esp32 (d0, q0, r0, m0, 'XP340/counter', ... (32 bytes))
2026-09-20T02:34:27: Received PUBLISH from esp32 (d0, q0, r0, m0, 'XP340/counter', ... (32 bytes))
2026-09-20T02:34:32: Received PUBLISH from esp32 (d0, q0, r0, m0, 'XP340/counter', ... (32 bytes))
2026-09-20T02:34:39: Received PUBLISH from esp32 (d0, q0, r0, m0, 'XP340/counter', ... (32 bytes))
2026-09-20T02:34:42: Received PUBLISH from esp32 (d0, q0, r0, m0, 'XP340/counter', ... (32 bytes))
2026-09-20T02:34:47: Received PUBLISH from esp32 (d0, q0, r0, m0, 'XP340/counter', ... (32 bytes))
2026-09-20T02:34:49: New connection from 10.0.0.90:36195 on port 8883.
2026-09-20T02:34:49: OpenSSL Error while trying to get the error[0]: error:0A000412:SSL routines::ssl/tls alert bad certificate
2026-09-20T02:34:49: Client 10.0.0.90 [10.0.0.90:36195] disconnected: Protocol error.
2026-09-20T02:34:51: New connection from 10.0.0.90:51161 on port 8883.
2026-09-20T02:34:51: OpenSSL Error while trying to get the error[0]: error:0A000412:SSL routines::ssl/tls alert bad certificate
2026-09-20T02:34:51: Client 10.0.0.90 [10.0.0.90:51161] disconnected: Protocol error.
2026-09-20T02:34:54: Received PUBLISH from esp32 (d0, q0, r0, m0, 'XP340/counter', ... (32 bytes))
2026-09-20T02:34:57: Received PUBLISH from esp32 (d0, q0, r0, m0, 'XP340/counter', ... (32 bytes))
2026-09-20T02:35:02: Received PUBLISH from esp32 (d0, q0, r0, m0, 'XP340/counter', ... (32 bytes))
2026-09-20T02:35:09: Received PUBLISH from esp32 (d0, q0, r0, m0, 'XP340/counter', ... (32 bytes))
2026-09-20T02:35:10: New connection from 10.0.0.90:35425 on port 8883.
2026-09-20T02:35:10: New client connected from 10.0.0.90:35425 as paho-client-01 (p4, c1, k60, u'Paho-Client').
2026-09-20T02:35:10: No will message specified.
2026-09-20T02:35:10: Client paho-client-01 negotiated TLSv1.3 cipher TLS_AES_256_GCM_SHA384
2026-09-20T02:35:10: Sending CONNACK to paho-client-01 (0, 0)
2026-09-20T02:35:10: Received SUBSCRIBE from paho-client-01
2026-09-20T02:35:10: 	XP340/counter (QoS 0)
2026-09-20T02:35:10: paho-client-01 0 XP340/counter
2026-09-20T02:35:10: 	XP340/Q_00 (QoS 0)
2026-09-20T02:35:10: paho-client-01 0 XP340/Q_00
2026-09-20T02:35:10: 	XP340/Q_01 (QoS 0)
2026-09-20T02:35:10: paho-client-01 0 XP340/Q_01
2026-09-20T02:35:10: Sending SUBACK to paho-client-01
2026-09-20T02:35:12: Received PUBLISH from esp32 (d0, q0, r0, m0, 'XP340/counter', ... (32 bytes))
2026-09-20T02:35:12: Sending PUBLISH to paho-client-01 (d0, q0, r0, m0, 'XP340/counter', ... (32 bytes))
2026-09-20T02:35:14: Received PUBLISH from paho-client-01 (d0, q0, r0, m0, 'XP340/I_00', ... (2 bytes))
2026-09-20T02:35:14: Sending PUBLISH to esp32 (d0, q0, r0, m0, 'XP340/I_00', ... (2 bytes))
2026-09-20T02:35:14: Received PUBLISH from esp32 (d0, q0, r0, m0, 'XP340/Q_00', ... (2 bytes))
2026-09-20T02:35:14: Sending PUBLISH to paho-client-01 (d0, q0, r0, m0, 'XP340/Q_00', ... (2 bytes))
2026-09-20T02:35:16: Received PUBLISH from paho-client-01 (d0, q0, r0, m0, 'XP340/I_00', ... (3 bytes))
2026-09-20T02:35:16: Sending PUBLISH to esp32 (d0, q0, r0, m0, 'XP340/I_00', ... (3 bytes))
2026-09-20T02:35:16: Received PUBLISH from esp32 (d0, q0, r0, m0, 'XP340/Q_00', ... (3 bytes))
2026-09-20T02:35:16: Sending PUBLISH to paho-client-01 (d0, q0, r0, m0, 'XP340/Q_00', ... (3 bytes))
2026-09-20T02:35:17: Received PUBLISH from esp32 (d0, q0, r0, m0, 'XP340/counter', ... (32 bytes))
2026-09-20T02:35:17: Sending PUBLISH to paho-client-01 (d0, q0, r0, m0, 'XP340/counter', ... (32 bytes))
2026-09-20T02:35:18: Received PUBLISH from paho-client-01 (d0, q0, r0, m0, 'XP340/I_00', ... (2 bytes))
2026-09-20T02:35:18: Sending PUBLISH to esp32 (d0, q0, r0, m0, 'XP340/I_00', ... (2 bytes))
2026-09-20T02:35:20: Received PUBLISH from paho-client-01 (d0, q0, r0, m0, 'XP340/I_00', ... (3 bytes))
2026-09-20T02:35:20: Sending PUBLISH to esp32 (d0, q0, r0, m0, 'XP340/I_00', ... (3 bytes))
2026-09-20T02:35:24: OpenSSL Error while trying to get the error[0]: error:0A000126:SSL routines::unexpected eof while reading
2026-09-20T02:35:24: Client paho-client-01 [10.0.0.90:35425] disconnected: connection closed by client.
2026-09-20T02:35:24: Received PUBLISH from esp32 (d0, q0, r0, m0, 'XP340/Q_00', ... (2 bytes))
2026-09-20T02:35:24: Received PUBLISH from esp32 (d0, q0, r0, m0, 'XP340/counter', ... (32 bytes))
2026-09-20T02:35:24: Received PUBLISH from esp32 (d0, q0, r0, m0, 'XP340/Q_00', ... (3 bytes))
2026-09-20T02:35:27: Received PUBLISH from esp32 (d0, q0, r0, m0, 'XP340/counter', ... (32 bytes))
2026-09-20T02:35:32: Received PUBLISH from esp32 (d0, q0, r0, m0, 'XP340/counter', ... (32 bytes))
2026-09-20T02:35:40: Received PUBLISH from esp32 (d0, q0, r0, m0, 'XP340/counter', ... (32 bytes))
2026-09-20T02:35:42: Received PUBLISH from esp32 (d0, q0, r0, m0, 'XP340/counter', ... (32 bytes))
2026-09-20T02:35:47: Received PUBLISH from esp32 (d0, q0, r0, m0, 'XP340/counter', ... (32 bytes))
2026-09-20T02:35:54: Received PUBLISH from esp32 (d0, q0, r0, m0, 'XP340/counter', ... (32 bytes))
2026-09-20T02:35:57: Received PUBLISH from esp32 (d0, q0, r0, m0, 'XP340/counter', ... (32 bytes))
2026-09-20T02:36:02: Received PUBLISH from esp32 (d0, q0, r0, m0, 'XP340/counter', ... (32 bytes))
2026-09-20T02:36:09: Received PUBLISH from esp32 (d0, q0, r0, m0, 'XP340/counter', ... (32 bytes))
2026-09-20T02:36:12: Received PUBLISH from esp32 (d0, q0, r0, m0, 'XP340/counter', ... (32 bytes))
2026-09-20T02:36:17: Received PUBLISH from esp32 (d0, q0, r0, m0, 'XP340/counter', ... (32 bytes))
2026-09-20T02:36:25: Received PUBLISH from esp32 (d0, q0, r0, m0, 'XP340/counter', ... (32 bytes))
2026-09-20T02:36:27: Received PUBLISH from esp32 (d0, q0, r0, m0, 'XP340/counter', ... (32 bytes))
2026-09-20T02:36:39: Received PUBLISH from esp32 (d0, q0, r0, m0, 'XP340/counter', ... (32 bytes))
2026-09-20T02:36:39: Received PUBLISH from esp32 (d0, q0, r0, m0, 'XP340/counter', ... (32 bytes))
2026-09-20T02:36:42: Received PUBLISH from esp32 (d0, q0, r0, m0, 'XP340/counter', ... (32 bytes))
2026-09-20T02:36:48: Received PUBLISH from esp32 (d0, q0, r0, m0, 'XP340/counter', ... (32 bytes))
2026-09-20T02:36:54: Received PUBLISH from esp32 (d0, q0, r0, m0, 'XP340/counter', ... (32 bytes))
2026-09-20T02:36:57: Received PUBLISH from esp32 (d0, q0, r0, m0, 'XP340/counter', ... (32 bytes))
2026-09-20T02:37:02: New connection from 10.0.0.90:50517 on port 8883.
2026-09-20T02:37:02: New client connected from 10.0.0.90:50517 as paho-client-01 (p4, c1, k60, u'Paho-Client').
2026-09-20T02:37:02: No will message specified.
2026-09-20T02:37:02: Client paho-client-01 negotiated TLSv1.3 cipher TLS_AES_256_GCM_SHA384
2026-09-20T02:37:02: Sending CONNACK to paho-client-01 (0, 0)
2026-09-20T02:37:02: Received SUBSCRIBE from paho-client-01
2026-09-20T02:37:02: 	XP340/counter (QoS 0)
2026-09-20T02:37:02: paho-client-01 0 XP340/counter
2026-09-20T02:37:02: 	XP340/Q_00 (QoS 0)
2026-09-20T02:37:02: paho-client-01 0 XP340/Q_00
2026-09-20T02:37:02: 	XP340/Q_01 (QoS 0)
2026-09-20T02:37:02: paho-client-01 0 XP340/Q_01
2026-09-20T02:37:02: Sending SUBACK to paho-client-01
2026-09-20T02:37:03: Received PUBLISH from esp32 (d0, q0, r0, m0, 'XP340/counter', ... (32 bytes))
2026-09-20T02:37:03: Sending PUBLISH to paho-client-01 (d0, q0, r0, m0, 'XP340/counter', ... (32 bytes))
2026-09-20T02:37:05: Received PUBLISH from paho-client-01 (d0, q0, r0, m0, 'XP340/I_00', ... (2 bytes))
2026-09-20T02:37:05: Sending PUBLISH to esp32 (d0, q0, r0, m0, 'XP340/I_00', ... (2 bytes))
2026-09-20T02:37:09: Received PUBLISH from esp32 (d0, q0, r0, m0, 'XP340/counter', ... (32 bytes))
2026-09-20T02:37:09: Sending PUBLISH to paho-client-01 (d0, q0, r0, m0, 'XP340/counter', ... (32 bytes))
2026-09-20T02:37:09: Received PUBLISH from esp32 (d0, q0, r0, m0, 'XP340/Q_00', ... (2 bytes))
2026-09-20T02:37:09: Sending PUBLISH to paho-client-01 (d0, q0, r0, m0, 'XP340/Q_00', ... (2 bytes))
2026-09-20T02:37:11: Received PUBLISH from paho-client-01 (d0, q0, r0, m0, 'XP340/I_00', ... (3 bytes))
2026-09-20T02:37:11: Sending PUBLISH to esp32 (d0, q0, r0, m0, 'XP340/I_00', ... (3 bytes))
2026-09-20T02:37:11: Received PUBLISH from esp32 (d0, q0, r0, m0, 'XP340/Q_00', ... (3 bytes))
2026-09-20T02:37:11: Sending PUBLISH to paho-client-01 (d0, q0, r0, m0, 'XP340/Q_00', ... (3 bytes))
2026-09-20T02:37:12: Received PUBLISH from paho-client-01 (d0, q0, r0, m0, 'XP340/I_00', ... (2 bytes))
2026-09-20T02:37:12: Sending PUBLISH to esp32 (d0, q0, r0, m0, 'XP340/I_00', ... (2 bytes))
2026-09-20T02:37:13: Received PUBLISH from esp32 (d0, q0, r0, m0, 'XP340/Q_00', ... (2 bytes))
2026-09-20T02:37:13: Sending PUBLISH to paho-client-01 (d0, q0, r0, m0, 'XP340/Q_00', ... (2 bytes))
2026-09-20T02:37:13: Received PUBLISH from esp32 (d0, q0, r0, m0, 'XP340/counter', ... (32 bytes))
2026-09-20T02:37:13: Sending PUBLISH to paho-client-01 (d0, q0, r0, m0, 'XP340/counter', ... (32 bytes))
2026-09-20T02:37:14: Received PUBLISH from paho-client-01 (d0, q0, r0, m0, 'XP340/I_00', ... (3 bytes))
2026-09-20T02:37:14: Sending PUBLISH to esp32 (d0, q0, r0, m0, 'XP340/I_00', ... (3 bytes))
2026-09-20T02:37:14: Received PUBLISH from esp32 (d0, q0, r0, m0, 'XP340/Q_00', ... (3 bytes))
2026-09-20T02:37:14: Sending PUBLISH to paho-client-01 (d0, q0, r0, m0, 'XP340/Q_00', ... (3 bytes))
2026-09-20T02:37:18: Received PUBLISH from esp32 (d0, q0, r0, m0, 'XP340/counter', ... (32 bytes))
2026-09-20T02:37:18: Sending PUBLISH to paho-client-01 (d0, q0, r0, m0, 'XP340/counter', ... (32 bytes))
2026-09-20T02:37:22: OpenSSL Error while trying to get the error[0]: error:0A000126:SSL routines::unexpected eof while reading
2026-09-20T02:37:22: Client paho-client-01 [10.0.0.90:50517] disconnected: connection closed by client.
2026-09-20T02:37:25: Received PUBLISH from esp32 (d0, q0, r0, m0, 'XP340/counter', ... (32 bytes))
2026-09-20T02:37:27: Received PUBLISH from esp32 (d0, q0, r0, m0, 'XP340/counter', ... (32 bytes))
2026-09-20T02:37:28: New connection from 10.0.0.90:33881 on port 8883.
2026-09-20T02:37:28: New client connected from 10.0.0.90:33881 as paho-client-01 (p4, c1, k60, u'Paho-Client').
2026-09-20T02:37:28: No will message specified.
2026-09-20T02:37:28: Client paho-client-01 negotiated TLSv1.3 cipher TLS_AES_256_GCM_SHA384
2026-09-20T02:37:28: Sending CONNACK to paho-client-01 (0, 0)
2026-09-20T02:37:28: Received SUBSCRIBE from paho-client-01
2026-09-20T02:37:28: 	XP340/counter (QoS 0)
2026-09-20T02:37:28: paho-client-01 0 XP340/counter
2026-09-20T02:37:28: 	XP340/Q_00 (QoS 0)
2026-09-20T02:37:28: paho-client-01 0 XP340/Q_00
2026-09-20T02:37:28: 	XP340/Q_01 (QoS 0)
2026-09-20T02:37:28: paho-client-01 0 XP340/Q_01
2026-09-20T02:37:28: Sending SUBACK to paho-client-01
2026-09-20T02:37:39: Received PUBLISH from esp32 (d0, q0, r0, m0, 'XP340/counter', ... (32 bytes))
2026-09-20T02:37:39: Sending PUBLISH to paho-client-01 (d0, q0, r0, m0, 'XP340/counter', ... (32 bytes))
2026-09-20T02:37:39: Received PUBLISH from esp32 (d0, q0, r0, m0, 'XP340/counter', ... (32 bytes))
2026-09-20T02:37:39: Sending PUBLISH to paho-client-01 (d0, q0, r0, m0, 'XP340/counter', ... (32 bytes))
2026-09-20T02:37:43: Received PUBLISH from esp32 (d0, q0, r0, m0, 'XP340/counter', ... (32 bytes))
2026-09-20T02:37:43: Sending PUBLISH to paho-client-01 (d0, q0, r0, m0, 'XP340/counter', ... (32 bytes))
2026-09-20T02:37:46: OpenSSL Error while trying to get the error[0]: error:0A000126:SSL routines::unexpected eof while reading
2026-09-20T02:37:46: Client paho-client-01 [10.0.0.90:33881] disconnected: connection closed by client.
2026-09-20T02:37:54: Received PUBLISH from esp32 (d0, q0, r0, m0, 'XP340/counter', ... (32 bytes))
2026-09-20T02:37:54: Received PUBLISH from esp32 (d0, q0, r0, m0, 'XP340/counter', ... (32 bytes))
2026-09-20T02:37:58: Received PUBLISH from esp32 (d0, q0, r0, m0, 'XP340/counter', ... (32 bytes))
2026-09-20T02:38:03: Received PUBLISH from esp32 (d0, q0, r0, m0, 'XP340/counter', ... (32 bytes))
2026-09-20T02:38:10: Received PUBLISH from esp32 (d0, q0, r0, m0, 'XP340/counter', ... (32 bytes))
2026-09-20T02:38:13: Received PUBLISH from esp32 (d0, q0, r0, m0, 'XP340/counter', ... (32 bytes))
2026-09-20T02:38:24: Received PUBLISH from esp32 (d0, q0, r0, m0, 'XP340/counter', ... (32 bytes))
2026-09-20T02:38:24: Received PUBLISH from esp32 (d0, q0, r0, m0, 'XP340/counter', ... (32 bytes))
2026-09-20T02:38:29: Received PUBLISH from esp32 (d0, q0, r0, m0, 'XP340/counter', ... (32 bytes))
2026-09-20T02:38:39: Received PUBLISH from esp32 (d0, q0, r0, m0, 'XP340/counter', ... (32 bytes))
2026-09-20T02:38:39: Received PUBLISH from esp32 (d0, q0, r0, m0, 'XP340/counter', ... (32 bytes))
2026-09-20T02:38:43: Received PUBLISH from esp32 (d0, q0, r0, m0, 'XP340/counter', ... (32 bytes))
2026-09-20T02:38:54: Received PUBLISH from esp32 (d0, q0, r0, m0, 'XP340/counter', ... (32 bytes))
2026-09-20T02:38:54: Received PUBLISH from esp32 (d0, q0, r0, m0, 'XP340/counter', ... (32 bytes))
2026-09-20T02:38:58: Received PUBLISH from esp32 (d0, q0, r0, m0, 'XP340/counter', ... (32 bytes))
2026-09-20T02:39:09: Received PUBLISH from esp32 (d0, q0, r0, m0, 'XP340/counter', ... (32 bytes))
2026-09-20T02:39:09: Received PUBLISH from esp32 (d0, q0, r0, m0, 'XP340/counter', ... (32 bytes))
2026-09-20T02:39:13: Received PUBLISH from esp32 (d0, q0, r0, m0, 'XP340/counter', ... (32 bytes))
2026-09-20T02:39:24: Received PUBLISH from esp32 (d0, q0, r0, m0, 'XP340/counter', ... (32 bytes))
2026-09-20T02:39:24: Received PUBLISH from esp32 (d0, q0, r0, m0, 'XP340/counter', ... (32 bytes))
2026-09-20T02:39:28: Received PUBLISH from esp32 (d0, q0, r0, m0, 'XP340/counter', ... (32 bytes))
2026-09-20T02:39:39: Received PUBLISH from esp32 (d0, q0, r0, m0, 'XP340/counter', ... (32 bytes))
2026-09-20T02:39:39: Received PUBLISH from esp32 (d0, q0, r0, m0, 'XP340/counter', ... (32 bytes))
2026-09-20T02:39:43: Received PUBLISH from esp32 (d0, q0, r0, m0, 'XP340/counter', ... (32 bytes))
2026-09-20T02:39:48: Received PUBLISH from esp32 (d0, q0, r0, m0, 'XP340/counter', ... (32 bytes))
2026-09-20T02:39:54: Received PUBLISH from esp32 (d0, q0, r0, m0, 'XP340/counter', ... (32 bytes))
2026-09-20T02:39:58: Received PUBLISH from esp32 (d0, q0, r0, m0, 'XP340/counter', ... (32 bytes))
2026-09-20T02:40:09: Received PUBLISH from esp32 (d0, q0, r0, m0, 'XP340/counter', ... (32 bytes))
2026-09-20T02:40:09: Received PUBLISH from esp32 (d0, q0, r0, m0, 'XP340/counter', ... (32 bytes))
2026-09-20T02:40:13: Received PUBLISH from esp32 (d0, q0, r0, m0, 'XP340/counter', ... (32 bytes))
2026-09-20T02:40:25: Received PUBLISH from esp32 (d0, q0, r0, m0, 'XP340/counter', ... (32 bytes))
2026-09-20T02:40:25: Received PUBLISH from esp32 (d0, q0, r0, m0, 'XP340/counter', ... (32 bytes))
2026-09-20T02:40:28: Received PUBLISH from esp32 (d0, q0, r0, m0, 'XP340/counter', ... (32 bytes))
2026-09-20T02:40:33: Received PUBLISH from esp32 (d0, q0, r0, m0, 'XP340/counter', ... (32 bytes))
2026-09-20T02:40:39: Received PUBLISH from esp32 (d0, q0, r0, m0, 'XP340/counter', ... (32 bytes))
2026-09-20T02:40:43: Received PUBLISH from esp32 (d0, q0, r0, m0, 'XP340/counter', ... (32 bytes))
2026-09-20T02:40:54: Received PUBLISH from esp32 (d0, q0, r0, m0, 'XP340/counter', ... (32 bytes))
2026-09-20T02:40:54: Received PUBLISH from esp32 (d0, q0, r0, m0, 'XP340/counter', ... (32 bytes))
2026-09-20T02:40:59: Received PUBLISH from esp32 (d0, q0, r0, m0, 'XP340/counter', ... (32 bytes))
2026-09-20T02:41:09: Received PUBLISH from esp32 (d0, q0, r0, m0, 'XP340/counter', ... (32 bytes))
2026-09-20T02:41:09: Received PUBLISH from esp32 (d0, q0, r0, m0, 'XP340/counter', ... (32 bytes))
2026-09-20T02:41:13: Received PUBLISH from esp32 (d0, q0, r0, m0, 'XP340/counter', ... (32 bytes))
2026-09-20T02:41:18: Received PUBLISH from esp32 (d0, q0, r0, m0, 'XP340/counter', ... (32 bytes))
2026-09-20T02:41:24: Received PUBLISH from esp32 (d0, q0, r0, m0, 'XP340/counter', ... (32 bytes))
2026-09-20T02:41:29: Received PUBLISH from esp32 (d0, q0, r0, m0, 'XP340/counter', ... (32 bytes))
2026-09-20T02:41:33: Received PUBLISH from esp32 (d0, q0, r0, m0, 'XP340/counter', ... (32 bytes))
2026-09-20T02:41:39: Received PUBLISH from esp32 (d0, q0, r0, m0, 'XP340/counter', ... (32 bytes))
2026-09-20T02:41:43: Received PUBLISH from esp32 (d0, q0, r0, m0, 'XP340/counter', ... (32 bytes))
2026-09-20T02:41:54: Received PUBLISH from esp32 (d0, q0, r0, m0, 'XP340/counter', ... (32 bytes))
2026-09-20T02:41:54: Received PUBLISH from esp32 (d0, q0, r0, m0, 'XP340/counter', ... (32 bytes))
2026-09-20T02:41:58: Received PUBLISH from esp32 (d0, q0, r0, m0, 'XP340/counter', ... (32 bytes))
2026-09-20T02:42:09: Received PUBLISH from esp32 (d0, q0, r0, m0, 'XP340/counter', ... (32 bytes))
2026-09-20T02:42:09: Received PUBLISH from esp32 (d0, q0, r0, m0, 'XP340/counter', ... (32 bytes))
2026-09-20T02:42:13: Received PUBLISH from esp32 (d0, q0, r0, m0, 'XP340/counter', ... (32 bytes))
2026-09-20T02:42:18: Received PUBLISH from esp32 (d0, q0, r0, m0, 'XP340/counter', ... (32 bytes))
2026-09-20T02:42:24: Received PUBLISH from esp32 (d0, q0, r0, m0, 'XP340/counter', ... (32 bytes))
2026-09-20T02:42:28: Received PUBLISH from esp32 (d0, q0, r0, m0, 'XP340/counter', ... (32 bytes))
2026-09-20T02:42:33: Received PUBLISH from esp32 (d0, q0, r0, m0, 'XP340/counter', ... (32 bytes))
2026-09-20T02:42:39: Received PUBLISH from esp32 (d0, q0, r0, m0, 'XP340/counter', ... (32 bytes))
2026-09-20T02:42:43: Received PUBLISH from esp32 (d0, q0, r0, m0, 'XP340/counter', ... (32 bytes))
2026-09-20T02:42:54: Received PUBLISH from esp32 (d0, q0, r0, m0, 'XP340/counter', ... (32 bytes))
2026-09-20T02:42:55: Received PUBLISH from esp32 (d0, q0, r0, m0, 'XP340/counter', ... (32 bytes))
2026-09-20T02:42:58: Received PUBLISH from esp32 (d0, q0, r0, m0, 'XP340/counter', ... (32 bytes))
2026-09-20T02:43:09: Received PUBLISH from esp32 (d0, q0, r0, m0, 'XP340/counter', ... (32 bytes))
2026-09-20T02:43:09: Received PUBLISH from esp32 (d0, q0, r0, m0, 'XP340/counter', ... (32 bytes))
2026-09-20T02:43:13: Received PUBLISH from esp32 (d0, q0, r0, m0, 'XP340/counter', ... (32 bytes))
2026-09-20T02:43:18: Received PUBLISH from esp32 (d0, q0, r0, m0, 'XP340/counter', ... (32 bytes))
2026-09-20T02:43:25: Received PUBLISH from esp32 (d0, q0, r0, m0, 'XP340/counter', ... (32 bytes))
2026-09-20T02:43:28: Received PUBLISH from esp32 (d0, q0, r0, m0, 'XP340/counter', ... (32 bytes))
2026-09-20T02:43:39: Received PUBLISH from esp32 (d0, q0, r0, m0, 'XP340/counter', ... (32 bytes))
2026-09-20T02:43:39: Received PUBLISH from esp32 (d0, q0, r0, m0, 'XP340/counter', ... (32 bytes))
2026-09-20T02:43:43: Received PUBLISH from esp32 (d0, q0, r0, m0, 'XP340/counter', ... (32 bytes))
2026-09-20T02:43:48: Received PUBLISH from esp32 (d0, q0, r0, m0, 'XP340/counter', ... (32 bytes))
2026-09-20T02:43:54: Received PUBLISH from esp32 (d0, q0, r0, m0, 'XP340/counter', ... (32 bytes))
2026-09-20T02:43:58: Received PUBLISH from esp32 (d0, q0, r0, m0, 'XP340/counter', ... (32 bytes))
2026-09-20T02:44:03: Received PUBLISH from esp32 (d0, q0, r0, m0, 'XP340/counter', ... (32 bytes))
2026-09-20T02:44:09: Received PUBLISH from esp32 (d0, q0, r0, m0, 'XP340/counter', ... (32 bytes))
2026-09-20T02:44:14: Received PUBLISH from esp32 (d0, q0, r0, m0, 'XP340/counter', ... (32 bytes))
2026-09-20T02:44:24: Received PUBLISH from esp32 (d0, q0, r0, m0, 'XP340/counter', ... (32 bytes))
2026-09-20T02:44:24: Received PUBLISH from esp32 (d0, q0, r0, m0, 'XP340/counter', ... (32 bytes))
2026-09-20T02:44:28: Received PUBLISH from esp32 (d0, q0, r0, m0, 'XP340/counter', ... (32 bytes))
2026-09-20T02:44:33: Received PUBLISH from esp32 (d0, q0, r0, m0, 'XP340/counter', ... (32 bytes))
2026-09-20T02:44:39: Received PUBLISH from esp32 (d0, q0, r0, m0, 'XP340/counter', ... (32 bytes))
2026-09-20T02:44:44: Received PUBLISH from esp32 (d0, q0, r0, m0, 'XP340/counter', ... (32 bytes))
2026-09-20T02:44:48: Received PUBLISH from esp32 (d0, q0, r0, m0, 'XP340/counter', ... (32 bytes))
2026-09-20T02:44:54: Received PUBLISH from esp32 (d0, q0, r0, m0, 'XP340/counter', ... (32 bytes))
2026-09-20T02:44:58: Received PUBLISH from esp32 (d0, q0, r0, m0, 'XP340/counter', ... (32 bytes))
2026-09-20T02:45:09: Received PUBLISH from esp32 (d0, q0, r0, m0, 'XP340/counter', ... (32 bytes))
2026-09-20T02:45:09: Received PUBLISH from esp32 (d0, q0, r0, m0, 'XP340/counter', ... (32 bytes))
2026-09-20T02:45:14: Received PUBLISH from esp32 (d0, q0, r0, m0, 'XP340/counter', ... (32 bytes))
2026-09-20T02:45:24: Received PUBLISH from esp32 (d0, q0, r0, m0, 'XP340/counter', ... (32 bytes))
2026-09-20T02:45:24: Received PUBLISH from esp32 (d0, q0, r0, m0, 'XP340/counter', ... (32 bytes))
2026-09-20T02:45:29: Received PUBLISH from esp32 (d0, q0, r0, m0, 'XP340/counter', ... (32 bytes))
2026-09-20T02:45:39: Received PUBLISH from esp32 (d0, q0, r0, m0, 'XP340/counter', ... (32 bytes))
2026-09-20T02:45:39: Received PUBLISH from esp32 (d0, q0, r0, m0, 'XP340/counter', ... (32 bytes))
2026-09-20T02:45:44: Received PUBLISH from esp32 (d0, q0, r0, m0, 'XP340/counter', ... (32 bytes))
2026-09-20T02:45:54: Received PUBLISH from esp32 (d0, q0, r0, m0, 'XP340/counter', ... (32 bytes))
2026-09-20T02:45:54: Received PUBLISH from esp32 (d0, q0, r0, m0, 'XP340/counter', ... (32 bytes))
2026-09-20T02:45:59: Received PUBLISH from esp32 (d0, q0, r0, m0, 'XP340/counter', ... (32 bytes))
2026-09-20T02:46:09: Received PUBLISH from esp32 (d0, q0, r0, m0, 'XP340/counter', ... (32 bytes))
2026-09-20T02:46:09: Received PUBLISH from esp32 (d0, q0, r0, m0, 'XP340/counter', ... (32 bytes))
2026-09-20T02:46:14: Received PUBLISH from esp32 (d0, q0, r0, m0, 'XP340/counter', ... (32 bytes))
2026-09-20T02:46:24: Received PUBLISH from esp32 (d0, q0, r0, m0, 'XP340/counter', ... (32 bytes))
2026-09-20T02:46:24: Received PUBLISH from esp32 (d0, q0, r0, m0, 'XP340/counter', ... (32 bytes))
2026-09-20T02:46:29: Received PUBLISH from esp32 (d0, q0, r0, m0, 'XP340/counter', ... (32 bytes))
2026-09-20T02:46:39: Received PUBLISH from esp32 (d0, q0, r0, m0, 'XP340/counter', ... (32 bytes))
2026-09-20T02:46:39: Received PUBLISH from esp32 (d0, q0, r0, m0, 'XP340/counter', ... (32 bytes))
2026-09-20T02:46:44: Received PUBLISH from esp32 (d0, q0, r0, m0, 'XP340/counter', ... (32 bytes))
2026-09-20T02:46:54: Received PUBLISH from esp32 (d0, q0, r0, m0, 'XP340/counter', ... (32 bytes))
2026-09-20T02:46:54: Received PUBLISH from esp32 (d0, q0, r0, m0, 'XP340/counter', ... (32 bytes))
2026-09-20T02:46:59: Received PUBLISH from esp32 (d0, q0, r0, m0, 'XP340/counter', ... (32 bytes))
2026-09-20T02:47:09: Received PUBLISH from esp32 (d0, q0, r0, m0, 'XP340/counter', ... (32 bytes))
2026-09-20T02:47:09: Received PUBLISH from esp32 (d0, q0, r0, m0, 'XP340/counter', ... (32 bytes))
2026-09-20T02:47:14: Received PUBLISH from esp32 (d0, q0, r0, m0, 'XP340/counter', ... (32 bytes))
2026-09-20T02:47:24: Received PUBLISH from esp32 (d0, q0, r0, m0, 'XP340/counter', ... (32 bytes))
2026-09-20T02:47:24: Received PUBLISH from esp32 (d0, q0, r0, m0, 'XP340/counter', ... (32 bytes))
2026-09-20T02:47:29: Received PUBLISH from esp32 (d0, q0, r0, m0, 'XP340/counter', ... (32 bytes))
2026-09-20T02:47:40: Received PUBLISH from esp32 (d0, q0, r0, m0, 'XP340/counter', ... (32 bytes))
2026-09-20T02:47:40: Received PUBLISH from esp32 (d0, q0, r0, m0, 'XP340/counter', ... (32 bytes))
2026-09-20T02:47:44: Received PUBLISH from esp32 (d0, q0, r0, m0, 'XP340/counter', ... (32 bytes))
2026-09-20T02:47:54: Received PUBLISH from esp32 (d0, q0, r0, m0, 'XP340/counter', ... (32 bytes))
2026-09-20T02:47:54: Received PUBLISH from esp32 (d0, q0, r0, m0, 'XP340/counter', ... (32 bytes))
2026-09-20T02:47:59: Received PUBLISH from esp32 (d0, q0, r0, m0, 'XP340/counter', ... (32 bytes))
2026-09-20T02:48:09: Received PUBLISH from esp32 (d0, q0, r0, m0, 'XP340/counter', ... (32 bytes))
2026-09-20T02:48:09: Received PUBLISH from esp32 (d0, q0, r0, m0, 'XP340/counter', ... (32 bytes))
2026-09-20T02:48:14: Received PUBLISH from esp32 (d0, q0, r0, m0, 'XP340/counter', ... (32 bytes))
2026-09-20T02:48:24: Received PUBLISH from esp32 (d0, q0, r0, m0, 'XP340/counter', ... (32 bytes))
2026-09-20T02:48:24: Received PUBLISH from esp32 (d0, q0, r0, m0, 'XP340/counter', ... (32 bytes))
2026-09-20T02:48:29: Received PUBLISH from esp32 (d0, q0, r0, m0, 'XP340/counter', ... (32 bytes))
2026-09-20T02:48:39: Received PUBLISH from esp32 (d0, q0, r0, m0, 'XP340/counter', ... (32 bytes))
2026-09-20T02:48:39: Received PUBLISH from esp32 (d0, q0, r0, m0, 'XP340/counter', ... (32 bytes))
2026-09-20T02:48:44: Received PUBLISH from esp32 (d0, q0, r0, m0, 'XP340/counter', ... (32 bytes))
2026-09-20T02:48:54: Received PUBLISH from esp32 (d0, q0, r0, m0, 'XP340/counter', ... (32 bytes))
2026-09-20T02:48:54: Received PUBLISH from esp32 (d0, q0, r0, m0, 'XP340/counter', ... (32 bytes))
2026-09-20T02:48:59: Received PUBLISH from esp32 (d0, q0, r0, m0, 'XP340/counter', ... (32 bytes))
2026-09-20T02:49:09: Received PUBLISH from esp32 (d0, q0, r0, m0, 'XP340/counter', ... (32 bytes))
2026-09-20T02:49:09: Received PUBLISH from esp32 (d0, q0, r0, m0, 'XP340/counter', ... (32 bytes))
2026-09-20T02:49:14: Received PUBLISH from esp32 (d0, q0, r0, m0, 'XP340/counter', ... (32 bytes))
2026-09-20T02:49:31: Received PUBLISH from esp32 (d0, q0, r0, m0, 'XP340/counter', ... (32 bytes))
2026-09-20T02:49:31: Received PUBLISH from esp32 (d0, q0, r0, m0, 'XP340/counter', ... (32 bytes))
2026-09-20T02:49:31: Received PUBLISH from esp32 (d0, q0, r0, m0, 'XP340/counter', ... (32 bytes))
2026-09-20T02:49:41: Received PUBLISH from esp32 (d0, q0, r0, m0, 'XP340/counter', ... (32 bytes))
2026-09-20T02:49:41: Received PUBLISH from esp32 (d0, q0, r0, m0, 'XP340/counter', ... (32 bytes))
2026-09-20T02:49:44: Received PUBLISH from esp32 (d0, q0, r0, m0, 'XP340/counter', ... (32 bytes))
2026-09-20T02:50:01: Received PUBLISH from esp32 (d0, q0, r0, m0, 'XP340/counter', ... (32 bytes))
2026-09-20T02:50:01: Received PUBLISH from esp32 (d0, q0, r0, m0, 'XP340/counter', ... (32 bytes))
2026-09-20T02:50:01: Received PUBLISH from esp32 (d0, q0, r0, m0, 'XP340/counter', ... (32 bytes))
2026-09-20T02:50:10: Received PUBLISH from esp32 (d0, q0, r0, m0, 'XP340/counter', ... (32 bytes))
2026-09-20T02:50:10: Received PUBLISH from esp32 (d0, q0, r0, m0, 'XP340/counter', ... (32 bytes))
2026-09-20T02:50:15: Received PUBLISH from esp32 (d0, q0, r0, m0, 'XP340/counter', ... (32 bytes))
2026-09-20T02:50:25: Received PUBLISH from esp32 (d0, q0, r0, m0, 'XP340/counter', ... (32 bytes))
2026-09-20T02:50:25: Received PUBLISH from esp32 (d0, q0, r0, m0, 'XP340/counter', ... (32 bytes))
2026-09-20T02:50:29: Received PUBLISH from esp32 (d0, q0, r0, m0, 'XP340/counter', ... (32 bytes))
2026-09-20T02:50:39: Received PUBLISH from esp32 (d0, q0, r0, m0, 'XP340/counter', ... (32 bytes))
2026-09-20T02:50:39: Received PUBLISH from esp32 (d0, q0, r0, m0, 'XP340/counter', ... (32 bytes))
2026-09-20T02:50:44: Received PUBLISH from esp32 (d0, q0, r0, m0, 'XP340/counter', ... (32 bytes))
2026-09-20T02:50:54: Received PUBLISH from esp32 (d0, q0, r0, m0, 'XP340/counter', ... (32 bytes))
2026-09-20T02:50:54: Received PUBLISH from esp32 (d0, q0, r0, m0, 'XP340/counter', ... (32 bytes))
2026-09-20T02:50:59: Received PUBLISH from esp32 (d0, q0, r0, m0, 'XP340/counter', ... (32 bytes))
2026-09-20T02:51:09: Received PUBLISH from esp32 (d0, q0, r0, m0, 'XP340/counter', ... (32 bytes))
2026-09-20T02:51:09: Received PUBLISH from esp32 (d0, q0, r0, m0, 'XP340/counter', ... (32 bytes))
2026-09-20T02:51:14: Received PUBLISH from esp32 (d0, q0, r0, m0, 'XP340/counter', ... (32 bytes))
2026-09-20T02:51:24: Received PUBLISH from esp32 (d0, q0, r0, m0, 'XP340/counter', ... (32 bytes))
2026-09-20T02:51:24: Received PUBLISH from esp32 (d0, q0, r0, m0, 'XP340/counter', ... (32 bytes))
2026-09-20T02:51:30: Received PUBLISH from esp32 (d0, q0, r0, m0, 'XP340/counter', ... (32 bytes))
2026-09-20T02:51:40: Received PUBLISH from esp32 (d0, q0, r0, m0, 'XP340/counter', ... (32 bytes))
2026-09-20T02:51:40: Received PUBLISH from esp32 (d0, q0, r0, m0, 'XP340/counter', ... (32 bytes))
2026-09-20T02:51:45: Received PUBLISH from esp32 (d0, q0, r0, m0, 'XP340/counter', ... (32 bytes))
2026-09-20T02:51:54: Received PUBLISH from esp32 (d0, q0, r0, m0, 'XP340/counter', ... (32 bytes))
2026-09-20T02:51:55: Received PUBLISH from esp32 (d0, q0, r0, m0, 'XP340/counter', ... (32 bytes))
2026-09-20T02:52:00: Received PUBLISH from esp32 (d0, q0, r0, m0, 'XP340/counter', ... (32 bytes))
2026-09-20T02:52:09: Received PUBLISH from esp32 (d0, q0, r0, m0, 'XP340/counter', ... (32 bytes))
2026-09-20T02:52:10: Received PUBLISH from esp32 (d0, q0, r0, m0, 'XP340/counter', ... (32 bytes))
2026-09-20T02:52:15: Received PUBLISH from esp32 (d0, q0, r0, m0, 'XP340/counter', ... (32 bytes))
2026-09-20T02:52:24: Received PUBLISH from esp32 (d0, q0, r0, m0, 'XP340/counter', ... (32 bytes))
2026-09-20T02:52:25: Received PUBLISH from esp32 (d0, q0, r0, m0, 'XP340/counter', ... (32 bytes))
2026-09-20T02:52:30: Received PUBLISH from esp32 (d0, q0, r0, m0, 'XP340/counter', ... (32 bytes))
2026-09-20T02:52:39: Received PUBLISH from esp32 (d0, q0, r0, m0, 'XP340/counter', ... (32 bytes))
2026-09-20T02:52:40: Received PUBLISH from esp32 (d0, q0, r0, m0, 'XP340/counter', ... (32 bytes))
2026-09-20T02:52:45: Received PUBLISH from esp32 (d0, q0, r0, m0, 'XP340/counter', ... (32 bytes))
2026-09-20T02:52:54: Received PUBLISH from esp32 (d0, q0, r0, m0, 'XP340/counter', ... (32 bytes))
2026-09-20T02:52:55: Received PUBLISH from esp32 (d0, q0, r0, m0, 'XP340/counter', ... (32 bytes))
2026-09-20T02:53:00: Received PUBLISH from esp32 (d0, q0, r0, m0, 'XP340/counter', ... (32 bytes))
2026-09-20T02:53:10: Received PUBLISH from esp32 (d0, q0, r0, m0, 'XP340/counter', ... (32 bytes))
2026-09-20T02:53:10: Received PUBLISH from esp32 (d0, q0, r0, m0, 'XP340/counter', ... (32 bytes))
2026-09-20T02:53:15: Received PUBLISH from esp32 (d0, q0, r0, m0, 'XP340/counter', ... (32 bytes))
2026-09-20T02:53:25: Received PUBLISH from esp32 (d0, q0, r0, m0, 'XP340/counter', ... (32 bytes))
2026-09-20T02:53:25: Received PUBLISH from esp32 (d0, q0, r0, m0, 'XP340/counter', ... (32 bytes))
2026-09-20T02:53:30: Received PUBLISH from esp32 (d0, q0, r0, m0, 'XP340/counter', ... (32 bytes))
2026-09-20T02:53:39: Received PUBLISH from esp32 (d0, q0, r0, m0, 'XP340/counter', ... (32 bytes))
2026-09-20T02:53:40: Received PUBLISH from esp32 (d0, q0, r0, m0, 'XP340/counter', ... (32 bytes))
2026-09-20T02:53:45: Received PUBLISH from esp32 (d0, q0, r0, m0, 'XP340/counter', ... (32 bytes))
2026-09-20T02:53:54: Received PUBLISH from esp32 (d0, q0, r0, m0, 'XP340/counter', ... (32 bytes))
2026-09-20T02:53:55: Received PUBLISH from esp32 (d0, q0, r0, m0, 'XP340/counter', ... (32 bytes))
2026-09-20T02:54:00: Received PUBLISH from esp32 (d0, q0, r0, m0, 'XP340/counter', ... (32 bytes))
2026-09-20T02:54:10: Received PUBLISH from esp32 (d0, q0, r0, m0, 'XP340/counter', ... (32 bytes))
2026-09-20T02:54:10: Received PUBLISH from esp32 (d0, q0, r0, m0, 'XP340/counter', ... (32 bytes))
2026-09-20T02:54:15: Received PUBLISH from esp32 (d0, q0, r0, m0, 'XP340/counter', ... (32 bytes))
2026-09-20T02:54:24: Received PUBLISH from esp32 (d0, q0, r0, m0, 'XP340/counter', ... (32 bytes))
2026-09-20T02:54:25: Received PUBLISH from esp32 (d0, q0, r0, m0, 'XP340/counter', ... (32 bytes))
2026-09-20T02:54:30: Received PUBLISH from esp32 (d0, q0, r0, m0, 'XP340/counter', ... (32 bytes))
2026-09-20T02:54:39: Received PUBLISH from esp32 (d0, q0, r0, m0, 'XP340/counter', ... (32 bytes))
2026-09-20T02:54:40: Received PUBLISH from esp32 (d0, q0, r0, m0, 'XP340/counter', ... (32 bytes))
2026-09-20T02:54:45: Received PUBLISH from esp32 (d0, q0, r0, m0, 'XP340/counter', ... (32 bytes))
2026-09-20T02:54:54: Received PUBLISH from esp32 (d0, q0, r0, m0, 'XP340/counter', ... (32 bytes))
2026-09-20T02:54:55: Received PUBLISH from esp32 (d0, q0, r0, m0, 'XP340/counter', ... (32 bytes))
2026-09-20T02:55:00: Received PUBLISH from esp32 (d0, q0, r0, m0, 'XP340/counter', ... (32 bytes))
2026-09-20T02:55:10: Received PUBLISH from esp32 (d0, q0, r0, m0, 'XP340/counter', ... (32 bytes))
2026-09-20T02:55:10: Received PUBLISH from esp32 (d0, q0, r0, m0, 'XP340/counter', ... (32 bytes))
2026-09-20T02:55:15: Received PUBLISH from esp32 (d0, q0, r0, m0, 'XP340/counter', ... (32 bytes))
2026-09-20T02:55:24: Received PUBLISH from esp32 (d0, q0, r0, m0, 'XP340/counter', ... (32 bytes))
2026-09-20T02:55:26: Received PUBLISH from esp32 (d0, q0, r0, m0, 'XP340/counter', ... (32 bytes))
2026-09-20T02:55:30: Received PUBLISH from esp32 (d0, q0, r0, m0, 'XP340/counter', ... (32 bytes))
2026-09-20T02:55:42: Received PUBLISH from esp32 (d0, q0, r0, m0, 'XP340/counter', ... (32 bytes))
2026-09-20T02:55:42: Received PUBLISH from esp32 (d0, q0, r0, m0, 'XP340/counter', ... (32 bytes))
2026-09-20T02:55:45: Received PUBLISH from esp32 (d0, q0, r0, m0, 'XP340/counter', ... (32 bytes))
2026-09-20T02:55:54: Received PUBLISH from esp32 (d0, q0, r0, m0, 'XP340/counter', ... (32 bytes))
2026-09-20T02:55:55: Received PUBLISH from esp32 (d0, q0, r0, m0, 'XP340/counter', ... (32 bytes))
2026-09-20T02:56:00: Received PUBLISH from esp32 (d0, q0, r0, m0, 'XP340/counter', ... (32 bytes))
2026-09-20T02:56:09: Received PUBLISH from esp32 (d0, q0, r0, m0, 'XP340/counter', ... (32 bytes))
2026-09-20T02:56:10: Received PUBLISH from esp32 (d0, q0, r0, m0, 'XP340/counter', ... (32 bytes))
2026-09-20T02:56:15: Received PUBLISH from esp32 (d0, q0, r0, m0, 'XP340/counter', ... (32 bytes))
2026-09-20T02:56:24: Received PUBLISH from esp32 (d0, q0, r0, m0, 'XP340/counter', ... (32 bytes))
2026-09-20T02:56:25: Received PUBLISH from esp32 (d0, q0, r0, m0, 'XP340/counter', ... (32 bytes))
2026-09-20T02:56:30: Received PUBLISH from esp32 (d0, q0, r0, m0, 'XP340/counter', ... (32 bytes))
2026-09-20T02:56:39: Received PUBLISH from esp32 (d0, q0, r0, m0, 'XP340/counter', ... (32 bytes))
2026-09-20T02:56:40: Received PUBLISH from esp32 (d0, q0, r0, m0, 'XP340/counter', ... (32 bytes))
2026-09-20T02:56:45: Received PUBLISH from esp32 (d0, q0, r0, m0, 'XP340/counter', ... (32 bytes))
2026-09-20T02:56:54: Received PUBLISH from esp32 (d0, q0, r0, m0, 'XP340/counter', ... (32 bytes))
2026-09-20T02:56:55: Received PUBLISH from esp32 (d0, q0, r0, m0, 'XP340/counter', ... (32 bytes))
2026-09-20T02:57:00: Received PUBLISH from esp32 (d0, q0, r0, m0, 'XP340/counter', ... (32 bytes))
2026-09-20T02:57:11: Received PUBLISH from esp32 (d0, q0, r0, m0, 'XP340/counter', ... (32 bytes))
2026-09-20T02:57:11: Received PUBLISH from esp32 (d0, q0, r0, m0, 'XP340/counter', ... (32 bytes))
2026-09-20T02:57:15: Received PUBLISH from esp32 (d0, q0, r0, m0, 'XP340/counter', ... (32 bytes))
2026-09-20T02:57:24: Received PUBLISH from esp32 (d0, q0, r0, m0, 'XP340/counter', ... (32 bytes))
2026-09-20T02:57:25: Received PUBLISH from esp32 (d0, q0, r0, m0, 'XP340/counter', ... (32 bytes))
2026-09-20T02:57:30: Received PUBLISH from esp32 (d0, q0, r0, m0, 'XP340/counter', ... (32 bytes))
2026-09-20T02:57:39: Received PUBLISH from esp32 (d0, q0, r0, m0, 'XP340/counter', ... (32 bytes))
2026-09-20T02:57:40: Received PUBLISH from esp32 (d0, q0, r0, m0, 'XP340/counter', ... (32 bytes))
2026-09-20T02:57:45: Received PUBLISH from esp32 (d0, q0, r0, m0, 'XP340/counter', ... (32 bytes))
2026-09-20T02:57:54: Received PUBLISH from esp32 (d0, q0, r0, m0, 'XP340/counter', ... (32 bytes))
2026-09-20T02:57:56: Received PUBLISH from esp32 (d0, q0, r0, m0, 'XP340/counter', ... (32 bytes))
2026-09-20T02:58:00: Received PUBLISH from esp32 (d0, q0, r0, m0, 'XP340/counter', ... (32 bytes))
2026-09-20T02:58:09: Received PUBLISH from esp32 (d0, q0, r0, m0, 'XP340/counter', ... (32 bytes))
2026-09-20T02:58:11: Received PUBLISH from esp32 (d0, q0, r0, m0, 'XP340/counter', ... (32 bytes))
2026-09-20T02:58:15: Received PUBLISH from esp32 (d0, q0, r0, m0, 'XP340/counter', ... (32 bytes))
2026-09-20T02:58:24: Received PUBLISH from esp32 (d0, q0, r0, m0, 'XP340/counter', ... (32 bytes))
2026-09-20T02:58:26: Received PUBLISH from esp32 (d0, q0, r0, m0, 'XP340/counter', ... (32 bytes))
2026-09-20T02:58:31: Received PUBLISH from esp32 (d0, q0, r0, m0, 'XP340/counter', ... (32 bytes))
2026-09-20T02:58:39: Received PUBLISH from esp32 (d0, q0, r0, m0, 'XP340/counter', ... (32 bytes))
2026-09-20T02:58:41: Received PUBLISH from esp32 (d0, q0, r0, m0, 'XP340/counter', ... (32 bytes))
2026-09-20T02:58:46: Received PUBLISH from esp32 (d0, q0, r0, m0, 'XP340/counter', ... (32 bytes))
2026-09-20T02:58:54: Received PUBLISH from esp32 (d0, q0, r0, m0, 'XP340/counter', ... (32 bytes))
2026-09-20T02:58:56: Received PUBLISH from esp32 (d0, q0, r0, m0, 'XP340/counter', ... (32 bytes))
2026-09-20T02:59:01: Received PUBLISH from esp32 (d0, q0, r0, m0, 'XP340/counter', ... (32 bytes))
2026-09-20T02:59:09: Received PUBLISH from esp32 (d0, q0, r0, m0, 'XP340/counter', ... (32 bytes))
2026-09-20T02:59:11: Received PUBLISH from esp32 (d0, q0, r0, m0, 'XP340/counter', ... (32 bytes))
2026-09-20T02:59:16: Received PUBLISH from esp32 (d0, q0, r0, m0, 'XP340/counter', ... (32 bytes))
2026-09-20T02:59:25: Received PUBLISH from esp32 (d0, q0, r0, m0, 'XP340/counter', ... (32 bytes))
2026-09-20T02:59:26: Received PUBLISH from esp32 (d0, q0, r0, m0, 'XP340/counter', ... (32 bytes))
2026-09-20T02:59:31: Received PUBLISH from esp32 (d0, q0, r0, m0, 'XP340/counter', ... (32 bytes))
2026-09-20T02:59:39: Received PUBLISH from esp32 (d0, q0, r0, m0, 'XP340/counter', ... (32 bytes))
2026-09-20T02:59:41: Received PUBLISH from esp32 (d0, q0, r0, m0, 'XP340/counter', ... (32 bytes))
2026-09-20T02:59:46: Received PUBLISH from esp32 (d0, q0, r0, m0, 'XP340/counter', ... (32 bytes))
2026-09-20T02:59:54: Received PUBLISH from esp32 (d0, q0, r0, m0, 'XP340/counter', ... (32 bytes))
2026-09-20T02:59:56: Received PUBLISH from esp32 (d0, q0, r0, m0, 'XP340/counter', ... (32 bytes))
2026-09-20T03:00:01: Received PUBLISH from esp32 (d0, q0, r0, m0, 'XP340/counter', ... (32 bytes))
2026-09-20T03:00:09: Received PUBLISH from esp32 (d0, q0, r0, m0, 'XP340/counter', ... (32 bytes))
2026-09-20T03:00:11: Received PUBLISH from esp32 (d0, q0, r0, m0, 'XP340/counter', ... (32 bytes))
2026-09-20T03:00:16: Received PUBLISH from esp32 (d0, q0, r0, m0, 'XP340/counter', ... (32 bytes))
2026-09-20T03:00:24: Received PUBLISH from esp32 (d0, q0, r0, m0, 'XP340/counter', ... (32 bytes))
2026-09-20T03:00:26: Received PUBLISH from esp32 (d0, q0, r0, m0, 'XP340/counter', ... (32 bytes))
2026-09-20T03:00:31: Received PUBLISH from esp32 (d0, q0, r0, m0, 'XP340/counter', ... (32 bytes))
2026-09-20T03:00:36: Saving in-memory database to /mosquitto/data//mosquitto.db.
2026-09-20T03:00:44: Received PUBLISH from esp32 (d0, q0, r0, m0, 'XP340/counter', ... (32 bytes))
2026-09-20T03:00:44: Received PUBLISH from esp32 (d0, q0, r0, m0, 'XP340/counter', ... (32 bytes))
2026-09-20T03:00:46: Received PUBLISH from esp32 (d0, q0, r0, m0, 'XP340/counter', ... (32 bytes))
2026-09-20T03:00:54: Received PUBLISH from esp32 (d0, q0, r0, m0, 'XP340/counter', ... (32 bytes))
2026-09-20T03:00:56: Received PUBLISH from esp32 (d0, q0, r0, m0, 'XP340/counter', ... (32 bytes))
2026-09-20T03:01:01: Received PUBLISH from esp32 (d0, q0, r0, m0, 'XP340/counter', ... (32 bytes))
2026-09-20T03:01:09: Received PUBLISH from esp32 (d0, q0, r0, m0, 'XP340/counter', ... (32 bytes))
2026-09-20T03:01:11: Received PUBLISH from esp32 (d0, q0, r0, m0, 'XP340/counter', ... (32 bytes))
2026-09-20T03:01:16: Received PUBLISH from esp32 (d0, q0, r0, m0, 'XP340/counter', ... (32 bytes))
2026-09-20T03:01:24: Received PUBLISH from esp32 (d0, q0, r0, m0, 'XP340/counter', ... (32 bytes))
2026-09-20T03:01:26: Received PUBLISH from esp32 (d0, q0, r0, m0, 'XP340/counter', ... (32 bytes))
2026-09-20T03:01:31: Received PUBLISH from esp32 (d0, q0, r0, m0, 'XP340/counter', ... (32 bytes))
2026-09-20T03:01:42: Received PUBLISH from esp32 (d0, q0, r0, m0, 'XP340/counter', ... (32 bytes))
2026-09-20T03:01:42: Received PUBLISH from esp32 (d0, q0, r0, m0, 'XP340/counter', ... (32 bytes))
2026-09-20T03:01:46: Received PUBLISH from esp32 (d0, q0, r0, m0, 'XP340/counter', ... (32 bytes))
2026-09-20T03:01:54: Received PUBLISH from esp32 (d0, q0, r0, m0, 'XP340/counter', ... (32 bytes))
2026-09-20T03:01:56: Received PUBLISH from esp32 (d0, q0, r0, m0, 'XP340/counter', ... (32 bytes))
2026-09-20T03:02:01: Received PUBLISH from esp32 (d0, q0, r0, m0, 'XP340/counter', ... (32 bytes))
2026-09-20T03:02:10: Received PUBLISH from esp32 (d0, q0, r0, m0, 'XP340/counter', ... (32 bytes))
2026-09-20T03:02:12: Received PUBLISH from esp32 (d0, q0, r0, m0, 'XP340/counter', ... (32 bytes))
2026-09-20T03:02:16: Received PUBLISH from esp32 (d0, q0, r0, m0, 'XP340/counter', ... (32 bytes))
2026-09-20T03:02:24: Received PUBLISH from esp32 (d0, q0, r0, m0, 'XP340/counter', ... (32 bytes))
2026-09-20T03:02:26: Received PUBLISH from esp32 (d0, q0, r0, m0, 'XP340/counter', ... (32 bytes))
2026-09-20T03:02:32: Received PUBLISH from esp32 (d0, q0, r0, m0, 'XP340/counter', ... (32 bytes))
2026-09-20T03:02:39: Received PUBLISH from esp32 (d0, q0, r0, m0, 'XP340/counter', ... (32 bytes))
2026-09-20T03:02:42: Received PUBLISH from esp32 (d0, q0, r0, m0, 'XP340/counter', ... (32 bytes))
2026-09-20T03:02:46: Received PUBLISH from esp32 (d0, q0, r0, m0, 'XP340/counter', ... (32 bytes))
2026-09-20T03:02:54: Received PUBLISH from esp32 (d0, q0, r0, m0, 'XP340/counter', ... (32 bytes))
2026-09-20T03:02:56: Received PUBLISH from esp32 (d0, q0, r0, m0, 'XP340/counter', ... (32 bytes))
2026-09-20T03:03:01: Received PUBLISH from esp32 (d0, q0, r0, m0, 'XP340/counter', ... (32 bytes))
2026-09-20T03:03:09: Received PUBLISH from esp32 (d0, q0, r0, m0, 'XP340/counter', ... (32 bytes))
2026-09-20T03:03:11: Received PUBLISH from esp32 (d0, q0, r0, m0, 'XP340/counter', ... (32 bytes))
2026-09-20T03:03:16: Received PUBLISH from esp32 (d0, q0, r0, m0, 'XP340/counter', ... (32 bytes))
2026-09-20T03:03:25: Received PUBLISH from esp32 (d0, q0, r0, m0, 'XP340/counter', ... (32 bytes))
2026-09-20T03:03:27: Received PUBLISH from esp32 (d0, q0, r0, m0, 'XP340/counter', ... (32 bytes))
2026-09-20T03:03:31: Received PUBLISH from esp32 (d0, q0, r0, m0, 'XP340/counter', ... (32 bytes))
2026-09-20T03:03:39: Received PUBLISH from esp32 (d0, q0, r0, m0, 'XP340/counter', ... (32 bytes))
2026-09-20T03:03:41: Received PUBLISH from esp32 (d0, q0, r0, m0, 'XP340/counter', ... (32 bytes))
2026-09-20T03:03:46: Received PUBLISH from esp32 (d0, q0, r0, m0, 'XP340/counter', ... (32 bytes))
2026-09-20T03:03:54: Received PUBLISH from esp32 (d0, q0, r0, m0, 'XP340/counter', ... (32 bytes))
2026-09-20T03:03:56: Received PUBLISH from esp32 (d0, q0, r0, m0, 'XP340/counter', ... (32 bytes))
2026-09-20T03:04:01: Received PUBLISH from esp32 (d0, q0, r0, m0, 'XP340/counter', ... (32 bytes))
2026-09-20T03:04:11: Received PUBLISH from esp32 (d0, q0, r0, m0, 'XP340/counter', ... (32 bytes))
2026-09-20T03:04:12: Received PUBLISH from esp32 (d0, q0, r0, m0, 'XP340/counter', ... (32 bytes))
2026-09-20T03:04:16: Received PUBLISH from esp32 (d0, q0, r0, m0, 'XP340/counter', ... (32 bytes))
2026-09-20T03:04:24: Received PUBLISH from esp32 (d0, q0, r0, m0, 'XP340/counter', ... (32 bytes))
2026-09-20T03:04:26: Received PUBLISH from esp32 (d0, q0, r0, m0, 'XP340/counter', ... (32 bytes))
2026-09-20T03:04:32: Received PUBLISH from esp32 (d0, q0, r0, m0, 'XP340/counter', ... (32 bytes))
2026-09-20T03:04:39: Received PUBLISH from esp32 (d0, q0, r0, m0, 'XP340/counter', ... (32 bytes))
2026-09-20T03:04:42: Received PUBLISH from esp32 (d0, q0, r0, m0, 'XP340/counter', ... (32 bytes))
2026-09-20T03:04:47: Received PUBLISH from esp32 (d0, q0, r0, m0, 'XP340/counter', ... (32 bytes))
2026-09-20T03:04:54: Received PUBLISH from esp32 (d0, q0, r0, m0, 'XP340/counter', ... (32 bytes))
2026-09-20T03:04:57: Received PUBLISH from esp32 (d0, q0, r0, m0, 'XP340/counter', ... (32 bytes))
2026-09-20T03:05:02: Received PUBLISH from esp32 (d0, q0, r0, m0, 'XP340/counter', ... (32 bytes))
2026-09-20T03:05:09: Received PUBLISH from esp32 (d0, q0, r0, m0, 'XP340/counter', ... (32 bytes))
2026-09-20T03:05:12: Received PUBLISH from esp32 (d0, q0, r0, m0, 'XP340/counter', ... (32 bytes))
2026-09-20T03:05:17: Received PUBLISH from esp32 (d0, q0, r0, m0, 'XP340/counter', ... (32 bytes))
2026-09-20T03:05:24: Received PUBLISH from esp32 (d0, q0, r0, m0, 'XP340/counter', ... (32 bytes))
2026-09-20T03:05:27: Received PUBLISH from esp32 (d0, q0, r0, m0, 'XP340/counter', ... (32 bytes))
2026-09-20T03:05:33: Received PUBLISH from esp32 (d0, q0, r0, m0, 'XP340/counter', ... (32 bytes))
2026-09-20T03:05:39: Received PUBLISH from esp32 (d0, q0, r0, m0, 'XP340/counter', ... (32 bytes))
2026-09-20T03:05:42: Received PUBLISH from esp32 (d0, q0, r0, m0, 'XP340/counter', ... (32 bytes))
2026-09-20T03:05:47: Received PUBLISH from esp32 (d0, q0, r0, m0, 'XP340/counter', ... (32 bytes))
2026-09-20T03:05:54: Received PUBLISH from esp32 (d0, q0, r0, m0, 'XP340/counter', ... (32 bytes))
2026-09-20T03:05:57: Received PUBLISH from esp32 (d0, q0, r0, m0, 'XP340/counter', ... (32 bytes))
2026-09-20T03:06:02: Received PUBLISH from esp32 (d0, q0, r0, m0, 'XP340/counter', ... (32 bytes))
2026-09-20T03:06:09: Received PUBLISH from esp32 (d0, q0, r0, m0, 'XP340/counter', ... (32 bytes))
2026-09-20T03:06:12: Received PUBLISH from esp32 (d0, q0, r0, m0, 'XP340/counter', ... (32 bytes))
2026-09-20T03:06:17: Received PUBLISH from esp32 (d0, q0, r0, m0, 'XP340/counter', ... (32 bytes))
2026-09-20T03:06:24: Received PUBLISH from esp32 (d0, q0, r0, m0, 'XP340/counter', ... (32 bytes))
2026-09-20T03:06:27: Received PUBLISH from esp32 (d0, q0, r0, m0, 'XP340/counter', ... (32 bytes))
2026-09-20T03:06:32: Received PUBLISH from esp32 (d0, q0, r0, m0, 'XP340/counter', ... (32 bytes))
2026-09-20T03:06:40: Received PUBLISH from esp32 (d0, q0, r0, m0, 'XP340/counter', ... (32 bytes))
2026-09-20T03:06:42: Received PUBLISH from esp32 (d0, q0, r0, m0, 'XP340/counter', ... (32 bytes))
2026-09-20T03:06:47: Received PUBLISH from esp32 (d0, q0, r0, m0, 'XP340/counter', ... (32 bytes))
2026-09-20T03:06:55: Received PUBLISH from esp32 (d0, q0, r0, m0, 'XP340/counter', ... (32 bytes))
2026-09-20T03:06:57: Received PUBLISH from esp32 (d0, q0, r0, m0, 'XP340/counter', ... (32 bytes))
2026-09-20T03:07:02: Received PUBLISH from esp32 (d0, q0, r0, m0, 'XP340/counter', ... (32 bytes))
2026-09-20T03:07:09: Received PUBLISH from esp32 (d0, q0, r0, m0, 'XP340/counter', ... (32 bytes))
2026-09-20T03:07:12: Received PUBLISH from esp32 (d0, q0, r0, m0, 'XP340/counter', ... (32 bytes))
2026-09-20T03:07:17: Received PUBLISH from esp32 (d0, q0, r0, m0, 'XP340/counter', ... (32 bytes))
2026-09-20T03:07:25: Received PUBLISH from esp32 (d0, q0, r0, m0, 'XP340/counter', ... (32 bytes))
2026-09-20T03:07:27: Received PUBLISH from esp32 (d0, q0, r0, m0, 'XP340/counter', ... (32 bytes))
2026-09-20T03:07:32: Received PUBLISH from esp32 (d0, q0, r0, m0, 'XP340/counter', ... (32 bytes))
2026-09-20T03:07:39: Received PUBLISH from esp32 (d0, q0, r0, m0, 'XP340/counter', ... (32 bytes))
2026-09-20T03:07:42: Received PUBLISH from esp32 (d0, q0, r0, m0, 'XP340/counter', ... (32 bytes))
2026-09-20T03:07:54: Received PUBLISH from esp32 (d0, q0, r0, m0, 'XP340/counter', ... (32 bytes))
2026-09-20T03:07:54: Received PUBLISH from esp32 (d0, q0, r0, m0, 'XP340/counter', ... (32 bytes))
2026-09-20T03:07:57: Received PUBLISH from esp32 (d0, q0, r0, m0, 'XP340/counter', ... (32 bytes))
2026-09-20T03:08:02: Received PUBLISH from esp32 (d0, q0, r0, m0, 'XP340/counter', ... (32 bytes))
2026-09-20T03:08:09: Received PUBLISH from esp32 (d0, q0, r0, m0, 'XP340/counter', ... (32 bytes))
2026-09-20T03:08:12: Received PUBLISH from esp32 (d0, q0, r0, m0, 'XP340/counter', ... (32 bytes))
2026-09-20T03:08:17: Received PUBLISH from esp32 (d0, q0, r0, m0, 'XP340/counter', ... (32 bytes))
2026-09-20T03:08:24: Received PUBLISH from esp32 (d0, q0, r0, m0, 'XP340/counter', ... (32 bytes))
2026-09-20T03:08:28: Received PUBLISH from esp32 (d0, q0, r0, m0, 'XP340/counter', ... (32 bytes))
2026-09-20T03:08:39: Received PUBLISH from esp32 (d0, q0, r0, m0, 'XP340/counter', ... (32 bytes))
2026-09-20T03:08:39: Received PUBLISH from esp32 (d0, q0, r0, m0, 'XP340/counter', ... (32 bytes))
2026-09-20T03:08:42: Received PUBLISH from esp32 (d0, q0, r0, m0, 'XP340/counter', ... (32 bytes))
2026-09-20T03:08:47: Received PUBLISH from esp32 (d0, q0, r0, m0, 'XP340/counter', ... (32 bytes))
2026-09-20T03:08:55: Received PUBLISH from esp32 (d0, q0, r0, m0, 'XP340/counter', ... (32 bytes))
2026-09-20T03:08:57: Received PUBLISH from esp32 (d0, q0, r0, m0, 'XP340/counter', ... (32 bytes))
2026-09-20T03:09:03: Received PUBLISH from esp32 (d0, q0, r0, m0, 'XP340/counter', ... (32 bytes))
2026-09-20T03:09:09: Received PUBLISH from esp32 (d0, q0, r0, m0, 'XP340/counter', ... (32 bytes))
2026-09-20T03:09:12: Received PUBLISH from esp32 (d0, q0, r0, m0, 'XP340/counter', ... (32 bytes))
2026-09-20T03:09:24: Received PUBLISH from esp32 (d0, q0, r0, m0, 'XP340/counter', ... (32 bytes))
2026-09-20T03:09:24: Received PUBLISH from esp32 (d0, q0, r0, m0, 'XP340/counter', ... (32 bytes))
2026-09-20T03:09:27: Received PUBLISH from esp32 (d0, q0, r0, m0, 'XP340/counter', ... (32 bytes))
2026-09-20T03:09:40: Received PUBLISH from esp32 (d0, q0, r0, m0, 'XP340/counter', ... (32 bytes))
2026-09-20T03:09:40: Received PUBLISH from esp32 (d0, q0, r0, m0, 'XP340/counter', ... (32 bytes))
2026-09-20T03:09:42: Received PUBLISH from esp32 (d0, q0, r0, m0, 'XP340/counter', ... (32 bytes))
2026-09-20T03:09:48: Received PUBLISH from esp32 (d0, q0, r0, m0, 'XP340/counter', ... (32 bytes))
2026-09-20T03:09:54: Received PUBLISH from esp32 (d0, q0, r0, m0, 'XP340/counter', ... (32 bytes))
2026-09-20T03:09:58: Received PUBLISH from esp32 (d0, q0, r0, m0, 'XP340/counter', ... (32 bytes))
2026-09-20T03:10:03: Received PUBLISH from esp32 (d0, q0, r0, m0, 'XP340/counter', ... (32 bytes))
2026-09-20T03:10:12: Received PUBLISH from esp32 (d0, q0, r0, m0, 'XP340/counter', ... (32 bytes))
2026-09-20T03:10:13: Received PUBLISH from esp32 (d0, q0, r0, m0, 'XP340/counter', ... (32 bytes))
2026-09-20T03:10:24: Received PUBLISH from esp32 (d0, q0, r0, m0, 'XP340/counter', ... (32 bytes))
2026-09-20T03:10:24: Received PUBLISH from esp32 (d0, q0, r0, m0, 'XP340/counter', ... (32 bytes))
2026-09-20T03:10:27: Received PUBLISH from esp32 (d0, q0, r0, m0, 'XP340/counter', ... (32 bytes))
2026-09-20T03:10:33: Received PUBLISH from esp32 (d0, q0, r0, m0, 'XP340/counter', ... (32 bytes))
2026-09-20T03:10:39: Received PUBLISH from esp32 (d0, q0, r0, m0, 'XP340/counter', ... (32 bytes))
2026-09-20T03:10:42: Received PUBLISH from esp32 (d0, q0, r0, m0, 'XP340/counter', ... (32 bytes))
2026-09-20T03:10:48: Received PUBLISH from esp32 (d0, q0, r0, m0, 'XP340/counter', ... (32 bytes))
2026-09-20T03:10:55: Received PUBLISH from esp32 (d0, q0, r0, m0, 'XP340/counter', ... (32 bytes))
2026-09-20T03:10:57: Received PUBLISH from esp32 (d0, q0, r0, m0, 'XP340/counter', ... (32 bytes))
2026-09-20T03:11:03: Received PUBLISH from esp32 (d0, q0, r0, m0, 'XP340/counter', ... (32 bytes))
2026-09-20T03:11:09: Received PUBLISH from esp32 (d0, q0, r0, m0, 'XP340/counter', ... (32 bytes))
2026-09-20T03:11:13: Received PUBLISH from esp32 (d0, q0, r0, m0, 'XP340/counter', ... (32 bytes))
2026-09-20T03:11:24: Received PUBLISH from esp32 (d0, q0, r0, m0, 'XP340/counter', ... (32 bytes))
2026-09-20T03:11:24: Received PUBLISH from esp32 (d0, q0, r0, m0, 'XP340/counter', ... (32 bytes))
2026-09-20T03:11:28: Received PUBLISH from esp32 (d0, q0, r0, m0, 'XP340/counter', ... (32 bytes))
2026-09-20T03:11:47: Received PUBLISH from esp32 (d0, q0, r0, m0, 'XP340/counter', ... (32 bytes))
2026-09-20T03:11:47: Received PUBLISH from esp32 (d0, q0, r0, m0, 'XP340/counter', ... (32 bytes))
2026-09-20T03:11:47: Received PUBLISH from esp32 (d0, q0, r0, m0, 'XP340/counter', ... (32 bytes))
2026-09-20T03:11:48: Received PUBLISH from esp32 (d0, q0, r0, m0, 'XP340/counter', ... (32 bytes))
2026-09-20T03:11:54: Received PUBLISH from esp32 (d0, q0, r0, m0, 'XP340/counter', ... (32 bytes))
2026-09-20T03:11:58: Received PUBLISH from esp32 (d0, q0, r0, m0, 'XP340/counter', ... (32 bytes))
2026-09-20T03:12:03: Received PUBLISH from esp32 (d0, q0, r0, m0, 'XP340/counter', ... (32 bytes))
2026-09-20T03:12:09: Received PUBLISH from esp32 (d0, q0, r0, m0, 'XP340/counter', ... (32 bytes))
2026-09-20T03:12:13: Received PUBLISH from esp32 (d0, q0, r0, m0, 'XP340/counter', ... (32 bytes))
2026-09-20T03:12:18: Received PUBLISH from esp32 (d0, q0, r0, m0, 'XP340/counter', ... (32 bytes))
2026-09-20T03:12:24: Received PUBLISH from esp32 (d0, q0, r0, m0, 'XP340/counter', ... (32 bytes))
2026-09-20T03:12:28: Received PUBLISH from esp32 (d0, q0, r0, m0, 'XP340/counter', ... (32 bytes))
2026-09-20T03:12:33: Received PUBLISH from esp32 (d0, q0, r0, m0, 'XP340/counter', ... (32 bytes))
2026-09-20T03:12:40: Received PUBLISH from esp32 (d0, q0, r0, m0, 'XP340/counter', ... (32 bytes))
2026-09-20T03:12:43: Received PUBLISH from esp32 (d0, q0, r0, m0, 'XP340/counter', ... (32 bytes))
2026-09-20T03:12:48: Received PUBLISH from esp32 (d0, q0, r0, m0, 'XP340/counter', ... (32 bytes))
2026-09-20T03:12:56: Received PUBLISH from esp32 (d0, q0, r0, m0, 'XP340/counter', ... (32 bytes))
2026-09-20T03:12:58: Received PUBLISH from esp32 (d0, q0, r0, m0, 'XP340/counter', ... (32 bytes))
2026-09-20T03:13:03: Received PUBLISH from esp32 (d0, q0, r0, m0, 'XP340/counter', ... (32 bytes))
2026-09-20T03:13:09: Received PUBLISH from esp32 (d0, q0, r0, m0, 'XP340/counter', ... (32 bytes))
2026-09-20T03:13:13: Received PUBLISH from esp32 (d0, q0, r0, m0, 'XP340/counter', ... (32 bytes))
2026-09-20T03:13:24: Received PUBLISH from esp32 (d0, q0, r0, m0, 'XP340/counter', ... (32 bytes))
2026-09-20T03:13:24: Received PUBLISH from esp32 (d0, q0, r0, m0, 'XP340/counter', ... (32 bytes))
2026-09-20T03:13:29: Received PUBLISH from esp32 (d0, q0, r0, m0, 'XP340/counter', ... (32 bytes))
2026-09-20T03:13:39: Received PUBLISH from esp32 (d0, q0, r0, m0, 'XP340/counter', ... (32 bytes))
2026-09-20T03:13:39: Received PUBLISH from esp32 (d0, q0, r0, m0, 'XP340/counter', ... (32 bytes))
2026-09-20T03:13:43: Received PUBLISH from esp32 (d0, q0, r0, m0, 'XP340/counter', ... (32 bytes))
2026-09-20T03:13:54: Received PUBLISH from esp32 (d0, q0, r0, m0, 'XP340/counter', ... (32 bytes))
2026-09-20T03:13:54: Received PUBLISH from esp32 (d0, q0, r0, m0, 'XP340/counter', ... (32 bytes))
2026-09-20T03:13:58: Received PUBLISH from esp32 (d0, q0, r0, m0, 'XP340/counter', ... (32 bytes))
2026-09-20T03:14:14: Received PUBLISH from esp32 (d0, q0, r0, m0, 'XP340/counter', ... (32 bytes))
2026-09-20T03:14:15: Received PUBLISH from esp32 (d0, q0, r0, m0, 'XP340/counter', ... (32 bytes))
2026-09-20T03:14:15: Received PUBLISH from esp32 (d0, q0, r0, m0, 'XP340/counter', ... (32 bytes))
2026-09-20T03:14:24: Received PUBLISH from esp32 (d0, q0, r0, m0, 'XP340/counter', ... (32 bytes))
2026-09-20T03:14:24: Received PUBLISH from esp32 (d0, q0, r0, m0, 'XP340/counter', ... (32 bytes))
2026-09-20T03:14:28: Received PUBLISH from esp32 (d0, q0, r0, m0, 'XP340/counter', ... (32 bytes))
2026-09-20T03:14:39: Received PUBLISH from esp32 (d0, q0, r0, m0, 'XP340/counter', ... (32 bytes))
2026-09-20T03:14:39: Received PUBLISH from esp32 (d0, q0, r0, m0, 'XP340/counter', ... (32 bytes))
2026-09-20T03:14:43: Received PUBLISH from esp32 (d0, q0, r0, m0, 'XP340/counter', ... (32 bytes))
2026-09-20T03:14:54: Received PUBLISH from esp32 (d0, q0, r0, m0, 'XP340/counter', ... (32 bytes))
2026-09-20T03:14:54: Received PUBLISH from esp32 (d0, q0, r0, m0, 'XP340/counter', ... (32 bytes))
2026-09-20T03:14:58: Received PUBLISH from esp32 (d0, q0, r0, m0, 'XP340/counter', ... (32 bytes))
2026-09-20T03:15:03: Received PUBLISH from esp32 (d0, q0, r0, m0, 'XP340/counter', ... (33 bytes))
2026-09-20T03:15:09: Received PUBLISH from esp32 (d0, q0, r0, m0, 'XP340/counter', ... (33 bytes))
2026-09-20T03:15:13: Received PUBLISH from esp32 (d0, q0, r0, m0, 'XP340/counter', ... (33 bytes))
2026-09-20T03:15:18: Received PUBLISH from esp32 (d0, q0, r0, m0, 'XP340/counter', ... (33 bytes))
2026-09-20T03:15:24: Received PUBLISH from esp32 (d0, q0, r0, m0, 'XP340/counter', ... (33 bytes))
2026-09-20T03:15:28: Received PUBLISH from esp32 (d0, q0, r0, m0, 'XP340/counter', ... (33 bytes))
2026-09-20T03:15:33: Received PUBLISH from esp32 (d0, q0, r0, m0, 'XP340/counter', ... (33 bytes))
2026-09-20T03:15:39: Received PUBLISH from esp32 (d0, q0, r0, m0, 'XP340/counter', ... (33 bytes))
2026-09-20T03:15:43: Received PUBLISH from esp32 (d0, q0, r0, m0, 'XP340/counter', ... (33 bytes))
2026-09-20T03:15:54: Received PUBLISH from esp32 (d0, q0, r0, m0, 'XP340/counter', ... (33 bytes))
2026-09-20T03:15:54: Received PUBLISH from esp32 (d0, q0, r0, m0, 'XP340/counter', ... (33 bytes))
2026-09-20T03:15:59: Received PUBLISH from esp32 (d0, q0, r0, m0, 'XP340/counter', ... (33 bytes))
2026-09-20T03:16:09: Received PUBLISH from esp32 (d0, q0, r0, m0, 'XP340/counter', ... (33 bytes))
2026-09-20T03:16:09: Received PUBLISH from esp32 (d0, q0, r0, m0, 'XP340/counter', ... (33 bytes))
2026-09-20T03:16:13: Received PUBLISH from esp32 (d0, q0, r0, m0, 'XP340/counter', ... (33 bytes))
2026-09-20T03:16:18: Received PUBLISH from esp32 (d0, q0, r0, m0, 'XP340/counter', ... (33 bytes))
2026-09-20T03:16:25: Received PUBLISH from esp32 (d0, q0, r0, m0, 'XP340/counter', ... (33 bytes))
2026-09-20T03:16:29: Received PUBLISH from esp32 (d0, q0, r0, m0, 'XP340/counter', ... (33 bytes))
2026-09-20T03:16:39: Received PUBLISH from esp32 (d0, q0, r0, m0, 'XP340/counter', ... (33 bytes))
2026-09-20T03:16:39: Received PUBLISH from esp32 (d0, q0, r0, m0, 'XP340/counter', ... (33 bytes))
2026-09-20T03:16:43: Received PUBLISH from esp32 (d0, q0, r0, m0, 'XP340/counter', ... (33 bytes))
2026-09-20T03:16:48: Received PUBLISH from esp32 (d0, q0, r0, m0, 'XP340/counter', ... (33 bytes))
2026-09-20T03:16:54: Received PUBLISH from esp32 (d0, q0, r0, m0, 'XP340/counter', ... (33 bytes))
2026-09-20T03:16:59: Received PUBLISH from esp32 (d0, q0, r0, m0, 'XP340/counter', ... (33 bytes))
2026-09-20T03:17:09: Received PUBLISH from esp32 (d0, q0, r0, m0, 'XP340/counter', ... (33 bytes))
2026-09-20T03:17:09: Received PUBLISH from esp32 (d0, q0, r0, m0, 'XP340/counter', ... (33 bytes))
2026-09-20T03:17:13: Received PUBLISH from esp32 (d0, q0, r0, m0, 'XP340/counter', ... (33 bytes))
2026-09-20T03:17:24: Received PUBLISH from esp32 (d0, q0, r0, m0, 'XP340/counter', ... (33 bytes))
2026-09-20T03:17:24: Received PUBLISH from esp32 (d0, q0, r0, m0, 'XP340/counter', ... (33 bytes))
2026-09-20T03:17:29: Received PUBLISH from esp32 (d0, q0, r0, m0, 'XP340/counter', ... (33 bytes))
2026-09-20T03:17:39: Received PUBLISH from esp32 (d0, q0, r0, m0, 'XP340/counter', ... (33 bytes))
2026-09-20T03:17:39: Received PUBLISH from esp32 (d0, q0, r0, m0, 'XP340/counter', ... (33 bytes))
2026-09-20T03:17:44: Received PUBLISH from esp32 (d0, q0, r0, m0, 'XP340/counter', ... (33 bytes))
2026-09-20T03:17:54: Received PUBLISH from esp32 (d0, q0, r0, m0, 'XP340/counter', ... (33 bytes))
2026-09-20T03:17:54: Received PUBLISH from esp32 (d0, q0, r0, m0, 'XP340/counter', ... (33 bytes))
2026-09-20T03:17:58: Received PUBLISH from esp32 (d0, q0, r0, m0, 'XP340/counter', ... (33 bytes))
2026-09-20T03:18:09: Received PUBLISH from esp32 (d0, q0, r0, m0, 'XP340/counter', ... (33 bytes))
2026-09-20T03:18:09: Received PUBLISH from esp32 (d0, q0, r0, m0, 'XP340/counter', ... (33 bytes))
2026-09-20T03:18:14: Received PUBLISH from esp32 (d0, q0, r0, m0, 'XP340/counter', ... (33 bytes))
2026-09-20T03:18:24: Received PUBLISH from esp32 (d0, q0, r0, m0, 'XP340/counter', ... (33 bytes))
2026-09-20T03:18:24: Received PUBLISH from esp32 (d0, q0, r0, m0, 'XP340/counter', ... (33 bytes))
2026-09-20T03:18:29: Received PUBLISH from esp32 (d0, q0, r0, m0, 'XP340/counter', ... (33 bytes))
2026-09-20T03:18:39: Received PUBLISH from esp32 (d0, q0, r0, m0, 'XP340/counter', ... (33 bytes))
2026-09-20T03:18:39: Received PUBLISH from esp32 (d0, q0, r0, m0, 'XP340/counter', ... (33 bytes))
2026-09-20T03:18:44: Received PUBLISH from esp32 (d0, q0, r0, m0, 'XP340/counter', ... (33 bytes))
2026-09-20T03:18:54: Received PUBLISH from esp32 (d0, q0, r0, m0, 'XP340/counter', ... (33 bytes))
2026-09-20T03:18:54: Received PUBLISH from esp32 (d0, q0, r0, m0, 'XP340/counter', ... (33 bytes))
2026-09-20T03:18:59: Received PUBLISH from esp32 (d0, q0, r0, m0, 'XP340/counter', ... (33 bytes))
2026-09-20T03:19:09: Received PUBLISH from esp32 (d0, q0, r0, m0, 'XP340/counter', ... (33 bytes))
2026-09-20T03:19:09: Received PUBLISH from esp32 (d0, q0, r0, m0, 'XP340/counter', ... (33 bytes))
2026-09-20T03:19:14: Received PUBLISH from esp32 (d0, q0, r0, m0, 'XP340/counter', ... (33 bytes))
2026-09-20T03:19:24: Received PUBLISH from esp32 (d0, q0, r0, m0, 'XP340/counter', ... (33 bytes))
2026-09-20T03:19:24: Received PUBLISH from esp32 (d0, q0, r0, m0, 'XP340/counter', ... (33 bytes))
2026-09-20T03:19:29: Received PUBLISH from esp32 (d0, q0, r0, m0, 'XP340/counter', ... (33 bytes))
2026-09-20T03:19:39: Received PUBLISH from esp32 (d0, q0, r0, m0, 'XP340/counter', ... (33 bytes))
2026-09-20T03:19:39: Received PUBLISH from esp32 (d0, q0, r0, m0, 'XP340/counter', ... (33 bytes))
2026-09-20T03:19:44: Received PUBLISH from esp32 (d0, q0, r0, m0, 'XP340/counter', ... (33 bytes))
2026-09-20T03:19:54: Received PUBLISH from esp32 (d0, q0, r0, m0, 'XP340/counter', ... (33 bytes))
2026-09-20T03:19:54: Received PUBLISH from esp32 (d0, q0, r0, m0, 'XP340/counter', ... (33 bytes))
2026-09-20T03:19:59: Received PUBLISH from esp32 (d0, q0, r0, m0, 'XP340/counter', ... (33 bytes))
2026-09-20T03:20:09: Received PUBLISH from esp32 (d0, q0, r0, m0, 'XP340/counter', ... (33 bytes))
2026-09-20T03:20:09: Received PUBLISH from esp32 (d0, q0, r0, m0, 'XP340/counter', ... (33 bytes))
2026-09-20T03:20:14: Received PUBLISH from esp32 (d0, q0, r0, m0, 'XP340/counter', ... (33 bytes))
2026-09-20T03:20:25: Received PUBLISH from esp32 (d0, q0, r0, m0, 'XP340/counter', ... (33 bytes))
2026-09-20T03:20:25: Received PUBLISH from esp32 (d0, q0, r0, m0, 'XP340/counter', ... (33 bytes))
2026-09-20T03:20:29: Received PUBLISH from esp32 (d0, q0, r0, m0, 'XP340/counter', ... (33 bytes))
2026-09-20T03:20:39: Received PUBLISH from esp32 (d0, q0, r0, m0, 'XP340/counter', ... (33 bytes))
2026-09-20T03:20:39: Received PUBLISH from esp32 (d0, q0, r0, m0, 'XP340/counter', ... (33 bytes))
2026-09-20T03:20:44: Received PUBLISH from esp32 (d0, q0, r0, m0, 'XP340/counter', ... (33 bytes))
2026-09-20T03:20:54: Received PUBLISH from esp32 (d0, q0, r0, m0, 'XP340/counter', ... (33 bytes))
2026-09-20T03:20:54: Received PUBLISH from esp32 (d0, q0, r0, m0, 'XP340/counter', ... (33 bytes))
2026-09-20T03:20:59: Received PUBLISH from esp32 (d0, q0, r0, m0, 'XP340/counter', ... (33 bytes))
2026-09-20T03:21:08: Received PUBLISH from esp32 (d0, q0, r0, m0, 'XP340/counter', ... (33 bytes))
2026-09-20T03:21:09: Received PUBLISH from esp32 (d0, q0, r0, m0, 'XP340/counter', ... (33 bytes))
2026-09-20T03:21:14: Received PUBLISH from esp32 (d0, q0, r0, m0, 'XP340/counter', ... (33 bytes))
2026-09-20T03:21:24: Received PUBLISH from esp32 (d0, q0, r0, m0, 'XP340/counter', ... (33 bytes))
2026-09-20T03:21:24: Received PUBLISH from esp32 (d0, q0, r0, m0, 'XP340/counter', ... (33 bytes))
2026-09-20T03:21:29: Received PUBLISH from esp32 (d0, q0, r0, m0, 'XP340/counter', ... (33 bytes))
2026-09-20T03:21:40: Received PUBLISH from esp32 (d0, q0, r0, m0, 'XP340/counter', ... (33 bytes))
2026-09-20T03:21:40: Received PUBLISH from esp32 (d0, q0, r0, m0, 'XP340/counter', ... (33 bytes))
2026-09-20T03:21:44: Received PUBLISH from esp32 (d0, q0, r0, m0, 'XP340/counter', ... (33 bytes))
2026-09-20T03:21:48: mosquitto version 2.1.2 terminating
2026-09-20T03:21:48: Saving in-memory database to /mosquitto/data//mosquitto.db.
2026-09-20T03:41:35: mosquitto version 2.1.2 starting
2026-09-20T03:41:35: Config loaded from /mosquitto/config/mosquitto.conf.
2026-09-20T03:41:35: Bridge support available.
2026-09-20T03:41:35: Persistence support available.
2026-09-20T03:41:35: TLS support available.
2026-09-20T03:41:35: TLS-PSK support available.
2026-09-20T03:41:35: Websockets support available.
2026-09-20T03:41:35: Opening ipv4 listen socket on port 8883.
2026-09-20T03:41:35: Opening ipv6 listen socket on port 8883.
2026-09-20T03:41:35: mosquitto version 2.1.2 running
2026-09-20T03:44:18: mosquitto version 2.1.2 terminating
2026-09-20T03:44:18: Saving in-memory database to /mosquitto/data//mosquitto.db.
2026-09-20T03:44:26: mosquitto version 2.1.2 starting
2026-09-20T03:44:26: Config loaded from /mosquitto/config/mosquitto.conf.
2026-09-20T03:44:26: Bridge support available.
2026-09-20T03:44:26: Persistence support available.
2026-09-20T03:44:26: TLS support available.
2026-09-20T03:44:26: TLS-PSK support available.
2026-09-20T03:44:26: Websockets support available.
2026-09-20T03:44:26: Opening ipv4 listen socket on port 8883.
2026-09-20T03:44:26: Opening ipv6 listen socket on port 8883.
2026-09-20T03:44:26: mosquitto version 2.1.2 running
2026-09-20T03:44:31: New connection from 172.18.0.3:54745 on port 8883.
2026-09-20T03:44:31: New client connected from 172.18.0.3:54745 as paho-client-01 (p4, c1, k60, u'Paho-Client').
2026-09-20T03:44:31: No will message specified.
2026-09-20T03:44:31: Client paho-client-01 negotiated TLSv1.3 cipher TLS_AES_256_GCM_SHA384
2026-09-20T03:44:31: Sending CONNACK to paho-client-01 (0, 0)
2026-09-20T03:44:31: Received SUBSCRIBE from paho-client-01
2026-09-20T03:44:31: 	XP340/counter (QoS 0)
2026-09-20T03:44:31: paho-client-01 0 XP340/counter
2026-09-20T03:44:31: 	XP340/Q_00 (QoS 0)
2026-09-20T03:44:31: paho-client-01 0 XP340/Q_00
2026-09-20T03:44:31: 	XP340/Q_01 (QoS 0)
2026-09-20T03:44:31: paho-client-01 0 XP340/Q_01
2026-09-20T03:44:31: Sending SUBACK to paho-client-01
2026-09-20T03:44:54: Received PUBLISH from paho-client-01 (d0, q0, r0, m0, 'XP340/I_00', ... (2 bytes))
2026-09-20T03:45:00: Received PUBLISH from paho-client-01 (d0, q0, r0, m0, 'XP340/I_00', ... (3 bytes))
2026-09-20T03:45:06: Received PUBLISH from paho-client-01 (d0, q0, r0, m0, 'XP340/I_00', ... (2 bytes))
2026-09-20T03:45:07: Received PUBLISH from paho-client-01 (d0, q0, r0, m0, 'XP340/I_00', ... (3 bytes))
2026-09-20T03:45:31: Received PINGREQ from paho-client-01
2026-09-20T03:45:31: Sending PINGRESP to paho-client-01
2026-09-20T03:45:32: New connection from 10.0.0.223:62377 on port 8883.
2026-09-20T03:45:34: New client connected from 10.0.0.223:62377 as esp32 (p4, c1, k60, u'ESP32-Sensor-01').
2026-09-20T03:45:34: No will message specified.
2026-09-20T03:45:34: Client esp32 negotiated TLSv1.2 cipher ECDHE-RSA-AES256-GCM-SHA384
2026-09-20T03:45:34: Sending CONNACK to esp32 (0, 0)
2026-09-20T03:45:35: Received SUBSCRIBE from esp32
2026-09-20T03:45:35: 	XP340/I_00 (QoS 0)
2026-09-20T03:45:35: esp32 0 XP340/I_00
2026-09-20T03:45:35: Sending SUBACK to esp32
2026-09-20T03:45:35: Received SUBSCRIBE from esp32
2026-09-20T03:45:35: 	XP340/I_01 (QoS 0)
2026-09-20T03:45:35: esp32 0 XP340/I_01
2026-09-20T03:45:35: Sending SUBACK to esp32
2026-09-20T03:45:35: Received PUBLISH from esp32 (d0, q0, r0, m0, 'XP340/counter', ... (30 bytes))
2026-09-20T03:45:35: Sending PUBLISH to paho-client-01 (d0, q0, r0, m0, 'XP340/counter', ... (30 bytes))
2026-09-20T03:45:40: Received PUBLISH from paho-client-01 (d0, q0, r0, m0, 'XP340/I_00', ... (2 bytes))
2026-09-20T03:45:40: Sending PUBLISH to esp32 (d0, q0, r0, m0, 'XP340/I_00', ... (2 bytes))
2026-09-20T03:45:40: Received PUBLISH from esp32 (d0, q0, r0, m0, 'XP340/counter', ... (30 bytes))
2026-09-20T03:45:40: Sending PUBLISH to paho-client-01 (d0, q0, r0, m0, 'XP340/counter', ... (30 bytes))
2026-09-20T03:45:40: Received PUBLISH from esp32 (d0, q0, r0, m0, 'XP340/Q_00', ... (2 bytes))
2026-09-20T03:45:40: Sending PUBLISH to paho-client-01 (d0, q0, r0, m0, 'XP340/Q_00', ... (2 bytes))
2026-09-20T03:45:45: Received PUBLISH from esp32 (d0, q0, r0, m0, 'XP340/counter', ... (30 bytes))
2026-09-20T03:45:45: Sending PUBLISH to paho-client-01 (d0, q0, r0, m0, 'XP340/counter', ... (30 bytes))
2026-09-20T03:45:50: Received PUBLISH from esp32 (d0, q0, r0, m0, 'XP340/counter', ... (30 bytes))
2026-09-20T03:45:50: Sending PUBLISH to paho-client-01 (d0, q0, r0, m0, 'XP340/counter', ... (30 bytes))
2026-09-20T03:45:55: Received PUBLISH from esp32 (d0, q0, r0, m0, 'XP340/counter', ... (30 bytes))
2026-09-20T03:45:55: Sending PUBLISH to paho-client-01 (d0, q0, r0, m0, 'XP340/counter', ... (30 bytes))
2026-09-20T03:46:00: Received PUBLISH from esp32 (d0, q0, r0, m0, 'XP340/counter', ... (30 bytes))
2026-09-20T03:46:00: Sending PUBLISH to paho-client-01 (d0, q0, r0, m0, 'XP340/counter', ... (30 bytes))
2026-09-20T03:46:05: Received PUBLISH from esp32 (d0, q0, r0, m0, 'XP340/counter', ... (30 bytes))
2026-09-20T03:46:05: Sending PUBLISH to paho-client-01 (d0, q0, r0, m0, 'XP340/counter', ... (30 bytes))
2026-09-20T03:46:06: Received PUBLISH from paho-client-01 (d0, q0, r0, m0, 'XP340/I_00', ... (3 bytes))
2026-09-20T03:46:06: Sending PUBLISH to esp32 (d0, q0, r0, m0, 'XP340/I_00', ... (3 bytes))
2026-09-20T03:46:07: Received PUBLISH from esp32 (d0, q0, r0, m0, 'XP340/Q_00', ... (3 bytes))
2026-09-20T03:46:07: Sending PUBLISH to paho-client-01 (d0, q0, r0, m0, 'XP340/Q_00', ... (3 bytes))
2026-09-20T03:46:10: Received PUBLISH from esp32 (d0, q0, r0, m0, 'XP340/counter', ... (30 bytes))
2026-09-20T03:46:10: Sending PUBLISH to paho-client-01 (d0, q0, r0, m0, 'XP340/counter', ... (30 bytes))
2026-09-20T03:46:11: Received PUBLISH from paho-client-01 (d0, q0, r0, m0, 'XP340/I_00', ... (2 bytes))
2026-09-20T03:46:11: Sending PUBLISH to esp32 (d0, q0, r0, m0, 'XP340/I_00', ... (2 bytes))
2026-09-20T03:46:12: Received PUBLISH from esp32 (d0, q0, r0, m0, 'XP340/Q_00', ... (2 bytes))
2026-09-20T03:46:12: Sending PUBLISH to paho-client-01 (d0, q0, r0, m0, 'XP340/Q_00', ... (2 bytes))
2026-09-20T03:46:13: Received PUBLISH from paho-client-01 (d0, q0, r0, m0, 'XP340/I_00', ... (3 bytes))
2026-09-20T03:46:13: Sending PUBLISH to esp32 (d0, q0, r0, m0, 'XP340/I_00', ... (3 bytes))
2026-09-20T03:46:13: Received PUBLISH from esp32 (d0, q0, r0, m0, 'XP340/Q_00', ... (3 bytes))
2026-09-20T03:46:13: Sending PUBLISH to paho-client-01 (d0, q0, r0, m0, 'XP340/Q_00', ... (3 bytes))
2026-09-20T03:46:15: Received PUBLISH from esp32 (d0, q0, r0, m0, 'XP340/counter', ... (30 bytes))
2026-09-20T03:46:15: Sending PUBLISH to paho-client-01 (d0, q0, r0, m0, 'XP340/counter', ... (30 bytes))
2026-09-20T03:46:19: OpenSSL Error while trying to get the error[0]: error:0A000126:SSL routines::unexpected eof while reading
2026-09-20T03:46:19: Client paho-client-01 [172.18.0.3:54745] disconnected: connection closed by client.
2026-09-20T03:46:19: mosquitto version 2.1.2 terminating
2026-09-20T03:46:19: Saving in-memory database to /mosquitto/data//mosquitto.db.
2026-09-20T03:48:16: mosquitto version 2.1.2 starting
2026-09-20T03:48:16: Config loaded from /mosquitto/config/mosquitto.conf.
2026-09-20T03:48:16: Bridge support available.
2026-09-20T03:48:16: Persistence support available.
2026-09-20T03:48:16: TLS support available.
2026-09-20T03:48:16: TLS-PSK support available.
2026-09-20T03:48:16: Websockets support available.
2026-09-20T03:48:16: Opening ipv4 listen socket on port 8883.
2026-09-20T03:48:16: Opening ipv6 listen socket on port 8883.
2026-09-20T03:48:16: mosquitto version 2.1.2 running
2026-09-20T03:48:17: New connection from 10.0.0.223:62434 on port 8883.
2026-09-20T03:48:18: New client connected from 10.0.0.223:62434 as esp32 (p4, c0, k60, u'ESP32-Sensor-01').
2026-09-20T03:48:18: No will message specified.
2026-09-20T03:48:18: Client esp32 negotiated TLSv1.2 cipher ECDHE-RSA-AES256-GCM-SHA384
2026-09-20T03:48:18: Sending CONNACK to esp32 (0, 0)
2026-09-20T03:48:18: Received PUBLISH from esp32 (d0, q0, r0, m0, 'XP340/counter', ... (30 bytes))
2026-09-20T03:48:23: Received PUBLISH from esp32 (d0, q0, r0, m0, 'XP340/counter', ... (31 bytes))
2026-09-20T03:48:25: New connection from 172.18.0.3:41607 on port 8883.
2026-09-20T03:48:25: New client connected from 172.18.0.3:41607 as paho-client-01 (p4, c1, k60, u'Paho-Client').
2026-09-20T03:48:25: No will message specified.
2026-09-20T03:48:25: Client paho-client-01 negotiated TLSv1.3 cipher TLS_AES_256_GCM_SHA384
2026-09-20T03:48:25: Sending CONNACK to paho-client-01 (0, 0)
2026-09-20T03:48:25: Received SUBSCRIBE from paho-client-01
2026-09-20T03:48:25: 	XP340/counter (QoS 0)
2026-09-20T03:48:25: paho-client-01 0 XP340/counter
2026-09-20T03:48:25: 	XP340/Q_00 (QoS 0)
2026-09-20T03:48:25: paho-client-01 0 XP340/Q_00
2026-09-20T03:48:25: 	XP340/Q_01 (QoS 0)
2026-09-20T03:48:25: paho-client-01 0 XP340/Q_01
2026-09-20T03:48:25: Sending SUBACK to paho-client-01
2026-09-20T03:48:28: Received PUBLISH from paho-client-01 (d0, q0, r0, m0, 'XP340/I_00', ... (2 bytes))
2026-09-20T03:48:28: Received PUBLISH from esp32 (d0, q0, r0, m0, 'XP340/counter', ... (31 bytes))
2026-09-20T03:48:28: Sending PUBLISH to paho-client-01 (d0, q0, r0, m0, 'XP340/counter', ... (31 bytes))
2026-09-20T03:48:33: Received PUBLISH from esp32 (d0, q0, r0, m0, 'XP340/counter', ... (31 bytes))
2026-09-20T03:48:33: Sending PUBLISH to paho-client-01 (d0, q0, r0, m0, 'XP340/counter', ... (31 bytes))
2026-09-20T03:48:34: Received PUBLISH from paho-client-01 (d0, q0, r0, m0, 'XP340/I_00', ... (3 bytes))
2026-09-20T03:48:35: Received PUBLISH from paho-client-01 (d0, q0, r0, m0, 'XP340/I_00', ... (2 bytes))
2026-09-20T03:48:38: Received PUBLISH from esp32 (d0, q0, r0, m0, 'XP340/counter', ... (31 bytes))
2026-09-20T03:48:38: Sending PUBLISH to paho-client-01 (d0, q0, r0, m0, 'XP340/counter', ... (31 bytes))
2026-09-20T03:48:43: Received PUBLISH from esp32 (d0, q0, r0, m0, 'XP340/counter', ... (31 bytes))
2026-09-20T03:48:43: Sending PUBLISH to paho-client-01 (d0, q0, r0, m0, 'XP340/counter', ... (31 bytes))
2026-09-20T03:48:48: Received PUBLISH from esp32 (d0, q0, r0, m0, 'XP340/counter', ... (31 bytes))
2026-09-20T03:48:48: Sending PUBLISH to paho-client-01 (d0, q0, r0, m0, 'XP340/counter', ... (31 bytes))
2026-09-20T03:48:53: Received PUBLISH from esp32 (d0, q0, r0, m0, 'XP340/counter', ... (31 bytes))
2026-09-20T03:48:53: Sending PUBLISH to paho-client-01 (d0, q0, r0, m0, 'XP340/counter', ... (31 bytes))
2026-09-20T03:48:58: Received PUBLISH from paho-client-01 (d0, q0, r0, m0, 'XP340/I_00', ... (3 bytes))
2026-09-20T03:48:58: Received PUBLISH from esp32 (d0, q0, r0, m0, 'XP340/counter', ... (31 bytes))
2026-09-20T03:48:58: Sending PUBLISH to paho-client-01 (d0, q0, r0, m0, 'XP340/counter', ... (31 bytes))
2026-09-20T03:49:00: Received PUBLISH from paho-client-01 (d0, q0, r0, m0, 'XP340/I_01', ... (2 bytes))
2026-09-20T03:49:01: Received PUBLISH from paho-client-01 (d0, q0, r0, m0, 'XP340/I_01', ... (3 bytes))
2026-09-20T03:49:03: Received PUBLISH from paho-client-01 (d0, q0, r0, m0, 'XP340/I_00', ... (2 bytes))
2026-09-20T03:49:03: Received PUBLISH from esp32 (d0, q0, r0, m0, 'XP340/counter', ... (31 bytes))
2026-09-20T03:49:03: Sending PUBLISH to paho-client-01 (d0, q0, r0, m0, 'XP340/counter', ... (31 bytes))
2026-09-20T03:49:08: Received PUBLISH from esp32 (d0, q0, r0, m0, 'XP340/counter', ... (31 bytes))
2026-09-20T03:49:08: Sending PUBLISH to paho-client-01 (d0, q0, r0, m0, 'XP340/counter', ... (31 bytes))
2026-09-20T03:49:13: Received PUBLISH from esp32 (d0, q0, r0, m0, 'XP340/counter', ... (31 bytes))
2026-09-20T03:49:13: Sending PUBLISH to paho-client-01 (d0, q0, r0, m0, 'XP340/counter', ... (31 bytes))
2026-09-20T03:49:15: Received PUBLISH from paho-client-01 (d0, q0, r0, m0, 'XP340/I_00', ... (3 bytes))
2026-09-20T03:49:16: Received PUBLISH from paho-client-01 (d0, q0, r0, m0, 'XP340/I_00', ... (2 bytes))
2026-09-20T03:49:18: Received PUBLISH from esp32 (d0, q0, r0, m0, 'XP340/counter', ... (31 bytes))
2026-09-20T03:49:18: Sending PUBLISH to paho-client-01 (d0, q0, r0, m0, 'XP340/counter', ... (31 bytes))
2026-09-20T03:49:23: Received PUBLISH from esp32 (d0, q0, r0, m0, 'XP340/counter', ... (31 bytes))
2026-09-20T03:49:23: Sending PUBLISH to paho-client-01 (d0, q0, r0, m0, 'XP340/counter', ... (31 bytes))
2026-09-20T03:49:25: Received PINGREQ from paho-client-01
2026-09-20T03:49:25: Sending PINGRESP to paho-client-01
2026-09-20T03:49:26: OpenSSL Error while trying to get the error[0]: error:0A000126:SSL routines::unexpected eof while reading
2026-09-20T03:49:26: Client esp32 [10.0.0.223:62434] disconnected: connection closed by client.
2026-09-20T03:49:28: New connection from 10.0.0.223:62435 on port 8883.
2026-09-20T03:49:29: Client esp32 [10.0.0.223:62434] disconnected: session taken over.
2026-09-20T03:49:29: New client connected from 10.0.0.223:62435 as esp32 (p4, c1, k60, u'ESP32-Sensor-01').
2026-09-20T03:49:29: No will message specified.
2026-09-20T03:49:29: Client esp32 negotiated TLSv1.2 cipher ECDHE-RSA-AES256-GCM-SHA384
2026-09-20T03:49:29: Sending CONNACK to esp32 (0, 0)
2026-09-20T03:49:29: Received SUBSCRIBE from esp32
2026-09-20T03:49:29: 	XP340/I_00 (QoS 0)
2026-09-20T03:49:29: esp32 0 XP340/I_00
2026-09-20T03:49:29: Sending SUBACK to esp32
2026-09-20T03:49:29: Received SUBSCRIBE from esp32
2026-09-20T03:49:29: 	XP340/I_01 (QoS 0)
2026-09-20T03:49:29: esp32 0 XP340/I_01
2026-09-20T03:49:29: Sending SUBACK to esp32
2026-09-20T03:49:29: Received PUBLISH from esp32 (d0, q0, r0, m0, 'XP340/counter', ... (30 bytes))
2026-09-20T03:49:29: Sending PUBLISH to paho-client-01 (d0, q0, r0, m0, 'XP340/counter', ... (30 bytes))
2026-09-20T03:49:33: Received PUBLISH from paho-client-01 (d0, q0, r0, m0, 'XP340/I_00', ... (3 bytes))
2026-09-20T03:49:33: Sending PUBLISH to esp32 (d0, q0, r0, m0, 'XP340/I_00', ... (3 bytes))
2026-09-20T03:49:33: Received PUBLISH from esp32 (d0, q0, r0, m0, 'XP340/Q_00', ... (3 bytes))
2026-09-20T03:49:33: Sending PUBLISH to paho-client-01 (d0, q0, r0, m0, 'XP340/Q_00', ... (3 bytes))
2026-09-20T03:49:34: Received PUBLISH from esp32 (d0, q0, r0, m0, 'XP340/counter', ... (30 bytes))
2026-09-20T03:49:34: Sending PUBLISH to paho-client-01 (d0, q0, r0, m0, 'XP340/counter', ... (30 bytes))
2026-09-20T03:49:35: Received PUBLISH from paho-client-01 (d0, q0, r0, m0, 'XP340/I_00', ... (2 bytes))
2026-09-20T03:49:35: Sending PUBLISH to esp32 (d0, q0, r0, m0, 'XP340/I_00', ... (2 bytes))
2026-09-20T03:49:35: Received PUBLISH from esp32 (d0, q0, r0, m0, 'XP340/Q_00', ... (2 bytes))
2026-09-20T03:49:35: Sending PUBLISH to paho-client-01 (d0, q0, r0, m0, 'XP340/Q_00', ... (2 bytes))
2026-09-20T03:49:37: Received PUBLISH from paho-client-01 (d0, q0, r0, m0, 'XP340/I_00', ... (3 bytes))
2026-09-20T03:49:37: Sending PUBLISH to esp32 (d0, q0, r0, m0, 'XP340/I_00', ... (3 bytes))
2026-09-20T03:49:38: Received PUBLISH from esp32 (d0, q0, r0, m0, 'XP340/Q_00', ... (3 bytes))
2026-09-20T03:49:38: Sending PUBLISH to paho-client-01 (d0, q0, r0, m0, 'XP340/Q_00', ... (3 bytes))
2026-09-20T03:49:39: Received PUBLISH from paho-client-01 (d0, q0, r0, m0, 'XP340/I_00', ... (2 bytes))
2026-09-20T03:49:39: Sending PUBLISH to esp32 (d0, q0, r0, m0, 'XP340/I_00', ... (2 bytes))
2026-09-20T03:49:39: Received PUBLISH from esp32 (d0, q0, r0, m0, 'XP340/Q_00', ... (2 bytes))
2026-09-20T03:49:39: Sending PUBLISH to paho-client-01 (d0, q0, r0, m0, 'XP340/Q_00', ... (2 bytes))
2026-09-20T03:49:39: Received PUBLISH from esp32 (d0, q0, r0, m0, 'XP340/counter', ... (30 bytes))
2026-09-20T03:49:39: Sending PUBLISH to paho-client-01 (d0, q0, r0, m0, 'XP340/counter', ... (30 bytes))
2026-09-20T03:49:41: Received PUBLISH from paho-client-01 (d0, q0, r0, m0, 'XP340/I_00', ... (3 bytes))
2026-09-20T03:49:41: Sending PUBLISH to esp32 (d0, q0, r0, m0, 'XP340/I_00', ... (3 bytes))
2026-09-20T03:49:42: Received PUBLISH from esp32 (d0, q0, r0, m0, 'XP340/Q_00', ... (3 bytes))
2026-09-20T03:49:42: Sending PUBLISH to paho-client-01 (d0, q0, r0, m0, 'XP340/Q_00', ... (3 bytes))
2026-09-20T03:49:44: Received PUBLISH from esp32 (d0, q0, r0, m0, 'XP340/counter', ... (30 bytes))
2026-09-20T03:49:44: Sending PUBLISH to paho-client-01 (d0, q0, r0, m0, 'XP340/counter', ... (30 bytes))
2026-09-20T03:49:48: OpenSSL Error while trying to get the error[0]: error:0A000126:SSL routines::unexpected eof while reading
2026-09-20T03:49:48: Client paho-client-01 [172.18.0.3:41607] disconnected: connection closed by client.
2026-09-20T03:49:48: mosquitto version 2.1.2 terminating
2026-09-20T03:49:48: Saving in-memory database to /mosquitto/data//mosquitto.db.
2026-09-20T03:50:38: mosquitto version 2.1.2 starting
2026-09-20T03:50:38: Config loaded from /mosquitto/config/mosquitto.conf.
2026-09-20T03:50:38: Bridge support available.
2026-09-20T03:50:38: Persistence support available.
2026-09-20T03:50:38: TLS support available.
2026-09-20T03:50:38: TLS-PSK support available.
2026-09-20T03:50:38: Websockets support available.
2026-09-20T03:50:38: Opening ipv4 listen socket on port 8883.
2026-09-20T03:50:38: Opening ipv6 listen socket on port 8883.
2026-09-20T03:50:38: mosquitto version 2.1.2 running
2026-09-20T03:50:40: New connection from 10.0.0.223:62460 on port 8883.
2026-09-20T03:50:41: New client connected from 10.0.0.223:62460 as esp32 (p4, c0, k60, u'ESP32-Sensor-01').
2026-09-20T03:50:41: No will message specified.
2026-09-20T03:50:41: Client esp32 negotiated TLSv1.2 cipher ECDHE-RSA-AES256-GCM-SHA384
2026-09-20T03:50:41: Sending CONNACK to esp32 (0, 0)
2026-09-20T03:50:41: Received PUBLISH from esp32 (d0, q0, r0, m0, 'XP340/counter', ... (30 bytes))
2026-09-20T03:50:43: New connection from 172.18.0.3:42841 on port 8883.
2026-09-20T03:50:43: New client connected from 172.18.0.3:42841 as paho-client-01 (p4, c1, k60, u'Paho-Client').
2026-09-20T03:50:43: No will message specified.
2026-09-20T03:50:43: Client paho-client-01 negotiated TLSv1.3 cipher TLS_AES_256_GCM_SHA384
2026-09-20T03:50:43: Sending CONNACK to paho-client-01 (0, 0)
2026-09-20T03:50:43: Received SUBSCRIBE from paho-client-01
2026-09-20T03:50:43: 	XP340/counter (QoS 0)
2026-09-20T03:50:43: paho-client-01 0 XP340/counter
2026-09-20T03:50:43: 	XP340/Q_00 (QoS 0)
2026-09-20T03:50:43: paho-client-01 0 XP340/Q_00
2026-09-20T03:50:43: 	XP340/Q_01 (QoS 0)
2026-09-20T03:50:43: paho-client-01 0 XP340/Q_01
2026-09-20T03:50:43: Sending SUBACK to paho-client-01
2026-09-20T03:50:46: Received PUBLISH from esp32 (d0, q0, r0, m0, 'XP340/counter', ... (30 bytes))
2026-09-20T03:50:46: Sending PUBLISH to paho-client-01 (d0, q0, r0, m0, 'XP340/counter', ... (30 bytes))
2026-09-20T03:50:51: Received PUBLISH from esp32 (d0, q0, r0, m0, 'XP340/counter', ... (30 bytes))
2026-09-20T03:50:51: Sending PUBLISH to paho-client-01 (d0, q0, r0, m0, 'XP340/counter', ... (30 bytes))
2026-09-20T03:50:56: Received PUBLISH from esp32 (d0, q0, r0, m0, 'XP340/counter', ... (30 bytes))
2026-09-20T03:50:56: Sending PUBLISH to paho-client-01 (d0, q0, r0, m0, 'XP340/counter', ... (30 bytes))
2026-09-20T03:51:01: Received PUBLISH from esp32 (d0, q0, r0, m0, 'XP340/counter', ... (30 bytes))
2026-09-20T03:51:01: Sending PUBLISH to paho-client-01 (d0, q0, r0, m0, 'XP340/counter', ... (30 bytes))
2026-09-20T03:51:06: Received PUBLISH from esp32 (d0, q0, r0, m0, 'XP340/counter', ... (30 bytes))
2026-09-20T03:51:06: Sending PUBLISH to paho-client-01 (d0, q0, r0, m0, 'XP340/counter', ... (30 bytes))
2026-09-20T03:51:11: Received PUBLISH from esp32 (d0, q0, r0, m0, 'XP340/counter', ... (31 bytes))
2026-09-20T03:51:11: Sending PUBLISH to paho-client-01 (d0, q0, r0, m0, 'XP340/counter', ... (31 bytes))
2026-09-20T03:51:16: Received PUBLISH from esp32 (d0, q0, r0, m0, 'XP340/counter', ... (31 bytes))
2026-09-20T03:51:16: Sending PUBLISH to paho-client-01 (d0, q0, r0, m0, 'XP340/counter', ... (31 bytes))
2026-09-20T03:51:21: Received PUBLISH from esp32 (d0, q0, r0, m0, 'XP340/counter', ... (31 bytes))
2026-09-20T03:51:21: Sending PUBLISH to paho-client-01 (d0, q0, r0, m0, 'XP340/counter', ... (31 bytes))
2026-09-20T03:51:26: Received PUBLISH from esp32 (d0, q0, r0, m0, 'XP340/counter', ... (31 bytes))
2026-09-20T03:51:26: Sending PUBLISH to paho-client-01 (d0, q0, r0, m0, 'XP340/counter', ... (31 bytes))
2026-09-20T03:51:31: Received PUBLISH from esp32 (d0, q0, r0, m0, 'XP340/counter', ... (31 bytes))
2026-09-20T03:51:31: Sending PUBLISH to paho-client-01 (d0, q0, r0, m0, 'XP340/counter', ... (31 bytes))
2026-09-20T03:51:36: Received PUBLISH from esp32 (d0, q0, r0, m0, 'XP340/counter', ... (31 bytes))
2026-09-20T03:51:36: Sending PUBLISH to paho-client-01 (d0, q0, r0, m0, 'XP340/counter', ... (31 bytes))
2026-09-20T03:51:41: Received PUBLISH from esp32 (d0, q0, r0, m0, 'XP340/counter', ... (31 bytes))
2026-09-20T03:51:41: Sending PUBLISH to paho-client-01 (d0, q0, r0, m0, 'XP340/counter', ... (31 bytes))
2026-09-20T03:51:44: Received PINGREQ from paho-client-01
2026-09-20T03:51:44: Sending PINGRESP to paho-client-01
2026-09-20T03:51:46: Received PUBLISH from esp32 (d0, q0, r0, m0, 'XP340/counter', ... (31 bytes))
2026-09-20T03:51:46: Sending PUBLISH to paho-client-01 (d0, q0, r0, m0, 'XP340/counter', ... (31 bytes))
2026-09-20T03:51:51: Received PUBLISH from esp32 (d0, q0, r0, m0, 'XP340/counter', ... (31 bytes))
2026-09-20T03:51:51: Sending PUBLISH to paho-client-01 (d0, q0, r0, m0, 'XP340/counter', ... (31 bytes))
2026-09-20T03:51:56: Received PUBLISH from esp32 (d0, q0, r0, m0, 'XP340/counter', ... (31 bytes))
2026-09-20T03:51:56: Sending PUBLISH to paho-client-01 (d0, q0, r0, m0, 'XP340/counter', ... (31 bytes))
2026-09-20T03:52:01: Received PUBLISH from esp32 (d0, q0, r0, m0, 'XP340/counter', ... (31 bytes))
2026-09-20T03:52:01: Sending PUBLISH to paho-client-01 (d0, q0, r0, m0, 'XP340/counter', ... (31 bytes))
2026-09-20T03:52:06: Received PUBLISH from esp32 (d0, q0, r0, m0, 'XP340/counter', ... (31 bytes))
2026-09-20T03:52:06: Sending PUBLISH to paho-client-01 (d0, q0, r0, m0, 'XP340/counter', ... (31 bytes))
2026-09-20T03:52:11: Received PUBLISH from esp32 (d0, q0, r0, m0, 'XP340/counter', ... (31 bytes))
2026-09-20T03:52:11: Sending PUBLISH to paho-client-01 (d0, q0, r0, m0, 'XP340/counter', ... (31 bytes))
2026-09-20T03:52:16: Received PUBLISH from esp32 (d0, q0, r0, m0, 'XP340/counter', ... (31 bytes))
2026-09-20T03:52:16: Sending PUBLISH to paho-client-01 (d0, q0, r0, m0, 'XP340/counter', ... (31 bytes))
2026-09-20T03:52:21: Received PUBLISH from esp32 (d0, q0, r0, m0, 'XP340/counter', ... (31 bytes))
2026-09-20T03:52:21: Sending PUBLISH to paho-client-01 (d0, q0, r0, m0, 'XP340/counter', ... (31 bytes))
2026-09-20T03:52:26: Received PUBLISH from esp32 (d0, q0, r0, m0, 'XP340/counter', ... (31 bytes))
2026-09-20T03:52:26: Sending PUBLISH to paho-client-01 (d0, q0, r0, m0, 'XP340/counter', ... (31 bytes))
2026-09-20T03:52:31: Received PUBLISH from esp32 (d0, q0, r0, m0, 'XP340/counter', ... (31 bytes))
2026-09-20T03:52:31: Sending PUBLISH to paho-client-01 (d0, q0, r0, m0, 'XP340/counter', ... (31 bytes))
2026-09-20T03:52:36: Received PUBLISH from esp32 (d0, q0, r0, m0, 'XP340/counter', ... (31 bytes))
2026-09-20T03:52:36: Sending PUBLISH to paho-client-01 (d0, q0, r0, m0, 'XP340/counter', ... (31 bytes))
2026-09-20T03:52:41: Received PUBLISH from esp32 (d0, q0, r0, m0, 'XP340/counter', ... (31 bytes))
2026-09-20T03:52:41: Sending PUBLISH to paho-client-01 (d0, q0, r0, m0, 'XP340/counter', ... (31 bytes))
2026-09-20T03:52:44: Received PINGREQ from paho-client-01
2026-09-20T03:52:44: Sending PINGRESP to paho-client-01
2026-09-20T03:52:46: Received PUBLISH from esp32 (d0, q0, r0, m0, 'XP340/counter', ... (31 bytes))
2026-09-20T03:52:46: Sending PUBLISH to paho-client-01 (d0, q0, r0, m0, 'XP340/counter', ... (31 bytes))
2026-09-20T03:52:51: Received PUBLISH from esp32 (d0, q0, r0, m0, 'XP340/counter', ... (31 bytes))
2026-09-20T03:52:51: Sending PUBLISH to paho-client-01 (d0, q0, r0, m0, 'XP340/counter', ... (31 bytes))
2026-09-20T03:52:56: Received PUBLISH from esp32 (d0, q0, r0, m0, 'XP340/counter', ... (31 bytes))
2026-09-20T03:52:56: Sending PUBLISH to paho-client-01 (d0, q0, r0, m0, 'XP340/counter', ... (31 bytes))
2026-09-20T03:53:01: Received PUBLISH from esp32 (d0, q0, r0, m0, 'XP340/counter', ... (31 bytes))
2026-09-20T03:53:01: Sending PUBLISH to paho-client-01 (d0, q0, r0, m0, 'XP340/counter', ... (31 bytes))
2026-09-20T03:53:06: Received PUBLISH from esp32 (d0, q0, r0, m0, 'XP340/counter', ... (31 bytes))
2026-09-20T03:53:06: Sending PUBLISH to paho-client-01 (d0, q0, r0, m0, 'XP340/counter', ... (31 bytes))
2026-09-20T03:53:11: Received PUBLISH from esp32 (d0, q0, r0, m0, 'XP340/counter', ... (31 bytes))
2026-09-20T03:53:11: Sending PUBLISH to paho-client-01 (d0, q0, r0, m0, 'XP340/counter', ... (31 bytes))
2026-09-20T03:53:16: Received PUBLISH from esp32 (d0, q0, r0, m0, 'XP340/counter', ... (31 bytes))
2026-09-20T03:53:16: Sending PUBLISH to paho-client-01 (d0, q0, r0, m0, 'XP340/counter', ... (31 bytes))
2026-09-20T03:53:21: Received PUBLISH from esp32 (d0, q0, r0, m0, 'XP340/counter', ... (31 bytes))
2026-09-20T03:53:21: Sending PUBLISH to paho-client-01 (d0, q0, r0, m0, 'XP340/counter', ... (31 bytes))
2026-09-20T03:53:26: Received PUBLISH from esp32 (d0, q0, r0, m0, 'XP340/counter', ... (31 bytes))
2026-09-20T03:53:26: Sending PUBLISH to paho-client-01 (d0, q0, r0, m0, 'XP340/counter', ... (31 bytes))
2026-09-20T03:53:31: Received PUBLISH from esp32 (d0, q0, r0, m0, 'XP340/counter', ... (31 bytes))
2026-09-20T03:53:31: Sending PUBLISH to paho-client-01 (d0, q0, r0, m0, 'XP340/counter', ... (31 bytes))
2026-09-20T03:53:36: Received PUBLISH from esp32 (d0, q0, r0, m0, 'XP340/counter', ... (31 bytes))
2026-09-20T03:53:36: Sending PUBLISH to paho-client-01 (d0, q0, r0, m0, 'XP340/counter', ... (31 bytes))
2026-09-20T03:53:41: Received PUBLISH from esp32 (d0, q0, r0, m0, 'XP340/counter', ... (31 bytes))
2026-09-20T03:53:41: Sending PUBLISH to paho-client-01 (d0, q0, r0, m0, 'XP340/counter', ... (31 bytes))
2026-09-20T03:53:44: Received PINGREQ from paho-client-01
2026-09-20T03:53:44: Sending PINGRESP to paho-client-01
2026-09-20T03:53:46: Received PUBLISH from esp32 (d0, q0, r0, m0, 'XP340/counter', ... (31 bytes))
2026-09-20T03:53:46: Sending PUBLISH to paho-client-01 (d0, q0, r0, m0, 'XP340/counter', ... (31 bytes))
2026-09-20T03:53:51: Received PUBLISH from esp32 (d0, q0, r0, m0, 'XP340/counter', ... (31 bytes))
2026-09-20T03:53:51: Sending PUBLISH to paho-client-01 (d0, q0, r0, m0, 'XP340/counter', ... (31 bytes))
2026-09-20T03:53:56: Received PUBLISH from esp32 (d0, q0, r0, m0, 'XP340/counter', ... (31 bytes))
2026-09-20T03:53:56: Sending PUBLISH to paho-client-01 (d0, q0, r0, m0, 'XP340/counter', ... (31 bytes))
2026-09-20T03:54:01: Received PUBLISH from esp32 (d0, q0, r0, m0, 'XP340/counter', ... (31 bytes))
2026-09-20T03:54:01: Sending PUBLISH to paho-client-01 (d0, q0, r0, m0, 'XP340/counter', ... (31 bytes))
2026-09-20T03:54:06: Received PUBLISH from esp32 (d0, q0, r0, m0, 'XP340/counter', ... (31 bytes))
2026-09-20T03:54:06: Sending PUBLISH to paho-client-01 (d0, q0, r0, m0, 'XP340/counter', ... (31 bytes))
2026-09-20T03:54:11: Received PUBLISH from esp32 (d0, q0, r0, m0, 'XP340/counter', ... (31 bytes))
2026-09-20T03:54:11: Sending PUBLISH to paho-client-01 (d0, q0, r0, m0, 'XP340/counter', ... (31 bytes))
2026-09-20T03:54:16: Received PUBLISH from esp32 (d0, q0, r0, m0, 'XP340/counter', ... (31 bytes))
2026-09-20T03:54:16: Sending PUBLISH to paho-client-01 (d0, q0, r0, m0, 'XP340/counter', ... (31 bytes))
2026-09-20T03:54:22: Received PUBLISH from esp32 (d0, q0, r0, m0, 'XP340/counter', ... (31 bytes))
2026-09-20T03:54:22: Sending PUBLISH to paho-client-01 (d0, q0, r0, m0, 'XP340/counter', ... (31 bytes))
2026-09-20T03:54:26: Received PUBLISH from esp32 (d0, q0, r0, m0, 'XP340/counter', ... (31 bytes))
2026-09-20T03:54:26: Sending PUBLISH to paho-client-01 (d0, q0, r0, m0, 'XP340/counter', ... (31 bytes))
2026-09-20T03:54:31: Received PUBLISH from esp32 (d0, q0, r0, m0, 'XP340/counter', ... (31 bytes))
2026-09-20T03:54:31: Sending PUBLISH to paho-client-01 (d0, q0, r0, m0, 'XP340/counter', ... (31 bytes))
2026-09-20T03:54:36: Received PUBLISH from esp32 (d0, q0, r0, m0, 'XP340/counter', ... (31 bytes))
2026-09-20T03:54:36: Sending PUBLISH to paho-client-01 (d0, q0, r0, m0, 'XP340/counter', ... (31 bytes))
2026-09-20T03:54:41: Received PUBLISH from esp32 (d0, q0, r0, m0, 'XP340/counter', ... (31 bytes))
2026-09-20T03:54:41: Sending PUBLISH to paho-client-01 (d0, q0, r0, m0, 'XP340/counter', ... (31 bytes))
2026-09-20T03:54:44: Received PINGREQ from paho-client-01
2026-09-20T03:54:44: Sending PINGRESP to paho-client-01
2026-09-20T03:54:46: Received PUBLISH from esp32 (d0, q0, r0, m0, 'XP340/counter', ... (31 bytes))
2026-09-20T03:54:46: Sending PUBLISH to paho-client-01 (d0, q0, r0, m0, 'XP340/counter', ... (31 bytes))
2026-09-20T03:54:51: Received PUBLISH from esp32 (d0, q0, r0, m0, 'XP340/counter', ... (31 bytes))
2026-09-20T03:54:51: Sending PUBLISH to paho-client-01 (d0, q0, r0, m0, 'XP340/counter', ... (31 bytes))
2026-09-20T03:54:56: Received PUBLISH from esp32 (d0, q0, r0, m0, 'XP340/counter', ... (31 bytes))
2026-09-20T03:54:56: Sending PUBLISH to paho-client-01 (d0, q0, r0, m0, 'XP340/counter', ... (31 bytes))
2026-09-20T03:55:02: Received PUBLISH from esp32 (d0, q0, r0, m0, 'XP340/counter', ... (31 bytes))
2026-09-20T03:55:02: Sending PUBLISH to paho-client-01 (d0, q0, r0, m0, 'XP340/counter', ... (31 bytes))
2026-09-20T03:55:06: Received PUBLISH from esp32 (d0, q0, r0, m0, 'XP340/counter', ... (31 bytes))
2026-09-20T03:55:06: Sending PUBLISH to paho-client-01 (d0, q0, r0, m0, 'XP340/counter', ... (31 bytes))
2026-09-20T03:55:11: Received PUBLISH from esp32 (d0, q0, r0, m0, 'XP340/counter', ... (31 bytes))
2026-09-20T03:55:11: Sending PUBLISH to paho-client-01 (d0, q0, r0, m0, 'XP340/counter', ... (31 bytes))
2026-09-20T03:55:16: Received PUBLISH from esp32 (d0, q0, r0, m0, 'XP340/counter', ... (31 bytes))
2026-09-20T03:55:16: Sending PUBLISH to paho-client-01 (d0, q0, r0, m0, 'XP340/counter', ... (31 bytes))
2026-09-20T03:55:22: Received PUBLISH from esp32 (d0, q0, r0, m0, 'XP340/counter', ... (31 bytes))
2026-09-20T03:55:22: Sending PUBLISH to paho-client-01 (d0, q0, r0, m0, 'XP340/counter', ... (31 bytes))
2026-09-20T03:55:26: Received PUBLISH from esp32 (d0, q0, r0, m0, 'XP340/counter', ... (31 bytes))
2026-09-20T03:55:26: Sending PUBLISH to paho-client-01 (d0, q0, r0, m0, 'XP340/counter', ... (31 bytes))
2026-09-20T03:55:31: Received PUBLISH from esp32 (d0, q0, r0, m0, 'XP340/counter', ... (31 bytes))
2026-09-20T03:55:31: Sending PUBLISH to paho-client-01 (d0, q0, r0, m0, 'XP340/counter', ... (31 bytes))
2026-09-20T03:55:36: Received PUBLISH from esp32 (d0, q0, r0, m0, 'XP340/counter', ... (31 bytes))
2026-09-20T03:55:36: Sending PUBLISH to paho-client-01 (d0, q0, r0, m0, 'XP340/counter', ... (31 bytes))
2026-09-20T03:55:41: Received PUBLISH from esp32 (d0, q0, r0, m0, 'XP340/counter', ... (31 bytes))
2026-09-20T03:55:41: Sending PUBLISH to paho-client-01 (d0, q0, r0, m0, 'XP340/counter', ... (31 bytes))
2026-09-20T03:55:44: Received PINGREQ from paho-client-01
2026-09-20T03:55:44: Sending PINGRESP to paho-client-01
2026-09-20T03:55:47: Received PUBLISH from esp32 (d0, q0, r0, m0, 'XP340/counter', ... (31 bytes))
2026-09-20T03:55:47: Sending PUBLISH to paho-client-01 (d0, q0, r0, m0, 'XP340/counter', ... (31 bytes))
2026-09-20T03:55:52: Received PUBLISH from esp32 (d0, q0, r0, m0, 'XP340/counter', ... (31 bytes))
2026-09-20T03:55:52: Sending PUBLISH to paho-client-01 (d0, q0, r0, m0, 'XP340/counter', ... (31 bytes))
2026-09-20T03:55:56: Received PUBLISH from esp32 (d0, q0, r0, m0, 'XP340/counter', ... (31 bytes))
2026-09-20T03:55:56: Sending PUBLISH to paho-client-01 (d0, q0, r0, m0, 'XP340/counter', ... (31 bytes))
2026-09-20T03:56:02: Received PUBLISH from esp32 (d0, q0, r0, m0, 'XP340/counter', ... (31 bytes))
2026-09-20T03:56:02: Sending PUBLISH to paho-client-01 (d0, q0, r0, m0, 'XP340/counter', ... (31 bytes))
2026-09-20T03:56:07: Received PUBLISH from esp32 (d0, q0, r0, m0, 'XP340/counter', ... (31 bytes))
2026-09-20T03:56:07: Sending PUBLISH to paho-client-01 (d0, q0, r0, m0, 'XP340/counter', ... (31 bytes))
2026-09-20T03:56:12: Received PUBLISH from esp32 (d0, q0, r0, m0, 'XP340/counter', ... (31 bytes))
2026-09-20T03:56:12: Sending PUBLISH to paho-client-01 (d0, q0, r0, m0, 'XP340/counter', ... (31 bytes))
2026-09-20T03:56:17: Received PUBLISH from esp32 (d0, q0, r0, m0, 'XP340/counter', ... (31 bytes))
2026-09-20T03:56:17: Sending PUBLISH to paho-client-01 (d0, q0, r0, m0, 'XP340/counter', ... (31 bytes))
2026-09-20T03:56:22: Received PUBLISH from esp32 (d0, q0, r0, m0, 'XP340/counter', ... (31 bytes))
2026-09-20T03:56:22: Sending PUBLISH to paho-client-01 (d0, q0, r0, m0, 'XP340/counter', ... (31 bytes))
2026-09-20T03:56:27: Received PUBLISH from esp32 (d0, q0, r0, m0, 'XP340/counter', ... (31 bytes))
2026-09-20T03:56:27: Sending PUBLISH to paho-client-01 (d0, q0, r0, m0, 'XP340/counter', ... (31 bytes))
2026-09-20T03:56:32: Received PUBLISH from esp32 (d0, q0, r0, m0, 'XP340/counter', ... (31 bytes))
2026-09-20T03:56:32: Sending PUBLISH to paho-client-01 (d0, q0, r0, m0, 'XP340/counter', ... (31 bytes))
2026-09-20T03:56:37: Received PUBLISH from esp32 (d0, q0, r0, m0, 'XP340/counter', ... (31 bytes))
2026-09-20T03:56:37: Sending PUBLISH to paho-client-01 (d0, q0, r0, m0, 'XP340/counter', ... (31 bytes))
2026-09-20T03:56:42: Received PUBLISH from esp32 (d0, q0, r0, m0, 'XP340/counter', ... (31 bytes))
2026-09-20T03:56:42: Sending PUBLISH to paho-client-01 (d0, q0, r0, m0, 'XP340/counter', ... (31 bytes))
2026-09-20T03:56:45: Received PINGREQ from paho-client-01
2026-09-20T03:56:45: Sending PINGRESP to paho-client-01
2026-09-20T03:56:47: Received PUBLISH from esp32 (d0, q0, r0, m0, 'XP340/counter', ... (31 bytes))
2026-09-20T03:56:47: Sending PUBLISH to paho-client-01 (d0, q0, r0, m0, 'XP340/counter', ... (31 bytes))
2026-09-20T03:56:52: Received PUBLISH from esp32 (d0, q0, r0, m0, 'XP340/counter', ... (31 bytes))
2026-09-20T03:56:52: Sending PUBLISH to paho-client-01 (d0, q0, r0, m0, 'XP340/counter', ... (31 bytes))
2026-09-20T03:56:57: Received PUBLISH from esp32 (d0, q0, r0, m0, 'XP340/counter', ... (31 bytes))
2026-09-20T03:56:57: Sending PUBLISH to paho-client-01 (d0, q0, r0, m0, 'XP340/counter', ... (31 bytes))
2026-09-20T03:57:02: Received PUBLISH from esp32 (d0, q0, r0, m0, 'XP340/counter', ... (31 bytes))
2026-09-20T03:57:02: Sending PUBLISH to paho-client-01 (d0, q0, r0, m0, 'XP340/counter', ... (31 bytes))
2026-09-20T03:57:07: Received PUBLISH from esp32 (d0, q0, r0, m0, 'XP340/counter', ... (31 bytes))
2026-09-20T03:57:07: Sending PUBLISH to paho-client-01 (d0, q0, r0, m0, 'XP340/counter', ... (31 bytes))
2026-09-20T03:57:12: Received PUBLISH from esp32 (d0, q0, r0, m0, 'XP340/counter', ... (31 bytes))
2026-09-20T03:57:12: Sending PUBLISH to paho-client-01 (d0, q0, r0, m0, 'XP340/counter', ... (31 bytes))
2026-09-20T03:57:17: Received PUBLISH from esp32 (d0, q0, r0, m0, 'XP340/counter', ... (31 bytes))
2026-09-20T03:57:17: Sending PUBLISH to paho-client-01 (d0, q0, r0, m0, 'XP340/counter', ... (31 bytes))
2026-09-20T03:57:22: Received PUBLISH from esp32 (d0, q0, r0, m0, 'XP340/counter', ... (31 bytes))
2026-09-20T03:57:22: Sending PUBLISH to paho-client-01 (d0, q0, r0, m0, 'XP340/counter', ... (31 bytes))
2026-09-20T03:57:27: Received PUBLISH from esp32 (d0, q0, r0, m0, 'XP340/counter', ... (31 bytes))
2026-09-20T03:57:27: Sending PUBLISH to paho-client-01 (d0, q0, r0, m0, 'XP340/counter', ... (31 bytes))
2026-09-20T03:57:32: Received PUBLISH from esp32 (d0, q0, r0, m0, 'XP340/counter', ... (31 bytes))
2026-09-20T03:57:32: Sending PUBLISH to paho-client-01 (d0, q0, r0, m0, 'XP340/counter', ... (31 bytes))
2026-09-20T03:57:37: Received PUBLISH from esp32 (d0, q0, r0, m0, 'XP340/counter', ... (31 bytes))
2026-09-20T03:57:37: Sending PUBLISH to paho-client-01 (d0, q0, r0, m0, 'XP340/counter', ... (31 bytes))
2026-09-20T03:57:42: Received PUBLISH from esp32 (d0, q0, r0, m0, 'XP340/counter', ... (31 bytes))
2026-09-20T03:57:42: Sending PUBLISH to paho-client-01 (d0, q0, r0, m0, 'XP340/counter', ... (31 bytes))
2026-09-20T03:57:45: Received PINGREQ from paho-client-01
2026-09-20T03:57:45: Sending PINGRESP to paho-client-01
2026-09-20T03:57:47: Received PUBLISH from esp32 (d0, q0, r0, m0, 'XP340/counter', ... (31 bytes))
2026-09-20T03:57:47: Sending PUBLISH to paho-client-01 (d0, q0, r0, m0, 'XP340/counter', ... (31 bytes))
2026-09-20T03:57:52: Received PUBLISH from esp32 (d0, q0, r0, m0, 'XP340/counter', ... (31 bytes))
2026-09-20T03:57:52: Sending PUBLISH to paho-client-01 (d0, q0, r0, m0, 'XP340/counter', ... (31 bytes))
2026-09-20T03:57:57: Received PUBLISH from esp32 (d0, q0, r0, m0, 'XP340/counter', ... (31 bytes))
2026-09-20T03:57:57: Sending PUBLISH to paho-client-01 (d0, q0, r0, m0, 'XP340/counter', ... (31 bytes))
2026-09-20T03:58:02: Received PUBLISH from esp32 (d0, q0, r0, m0, 'XP340/counter', ... (31 bytes))
2026-09-20T03:58:02: Sending PUBLISH to paho-client-01 (d0, q0, r0, m0, 'XP340/counter', ... (31 bytes))
2026-09-20T03:58:07: Received PUBLISH from esp32 (d0, q0, r0, m0, 'XP340/counter', ... (31 bytes))
2026-09-20T03:58:07: Sending PUBLISH to paho-client-01 (d0, q0, r0, m0, 'XP340/counter', ... (31 bytes))
2026-09-20T03:58:12: Received PUBLISH from esp32 (d0, q0, r0, m0, 'XP340/counter', ... (31 bytes))
2026-09-20T03:58:12: Sending PUBLISH to paho-client-01 (d0, q0, r0, m0, 'XP340/counter', ... (31 bytes))
2026-09-20T03:58:17: Received PUBLISH from esp32 (d0, q0, r0, m0, 'XP340/counter', ... (31 bytes))
2026-09-20T03:58:17: Sending PUBLISH to paho-client-01 (d0, q0, r0, m0, 'XP340/counter', ... (31 bytes))
2026-09-20T03:58:22: Received PUBLISH from esp32 (d0, q0, r0, m0, 'XP340/counter', ... (31 bytes))
2026-09-20T03:58:22: Sending PUBLISH to paho-client-01 (d0, q0, r0, m0, 'XP340/counter', ... (31 bytes))
2026-09-20T03:58:27: Received PUBLISH from esp32 (d0, q0, r0, m0, 'XP340/counter', ... (31 bytes))
2026-09-20T03:58:27: Sending PUBLISH to paho-client-01 (d0, q0, r0, m0, 'XP340/counter', ... (31 bytes))
2026-09-20T03:58:32: Received PUBLISH from esp32 (d0, q0, r0, m0, 'XP340/counter', ... (31 bytes))
2026-09-20T03:58:32: Sending PUBLISH to paho-client-01 (d0, q0, r0, m0, 'XP340/counter', ... (31 bytes))
2026-09-20T03:58:37: Received PUBLISH from esp32 (d0, q0, r0, m0, 'XP340/counter', ... (31 bytes))
2026-09-20T03:58:37: Sending PUBLISH to paho-client-01 (d0, q0, r0, m0, 'XP340/counter', ... (31 bytes))
2026-09-20T03:58:42: Received PUBLISH from esp32 (d0, q0, r0, m0, 'XP340/counter', ... (32 bytes))
2026-09-20T03:58:42: Sending PUBLISH to paho-client-01 (d0, q0, r0, m0, 'XP340/counter', ... (32 bytes))
2026-09-20T03:58:45: Received PINGREQ from paho-client-01
2026-09-20T03:58:45: Sending PINGRESP to paho-client-01
2026-09-20T03:58:47: Received PUBLISH from esp32 (d0, q0, r0, m0, 'XP340/counter', ... (32 bytes))
2026-09-20T03:58:47: Sending PUBLISH to paho-client-01 (d0, q0, r0, m0, 'XP340/counter', ... (32 bytes))
2026-09-20T03:58:52: Received PUBLISH from esp32 (d0, q0, r0, m0, 'XP340/counter', ... (32 bytes))
2026-09-20T03:58:52: Sending PUBLISH to paho-client-01 (d0, q0, r0, m0, 'XP340/counter', ... (32 bytes))
2026-09-20T03:58:57: Received PUBLISH from esp32 (d0, q0, r0, m0, 'XP340/counter', ... (32 bytes))
2026-09-20T03:58:57: Sending PUBLISH to paho-client-01 (d0, q0, r0, m0, 'XP340/counter', ... (32 bytes))
2026-09-20T03:59:02: Received PUBLISH from esp32 (d0, q0, r0, m0, 'XP340/counter', ... (32 bytes))
2026-09-20T03:59:02: Sending PUBLISH to paho-client-01 (d0, q0, r0, m0, 'XP340/counter', ... (32 bytes))
2026-09-20T03:59:07: Received PUBLISH from esp32 (d0, q0, r0, m0, 'XP340/counter', ... (32 bytes))
2026-09-20T03:59:07: Sending PUBLISH to paho-client-01 (d0, q0, r0, m0, 'XP340/counter', ... (32 bytes))
2026-09-20T03:59:12: Received PUBLISH from esp32 (d0, q0, r0, m0, 'XP340/counter', ... (32 bytes))
2026-09-20T03:59:12: Sending PUBLISH to paho-client-01 (d0, q0, r0, m0, 'XP340/counter', ... (32 bytes))
2026-09-20T03:59:17: Received PUBLISH from esp32 (d0, q0, r0, m0, 'XP340/counter', ... (32 bytes))
2026-09-20T03:59:17: Sending PUBLISH to paho-client-01 (d0, q0, r0, m0, 'XP340/counter', ... (32 bytes))
2026-09-20T03:59:22: Received PUBLISH from esp32 (d0, q0, r0, m0, 'XP340/counter', ... (32 bytes))
2026-09-20T03:59:22: Sending PUBLISH to paho-client-01 (d0, q0, r0, m0, 'XP340/counter', ... (32 bytes))
2026-09-20T03:59:27: Received PUBLISH from esp32 (d0, q0, r0, m0, 'XP340/counter', ... (32 bytes))
2026-09-20T03:59:27: Sending PUBLISH to paho-client-01 (d0, q0, r0, m0, 'XP340/counter', ... (32 bytes))
2026-09-20T03:59:32: Received PUBLISH from esp32 (d0, q0, r0, m0, 'XP340/counter', ... (32 bytes))
2026-09-20T03:59:32: Sending PUBLISH to paho-client-01 (d0, q0, r0, m0, 'XP340/counter', ... (32 bytes))
2026-09-20T03:59:37: Received PUBLISH from esp32 (d0, q0, r0, m0, 'XP340/counter', ... (32 bytes))
2026-09-20T03:59:37: Sending PUBLISH to paho-client-01 (d0, q0, r0, m0, 'XP340/counter', ... (32 bytes))
2026-09-20T03:59:42: Received PUBLISH from esp32 (d0, q0, r0, m0, 'XP340/counter', ... (32 bytes))
2026-09-20T03:59:42: Sending PUBLISH to paho-client-01 (d0, q0, r0, m0, 'XP340/counter', ... (32 bytes))
2026-09-20T03:59:45: Received PINGREQ from paho-client-01
2026-09-20T03:59:45: Sending PINGRESP to paho-client-01
2026-09-20T03:59:47: Received PUBLISH from esp32 (d0, q0, r0, m0, 'XP340/counter', ... (32 bytes))
2026-09-20T03:59:47: Sending PUBLISH to paho-client-01 (d0, q0, r0, m0, 'XP340/counter', ... (32 bytes))
2026-09-20T03:59:52: Received PUBLISH from esp32 (d0, q0, r0, m0, 'XP340/counter', ... (32 bytes))
2026-09-20T03:59:52: Sending PUBLISH to paho-client-01 (d0, q0, r0, m0, 'XP340/counter', ... (32 bytes))
2026-09-20T03:59:57: Received PUBLISH from esp32 (d0, q0, r0, m0, 'XP340/counter', ... (32 bytes))
2026-09-20T03:59:57: Sending PUBLISH to paho-client-01 (d0, q0, r0, m0, 'XP340/counter', ... (32 bytes))
2026-09-20T04:00:02: Received PUBLISH from esp32 (d0, q0, r0, m0, 'XP340/counter', ... (32 bytes))
2026-09-20T04:00:02: Sending PUBLISH to paho-client-01 (d0, q0, r0, m0, 'XP340/counter', ... (32 bytes))
2026-09-20T04:00:07: Received PUBLISH from esp32 (d0, q0, r0, m0, 'XP340/counter', ... (32 bytes))
2026-09-20T04:00:07: Sending PUBLISH to paho-client-01 (d0, q0, r0, m0, 'XP340/counter', ... (32 bytes))
2026-09-20T04:00:12: Received PUBLISH from esp32 (d0, q0, r0, m0, 'XP340/counter', ... (32 bytes))
2026-09-20T04:00:12: Sending PUBLISH to paho-client-01 (d0, q0, r0, m0, 'XP340/counter', ... (32 bytes))
2026-09-20T04:00:17: Received PUBLISH from esp32 (d0, q0, r0, m0, 'XP340/counter', ... (32 bytes))
2026-09-20T04:00:17: Sending PUBLISH to paho-client-01 (d0, q0, r0, m0, 'XP340/counter', ... (32 bytes))
2026-09-20T04:00:23: Received PUBLISH from esp32 (d0, q0, r0, m0, 'XP340/counter', ... (32 bytes))
2026-09-20T04:00:23: Sending PUBLISH to paho-client-01 (d0, q0, r0, m0, 'XP340/counter', ... (32 bytes))
2026-09-20T04:00:27: Received PUBLISH from esp32 (d0, q0, r0, m0, 'XP340/counter', ... (32 bytes))
2026-09-20T04:00:27: Sending PUBLISH to paho-client-01 (d0, q0, r0, m0, 'XP340/counter', ... (32 bytes))
2026-09-20T04:00:32: Received PUBLISH from esp32 (d0, q0, r0, m0, 'XP340/counter', ... (32 bytes))
2026-09-20T04:00:32: Sending PUBLISH to paho-client-01 (d0, q0, r0, m0, 'XP340/counter', ... (32 bytes))
2026-09-20T04:00:37: Received PUBLISH from esp32 (d0, q0, r0, m0, 'XP340/counter', ... (32 bytes))
2026-09-20T04:00:37: Sending PUBLISH to paho-client-01 (d0, q0, r0, m0, 'XP340/counter', ... (32 bytes))
2026-09-20T04:00:42: Received PUBLISH from esp32 (d0, q0, r0, m0, 'XP340/counter', ... (32 bytes))
2026-09-20T04:00:42: Sending PUBLISH to paho-client-01 (d0, q0, r0, m0, 'XP340/counter', ... (32 bytes))
2026-09-20T04:00:45: Received PINGREQ from paho-client-01
2026-09-20T04:00:45: Sending PINGRESP to paho-client-01
2026-09-20T04:00:47: Received PUBLISH from esp32 (d0, q0, r0, m0, 'XP340/counter', ... (32 bytes))
2026-09-20T04:00:47: Sending PUBLISH to paho-client-01 (d0, q0, r0, m0, 'XP340/counter', ... (32 bytes))
2026-09-20T04:00:52: Received PUBLISH from esp32 (d0, q0, r0, m0, 'XP340/counter', ... (32 bytes))
2026-09-20T04:00:52: Sending PUBLISH to paho-client-01 (d0, q0, r0, m0, 'XP340/counter', ... (32 bytes))
2026-09-20T04:00:57: Received PUBLISH from esp32 (d0, q0, r0, m0, 'XP340/counter', ... (32 bytes))
2026-09-20T04:00:57: Sending PUBLISH to paho-client-01 (d0, q0, r0, m0, 'XP340/counter', ... (32 bytes))
2026-09-20T04:01:03: Received PUBLISH from esp32 (d0, q0, r0, m0, 'XP340/counter', ... (32 bytes))
2026-09-20T04:01:03: Sending PUBLISH to paho-client-01 (d0, q0, r0, m0, 'XP340/counter', ... (32 bytes))
2026-09-20T04:01:08: Received PUBLISH from esp32 (d0, q0, r0, m0, 'XP340/counter', ... (32 bytes))
2026-09-20T04:01:08: Sending PUBLISH to paho-client-01 (d0, q0, r0, m0, 'XP340/counter', ... (32 bytes))
2026-09-20T04:01:12: Received PUBLISH from esp32 (d0, q0, r0, m0, 'XP340/counter', ... (32 bytes))
2026-09-20T04:01:12: Sending PUBLISH to paho-client-01 (d0, q0, r0, m0, 'XP340/counter', ... (32 bytes))
2026-09-20T04:01:17: Received PUBLISH from esp32 (d0, q0, r0, m0, 'XP340/counter', ... (32 bytes))
2026-09-20T04:01:17: Sending PUBLISH to paho-client-01 (d0, q0, r0, m0, 'XP340/counter', ... (32 bytes))
2026-09-20T04:01:23: Received PUBLISH from esp32 (d0, q0, r0, m0, 'XP340/counter', ... (32 bytes))
2026-09-20T04:01:23: Sending PUBLISH to paho-client-01 (d0, q0, r0, m0, 'XP340/counter', ... (32 bytes))
2026-09-20T04:01:28: Received PUBLISH from esp32 (d0, q0, r0, m0, 'XP340/counter', ... (32 bytes))
2026-09-20T04:01:28: Sending PUBLISH to paho-client-01 (d0, q0, r0, m0, 'XP340/counter', ... (32 bytes))
2026-09-20T04:01:33: Received PUBLISH from esp32 (d0, q0, r0, m0, 'XP340/counter', ... (32 bytes))
2026-09-20T04:01:33: Sending PUBLISH to paho-client-01 (d0, q0, r0, m0, 'XP340/counter', ... (32 bytes))
2026-09-20T04:01:38: Received PUBLISH from esp32 (d0, q0, r0, m0, 'XP340/counter', ... (32 bytes))
2026-09-20T04:01:38: Sending PUBLISH to paho-client-01 (d0, q0, r0, m0, 'XP340/counter', ... (32 bytes))
2026-09-20T04:01:43: Received PUBLISH from esp32 (d0, q0, r0, m0, 'XP340/counter', ... (32 bytes))
2026-09-20T04:01:43: Sending PUBLISH to paho-client-01 (d0, q0, r0, m0, 'XP340/counter', ... (32 bytes))
2026-09-20T04:01:46: Received PINGREQ from paho-client-01
2026-09-20T04:01:46: Sending PINGRESP to paho-client-01
2026-09-20T04:01:48: Received PUBLISH from esp32 (d0, q0, r0, m0, 'XP340/counter', ... (32 bytes))
2026-09-20T04:01:48: Sending PUBLISH to paho-client-01 (d0, q0, r0, m0, 'XP340/counter', ... (32 bytes))
2026-09-20T04:01:53: Received PUBLISH from esp32 (d0, q0, r0, m0, 'XP340/counter', ... (32 bytes))
2026-09-20T04:01:53: Sending PUBLISH to paho-client-01 (d0, q0, r0, m0, 'XP340/counter', ... (32 bytes))
2026-09-20T04:01:58: Received PUBLISH from esp32 (d0, q0, r0, m0, 'XP340/counter', ... (32 bytes))
2026-09-20T04:01:58: Sending PUBLISH to paho-client-01 (d0, q0, r0, m0, 'XP340/counter', ... (32 bytes))
2026-09-20T04:02:03: Received PUBLISH from esp32 (d0, q0, r0, m0, 'XP340/counter', ... (32 bytes))
2026-09-20T04:02:03: Sending PUBLISH to paho-client-01 (d0, q0, r0, m0, 'XP340/counter', ... (32 bytes))
2026-09-20T04:02:08: Received PUBLISH from esp32 (d0, q0, r0, m0, 'XP340/counter', ... (32 bytes))
2026-09-20T04:02:08: Sending PUBLISH to paho-client-01 (d0, q0, r0, m0, 'XP340/counter', ... (32 bytes))
2026-09-20T04:02:13: Received PUBLISH from esp32 (d0, q0, r0, m0, 'XP340/counter', ... (32 bytes))
2026-09-20T04:02:13: Sending PUBLISH to paho-client-01 (d0, q0, r0, m0, 'XP340/counter', ... (32 bytes))
2026-09-20T04:02:18: Received PUBLISH from esp32 (d0, q0, r0, m0, 'XP340/counter', ... (32 bytes))
2026-09-20T04:02:18: Sending PUBLISH to paho-client-01 (d0, q0, r0, m0, 'XP340/counter', ... (32 bytes))
2026-09-20T04:02:23: Received PUBLISH from esp32 (d0, q0, r0, m0, 'XP340/counter', ... (32 bytes))
2026-09-20T04:02:23: Sending PUBLISH to paho-client-01 (d0, q0, r0, m0, 'XP340/counter', ... (32 bytes))
2026-09-20T04:02:28: Received PUBLISH from esp32 (d0, q0, r0, m0, 'XP340/counter', ... (32 bytes))
2026-09-20T04:02:28: Sending PUBLISH to paho-client-01 (d0, q0, r0, m0, 'XP340/counter', ... (32 bytes))
2026-09-20T04:02:33: Received PUBLISH from esp32 (d0, q0, r0, m0, 'XP340/counter', ... (32 bytes))
2026-09-20T04:02:33: Sending PUBLISH to paho-client-01 (d0, q0, r0, m0, 'XP340/counter', ... (32 bytes))
2026-09-20T04:02:38: Received PUBLISH from esp32 (d0, q0, r0, m0, 'XP340/counter', ... (32 bytes))
2026-09-20T04:02:38: Sending PUBLISH to paho-client-01 (d0, q0, r0, m0, 'XP340/counter', ... (32 bytes))
2026-09-20T04:02:43: Received PUBLISH from esp32 (d0, q0, r0, m0, 'XP340/counter', ... (32 bytes))
2026-09-20T04:02:43: Sending PUBLISH to paho-client-01 (d0, q0, r0, m0, 'XP340/counter', ... (32 bytes))
2026-09-20T04:02:46: Received PINGREQ from paho-client-01
2026-09-20T04:02:46: Sending PINGRESP to paho-client-01
2026-09-20T04:02:48: Received PUBLISH from esp32 (d0, q0, r0, m0, 'XP340/counter', ... (32 bytes))
2026-09-20T04:02:48: Sending PUBLISH to paho-client-01 (d0, q0, r0, m0, 'XP340/counter', ... (32 bytes))
2026-09-20T04:02:53: Received PUBLISH from esp32 (d0, q0, r0, m0, 'XP340/counter', ... (32 bytes))
2026-09-20T04:02:53: Sending PUBLISH to paho-client-01 (d0, q0, r0, m0, 'XP340/counter', ... (32 bytes))
2026-09-20T04:02:58: Received PUBLISH from esp32 (d0, q0, r0, m0, 'XP340/counter', ... (32 bytes))
2026-09-20T04:02:58: Sending PUBLISH to paho-client-01 (d0, q0, r0, m0, 'XP340/counter', ... (32 bytes))
2026-09-20T04:03:03: Received PUBLISH from esp32 (d0, q0, r0, m0, 'XP340/counter', ... (32 bytes))
2026-09-20T04:03:03: Sending PUBLISH to paho-client-01 (d0, q0, r0, m0, 'XP340/counter', ... (32 bytes))
2026-09-20T04:03:10: Received PUBLISH from esp32 (d0, q0, r0, m0, 'XP340/counter', ... (32 bytes))
2026-09-20T04:03:10: Sending PUBLISH to paho-client-01 (d0, q0, r0, m0, 'XP340/counter', ... (32 bytes))
2026-09-20T04:03:13: Received PUBLISH from esp32 (d0, q0, r0, m0, 'XP340/counter', ... (32 bytes))
2026-09-20T04:03:13: Sending PUBLISH to paho-client-01 (d0, q0, r0, m0, 'XP340/counter', ... (32 bytes))
2026-09-20T04:03:20: mosquitto version 2.1.2 terminating
2026-09-20T04:03:20: Saving in-memory database to /mosquitto/data//mosquitto.db.
2026-09-20T04:05:10: mosquitto version 2.1.2 starting
2026-09-20T04:05:10: Config loaded from /mosquitto/config/mosquitto.conf.
2026-09-20T04:05:10: Bridge support available.
2026-09-20T04:05:10: Persistence support available.
2026-09-20T04:05:10: TLS support available.
2026-09-20T04:05:10: TLS-PSK support available.
2026-09-20T04:05:10: Websockets support available.
2026-09-20T04:05:10: Opening ipv4 listen socket on port 8883.
2026-09-20T04:05:10: Opening ipv6 listen socket on port 8883.
2026-09-20T04:05:10: mosquitto version 2.1.2 running
2026-09-20T04:05:11: New connection from 10.0.0.223:62494 on port 8883.
2026-09-20T04:05:12: Client esp32 [(null):0] disconnected: session taken over.
2026-09-20T04:05:12: New client connected from 10.0.0.223:62494 as esp32 (p4, c0, k60, u'ESP32-Sensor-01').
2026-09-20T04:05:12: No will message specified.
2026-09-20T04:05:12: Client esp32 negotiated TLSv1.2 cipher ECDHE-RSA-AES256-GCM-SHA384
2026-09-20T04:05:12: Sending CONNACK to esp32 (1, 0)
2026-09-20T04:05:13: Received PUBLISH from esp32 (d0, q0, r0, m0, 'XP340/counter', ... (32 bytes))
2026-09-20T04:05:24: Received PUBLISH from esp32 (d0, q0, r0, m0, 'XP340/counter', ... (32 bytes))
2026-09-20T04:05:24: Received PUBLISH from esp32 (d0, q0, r0, m0, 'XP340/counter', ... (32 bytes))
2026-09-20T04:05:28: Received PUBLISH from esp32 (d0, q0, r0, m0, 'XP340/counter', ... (32 bytes))
2026-09-20T04:05:39: Received PUBLISH from esp32 (d0, q0, r0, m0, 'XP340/counter', ... (32 bytes))
2026-09-20T04:05:39: Received PUBLISH from esp32 (d0, q0, r0, m0, 'XP340/counter', ... (32 bytes))
2026-09-20T04:05:43: Received PUBLISH from esp32 (d0, q0, r0, m0, 'XP340/counter', ... (32 bytes))
2026-09-20T04:05:54: Received PUBLISH from esp32 (d0, q0, r0, m0, 'XP340/counter', ... (32 bytes))
2026-09-20T04:05:54: Received PUBLISH from esp32 (d0, q0, r0, m0, 'XP340/counter', ... (32 bytes))
2026-09-20T04:05:58: Received PUBLISH from esp32 (d0, q0, r0, m0, 'XP340/counter', ... (32 bytes))
2026-09-20T04:06:09: Received PUBLISH from esp32 (d0, q0, r0, m0, 'XP340/counter', ... (32 bytes))
2026-09-20T04:06:09: Received PUBLISH from esp32 (d0, q0, r0, m0, 'XP340/counter', ... (32 bytes))
2026-09-20T04:06:13: Received PUBLISH from esp32 (d0, q0, r0, m0, 'XP340/counter', ... (32 bytes))
2026-09-20T04:06:19: mosquitto version 2.1.2 terminating
2026-09-20T04:06:19: Saving in-memory database to /mosquitto/data//mosquitto.db.
2026-09-20T04:07:29: mosquitto version 2.1.2 starting
2026-09-20T04:07:29: Config loaded from /mosquitto/config/mosquitto.conf.
2026-09-20T04:07:29: Bridge support available.
2026-09-20T04:07:29: Persistence support available.
2026-09-20T04:07:29: TLS support available.
2026-09-20T04:07:29: TLS-PSK support available.
2026-09-20T04:07:29: Websockets support available.
2026-09-20T04:07:29: Opening ipv4 listen socket on port 8883.
2026-09-20T04:07:29: Opening ipv6 listen socket on port 8883.
2026-09-20T04:07:29: mosquitto version 2.1.2 running
2026-09-20T04:07:31: New connection from 10.0.0.223:62515 on port 8883.
2026-09-20T04:07:32: Client esp32 [(null):0] disconnected: session taken over.
2026-09-20T04:07:32: New client connected from 10.0.0.223:62515 as esp32 (p4, c0, k60, u'ESP32-Sensor-01').
2026-09-20T04:07:32: No will message specified.
2026-09-20T04:07:32: Client esp32 negotiated TLSv1.2 cipher ECDHE-RSA-AES256-GCM-SHA384
2026-09-20T04:07:32: Sending CONNACK to esp32 (1, 0)
2026-09-20T04:07:39: Received PUBLISH from esp32 (d0, q0, r0, m0, 'XP340/counter', ... (32 bytes))
2026-09-20T04:07:39: Received PUBLISH from esp32 (d0, q0, r0, m0, 'XP340/counter', ... (32 bytes))
2026-09-20T04:07:43: Received PUBLISH from esp32 (d0, q0, r0, m0, 'XP340/counter', ... (32 bytes))
2026-09-20T04:07:48: Received PUBLISH from esp32 (d0, q0, r0, m0, 'XP340/counter', ... (32 bytes))
2026-09-20T04:07:54: Received PUBLISH from esp32 (d0, q0, r0, m0, 'XP340/counter', ... (32 bytes))
2026-09-20T04:07:57: Received PUBLISH from esp32 (d0, q0, r0, m0, 'XP340/counter', ... (32 bytes))
2026-09-20T04:08:09: Received PUBLISH from esp32 (d0, q0, r0, m0, 'XP340/counter', ... (32 bytes))
2026-09-20T04:08:09: Received PUBLISH from esp32 (d0, q0, r0, m0, 'XP340/counter', ... (32 bytes))
2026-09-20T04:08:12: Received PUBLISH from esp32 (d0, q0, r0, m0, 'XP340/counter', ... (32 bytes))
2026-09-20T04:08:17: Received PUBLISH from esp32 (d0, q0, r0, m0, 'XP340/counter', ... (32 bytes))
2026-09-20T04:08:24: Received PUBLISH from esp32 (d0, q0, r0, m0, 'XP340/counter', ... (32 bytes))
2026-09-20T04:08:27: mosquitto version 2.1.2 terminating
2026-09-20T04:08:27: Saving in-memory database to /mosquitto/data//mosquitto.db.
2026-09-20T04:09:26: mosquitto version 2.1.2 starting
2026-09-20T04:09:26: Config loaded from /mosquitto/config/mosquitto.conf.
2026-09-20T04:09:26: Bridge support available.
2026-09-20T04:09:26: Persistence support available.
2026-09-20T04:09:26: TLS support available.
2026-09-20T04:09:26: TLS-PSK support available.
2026-09-20T04:09:26: Websockets support available.
2026-09-20T04:09:26: Opening ipv4 listen socket on port 8883.
2026-09-20T04:09:26: Opening ipv6 listen socket on port 8883.
2026-09-20T04:09:26: mosquitto version 2.1.2 running
2026-09-20T04:09:28: New connection from 10.0.0.223:62536 on port 8883.
2026-09-20T04:09:29: Client esp32 [(null):0] disconnected: session taken over.
2026-09-20T04:09:29: New client connected from 10.0.0.223:62536 as esp32 (p4, c0, k60, u'ESP32-Sensor-01').
2026-09-20T04:09:29: No will message specified.
2026-09-20T04:09:29: Client esp32 negotiated TLSv1.2 cipher ECDHE-RSA-AES256-GCM-SHA384
2026-09-20T04:09:29: Sending CONNACK to esp32 (1, 0)
2026-09-20T04:09:29: Received PUBLISH from esp32 (d0, q0, r0, m0, 'XP340/counter', ... (32 bytes))
2026-09-20T04:09:33: New connection from 172.18.0.3:51717 on port 8883.
2026-09-20T04:09:33: New client connected from 172.18.0.3:51717 as paho-client-01 (p4, c1, k60, u'Paho-Client').
2026-09-20T04:09:33: No will message specified.
2026-09-20T04:09:33: Client paho-client-01 negotiated TLSv1.3 cipher TLS_AES_256_GCM_SHA384
2026-09-20T04:09:33: Sending CONNACK to paho-client-01 (0, 0)
2026-09-20T04:09:33: Received SUBSCRIBE from paho-client-01
2026-09-20T04:09:33: 	XP340/counter (QoS 0)
2026-09-20T04:09:33: paho-client-01 0 XP340/counter
2026-09-20T04:09:33: 	XP340/Q_00 (QoS 0)
2026-09-20T04:09:33: paho-client-01 0 XP340/Q_00
2026-09-20T04:09:33: 	XP340/Q_01 (QoS 0)
2026-09-20T04:09:33: paho-client-01 0 XP340/Q_01
2026-09-20T04:09:33: Sending SUBACK to paho-client-01
2026-09-20T04:09:39: Received PUBLISH from esp32 (d0, q0, r0, m0, 'XP340/counter', ... (32 bytes))
2026-09-20T04:09:39: Sending PUBLISH to paho-client-01 (d0, q0, r0, m0, 'XP340/counter', ... (32 bytes))
2026-09-20T04:09:39: Received PUBLISH from esp32 (d0, q0, r0, m0, 'XP340/counter', ... (32 bytes))
2026-09-20T04:09:39: Sending PUBLISH to paho-client-01 (d0, q0, r0, m0, 'XP340/counter', ... (32 bytes))
2026-09-20T04:09:44: OpenSSL Error while trying to get the error[0]: error:0A000126:SSL routines::unexpected eof while reading
2026-09-20T04:09:44: Client esp32 [10.0.0.223:62536] disconnected: connection closed by client.
2026-09-20T04:09:46: New connection from 10.0.0.223:62537 on port 8883.
2026-09-20T04:09:49: Received PUBLISH from paho-client-01 (d0, q0, r0, m0, 'XP340/I_00', ... (2 bytes))
2026-09-20T04:09:54: Client esp32 [10.0.0.223:62536] disconnected: session taken over.
2026-09-20T04:09:54: New client connected from 10.0.0.223:62537 as esp32 (p4, c1, k60, u'ESP32-Sensor-01').
2026-09-20T04:09:54: No will message specified.
2026-09-20T04:09:54: Client esp32 negotiated TLSv1.2 cipher ECDHE-RSA-AES256-GCM-SHA384
2026-09-20T04:09:54: Sending CONNACK to esp32 (0, 0)
2026-09-20T04:09:54: Received SUBSCRIBE from esp32
2026-09-20T04:09:54: 	XP340/I_00 (QoS 0)
2026-09-20T04:09:54: esp32 0 XP340/I_00
2026-09-20T04:09:54: Sending SUBACK to esp32
2026-09-20T04:09:54: Received SUBSCRIBE from esp32
2026-09-20T04:09:54: 	XP340/I_01 (QoS 0)
2026-09-20T04:09:54: esp32 0 XP340/I_01
2026-09-20T04:09:54: Sending SUBACK to esp32
2026-09-20T04:09:55: Received PUBLISH from esp32 (d0, q0, r0, m0, 'XP340/counter', ... (30 bytes))
2026-09-20T04:09:55: Sending PUBLISH to paho-client-01 (d0, q0, r0, m0, 'XP340/counter', ... (30 bytes))
2026-09-20T04:09:56: Received PUBLISH from paho-client-01 (d0, q0, r0, m0, 'XP340/I_00', ... (3 bytes))
2026-09-20T04:09:56: Sending PUBLISH to esp32 (d0, q0, r0, m0, 'XP340/I_00', ... (3 bytes))
2026-09-20T04:09:56: Received PUBLISH from esp32 (d0, q0, r0, m0, 'XP340/Q_00', ... (3 bytes))
2026-09-20T04:09:56: Sending PUBLISH to paho-client-01 (d0, q0, r0, m0, 'XP340/Q_00', ... (3 bytes))
2026-09-20T04:09:59: Received PUBLISH from esp32 (d0, q0, r0, m0, 'XP340/counter', ... (30 bytes))
2026-09-20T04:09:59: Sending PUBLISH to paho-client-01 (d0, q0, r0, m0, 'XP340/counter', ... (30 bytes))
2026-09-20T04:10:00: Received PUBLISH from paho-client-01 (d0, q0, r0, m0, 'XP340/I_00', ... (2 bytes))
2026-09-20T04:10:00: Sending PUBLISH to esp32 (d0, q0, r0, m0, 'XP340/I_00', ... (2 bytes))
2026-09-20T04:10:00: Received PUBLISH from esp32 (d0, q0, r0, m0, 'XP340/Q_00', ... (2 bytes))
2026-09-20T04:10:00: Sending PUBLISH to paho-client-01 (d0, q0, r0, m0, 'XP340/Q_00', ... (2 bytes))
2026-09-20T04:10:03: Received PUBLISH from paho-client-01 (d0, q0, r0, m0, 'XP340/I_00', ... (3 bytes))
2026-09-20T04:10:03: Sending PUBLISH to esp32 (d0, q0, r0, m0, 'XP340/I_00', ... (3 bytes))
2026-09-20T04:10:03: Received PUBLISH from esp32 (d0, q0, r0, m0, 'XP340/Q_00', ... (3 bytes))
2026-09-20T04:10:03: Sending PUBLISH to paho-client-01 (d0, q0, r0, m0, 'XP340/Q_00', ... (3 bytes))
2026-09-20T04:10:09: Received PUBLISH from esp32 (d0, q0, r0, m0, 'XP340/counter', ... (30 bytes))
2026-09-20T04:10:09: Sending PUBLISH to paho-client-01 (d0, q0, r0, m0, 'XP340/counter', ... (30 bytes))
2026-09-20T04:10:34: Received PINGREQ from paho-client-01
2026-09-20T04:10:34: Sending PINGRESP to paho-client-01
2026-09-20T04:11:29: OpenSSL Error while trying to get the error[0]: error:0A000126:SSL routines::unexpected eof while reading
2026-09-20T04:11:29: Client paho-client-01 [172.18.0.3:51717] disconnected: connection closed by client.
2026-09-20T04:11:29: mosquitto version 2.1.2 terminating
2026-09-20T04:11:29: Saving in-memory database to /mosquitto/data//mosquitto.db.
